case,category,engine,throughput_unit,throughput_per_second,throughput_min_per_second,throughput_max_per_second,read_ops_per_second,write_tx_per_second,mutation_ops_per_second,query_rows_per_second,p50_us,p95_us,p99_us,read_p50_us,read_p95_us,read_p99_us,write_p50_us,write_p95_us,write_p99_us,cpu_utilization_percent_machine,errors,conflicts,retries,overloads,wal_syncs,transactions_per_sync,wal_bytes,candidate_main_ratio,repetitions,source_sha,binary_sha256,raw_artifacts
P1-get-c1,product-core,main-btree,ops/s,929567.646776,928035.60161,930060.240546,929567.646776,0.0,0.0,0.0,0.92,1.121,1.32,0.92,1.12,1.32,0.0,0.0,0.0,49.877418,0,0,,0,0,0.0,0,,3,f893a0052963bc103533e276ece687b0ecaa6d1c,9dbba45e244b4c823afbfe1b7c1ba0a4c501010de7ad51bacab31cdf9d702bcb,oci-a1-2ocpu-12g-zfs-product-baseline-f893a005-p1-p4/raw/P1-get-c1-main-btree-rep1.jsonl;oci-a1-2ocpu-12g-zfs-product-baseline-f893a005-p1-p4/raw/P1-get-c1-main-btree-rep2.jsonl;oci-a1-2ocpu-12g-zfs-product-baseline-f893a005-p1-p4/raw/P1-get-c1-main-btree-rep3.jsonl
P1-get-c1,product-core,parallel-blink,ops/s,996165.597861,969076.167962,999117.938963,996165.597861,0.0,0.0,0.0,0.84,1.08,1.24,0.84,1.08,1.24,0.0,0.0,0.0,49.773877,0,0,,0,0,0.0,0,1.0716440070994082,3,f893a0052963bc103533e276ece687b0ecaa6d1c,9dbba45e244b4c823afbfe1b7c1ba0a4c501010de7ad51bacab31cdf9d702bcb,oci-a1-2ocpu-12g-zfs-product-baseline-f893a005-p1-p4/raw/P1-get-c1-parallel-blink-rep1.jsonl;oci-a1-2ocpu-12g-zfs-product-baseline-f893a005-p1-p4/raw/P1-get-c1-parallel-blink-rep2.jsonl;oci-a1-2ocpu-12g-zfs-product-baseline-f893a005-p1-p4/raw/P1-get-c1-parallel-blink-rep3.jsonl
P1-get-c1,product-core,rocksdb,ops/s,631358.7542241963,616093.3699939562,649151.4862114933,631358.7542241963,631358.7542241963,0.0,0.0,1.3599999999999999,1.76,2.0,1.3599999999999999,1.76,2.0,0.0,0.0,0.0,49.59965073909935,0,0,0,,,,,,3,f893a0052963bc103533e276ece687b0ecaa6d1c,8f94708c5b330828f330f0a2aed9e519e37bb3e68f49c378839e653783dd20be,oci-a1-2ocpu-12g-zfs-product-baseline-f893a005-p1-p4/raw/P1-get-c1-rocksdb-rep1.jsonl;oci-a1-2ocpu-12g-zfs-product-baseline-f893a005-p1-p4/raw/P1-get-c1-rocksdb-rep2.jsonl;oci-a1-2ocpu-12g-zfs-product-baseline-f893a005-p1-p4/raw/P1-get-c1-rocksdb-rep3.jsonl
P1-get-c1,product-core,sqlite-wal,ops/s,125536.36633809842,124903.02442716011,125612.24926583104,125536.36633809842,125536.36633809842,0.0,0.0,7.6,8.120000000000001,8.760000000000002,7.6,8.120000000000001,8.760000000000002,0.0,0.0,0.0,49.79969077380011,0,0,0,,,,,,3,f893a0052963bc103533e276ece687b0ecaa6d1c,161b202850e2e9921a7403d73f69407e495e0afbc0943b9180c7c3ed7a694239,oci-a1-2ocpu-12g-zfs-product-baseline-f893a005-p1-p4/raw/P1-get-c1-sqlite-wal-rep1.jsonl;oci-a1-2ocpu-12g-zfs-product-baseline-f893a005-p1-p4/raw/P1-get-c1-sqlite-wal-rep2.jsonl;oci-a1-2ocpu-12g-zfs-product-baseline-f893a005-p1-p4/raw/P1-get-c1-sqlite-wal-rep3.jsonl
P1-get-c1,product-core,turso-mvcc,ops/s,30401.239927714298,29885.94596945926,30824.198163150428,30401.239927714298,30401.239927714298,0.0,0.0,31.88,35.32,59.72,31.88,35.32,59.72,0.0,0.0,0.0,49.79957670359802,0,0,0,,,,,,3,f893a0052963bc103533e276ece687b0ecaa6d1c,82e7966ab5a33d19d12280253c3b8251cd426218272650b41fdf5d7e798a28ab,oci-a1-2ocpu-12g-zfs-product-baseline-turso-0.8.2-pre.2-p1-p4-f893a005/raw/P1-get-c1-turso-mvcc-rep1.jsonl;oci-a1-2ocpu-12g-zfs-product-baseline-turso-0.8.2-pre.2-p1-p4-f893a005/raw/P1-get-c1-turso-mvcc-rep2.jsonl;oci-a1-2ocpu-12g-zfs-product-baseline-turso-0.8.2-pre.2-p1-p4-f893a005/raw/P1-get-c1-turso-mvcc-rep3.jsonl
P1-get-c1,product-core,turso-wal,ops/s,44511.06723526135,43218.50851912112,45519.14527486305,44511.06723526135,44511.06723526135,0.0,0.0,21.759999999999998,23.16,42.519999999999996,21.759999999999998,23.16,42.519999999999996,0.0,0.0,0.0,49.79943368084019,0,0,0,,,,,,3,f893a0052963bc103533e276ece687b0ecaa6d1c,82e7966ab5a33d19d12280253c3b8251cd426218272650b41fdf5d7e798a28ab,oci-a1-2ocpu-12g-zfs-product-baseline-turso-0.8.2-pre.2-p1-p4-f893a005/raw/P1-get-c1-turso-wal-rep1.jsonl;oci-a1-2ocpu-12g-zfs-product-baseline-turso-0.8.2-pre.2-p1-p4-f893a005/raw/P1-get-c1-turso-wal-rep2.jsonl;oci-a1-2ocpu-12g-zfs-product-baseline-turso-0.8.2-pre.2-p1-p4-f893a005/raw/P1-get-c1-turso-wal-rep3.jsonl
P1-get-c16,product-core,main-btree,ops/s,1467231.399129,1441479.329058,1470226.878839,1467231.399129,0.0,0.0,0.0,1.16,1.52,1.72,1.16,1.52,1.72,0.0,0.0,0.0,98.132988,0,0,,0,0,0.0,0,,3,f893a0052963bc103533e276ece687b0ecaa6d1c,9dbba45e244b4c823afbfe1b7c1ba0a4c501010de7ad51bacab31cdf9d702bcb,oci-a1-2ocpu-12g-zfs-product-baseline-f893a005-p1-p4/raw/P1-get-c16-main-btree-rep1.jsonl;oci-a1-2ocpu-12g-zfs-product-baseline-f893a005-p1-p4/raw/P1-get-c16-main-btree-rep2.jsonl;oci-a1-2ocpu-12g-zfs-product-baseline-f893a005-p1-p4/raw/P1-get-c16-main-btree-rep3.jsonl
P1-get-c16,product-core,parallel-blink,ops/s,1136862.24799,1086326.931486,1144855.496854,1136862.24799,0.0,0.0,0.0,1.56,1.96,2.2,1.56,1.96,2.2,0.0,0.0,0.0,97.337759,0,0,,0,0,0.0,0,0.7748350046658498,3,f893a0052963bc103533e276ece687b0ecaa6d1c,9dbba45e244b4c823afbfe1b7c1ba0a4c501010de7ad51bacab31cdf9d702bcb,oci-a1-2ocpu-12g-zfs-product-baseline-f893a005-p1-p4/raw/P1-get-c16-parallel-blink-rep1.jsonl;oci-a1-2ocpu-12g-zfs-product-baseline-f893a005-p1-p4/raw/P1-get-c16-parallel-blink-rep2.jsonl;oci-a1-2ocpu-12g-zfs-product-baseline-f893a005-p1-p4/raw/P1-get-c16-parallel-blink-rep3.jsonl
P1-get-c16,product-core,rocksdb,ops/s,1255625.09805308,1227837.482295044,1271407.6760014289,1255625.09805308,1255625.09805308,0.0,0.0,1.32,1.8399999999999999,2.24,1.32,1.8399999999999999,2.24,0.0,0.0,0.0,99.07696704245602,0,0,0,,,,,,3,f893a0052963bc103533e276ece687b0ecaa6d1c,8f94708c5b330828f330f0a2aed9e519e37bb3e68f49c378839e653783dd20be,oci-a1-2ocpu-12g-zfs-product-baseline-f893a005-p1-p4/raw/P1-get-c16-rocksdb-rep1.jsonl;oci-a1-2ocpu-12g-zfs-product-baseline-f893a005-p1-p4/raw/P1-get-c16-rocksdb-rep2.jsonl;oci-a1-2ocpu-12g-zfs-product-baseline-f893a005-p1-p4/raw/P1-get-c16-rocksdb-rep3.jsonl
P1-get-c16,product-core,sqlite-wal,ops/s,194015.05064446534,190789.67518202838,196590.48599188373,194015.05064446534,194015.05064446534,0.0,0.0,9.24,18.161,2075.538,9.24,18.161,2075.538,0.0,0.0,0.0,98.08038596287946,0,0,0,,,,,,3,f893a0052963bc103533e276ece687b0ecaa6d1c,161b202850e2e9921a7403d73f69407e495e0afbc0943b9180c7c3ed7a694239,oci-a1-2ocpu-12g-zfs-product-baseline-f893a005-p1-p4/raw/P1-get-c16-sqlite-wal-rep1.jsonl;oci-a1-2ocpu-12g-zfs-product-baseline-f893a005-p1-p4/raw/P1-get-c16-sqlite-wal-rep2.jsonl;oci-a1-2ocpu-12g-zfs-product-baseline-f893a005-p1-p4/raw/P1-get-c16-sqlite-wal-rep3.jsonl
P1-get-c16,product-core,turso-mvcc,ops/s,44844.62398685418,43792.10116093229,45113.15888449891,44844.62398685418,44844.62398685418,0.0,0.0,39.8,65.72,16075.217999999999,39.8,65.72,16075.217999999999,0.0,0.0,0.0,99.11648532169302,0,0,0,,,,,,3,f893a0052963bc103533e276ece687b0ecaa6d1c,82e7966ab5a33d19d12280253c3b8251cd426218272650b41fdf5d7e798a28ab,oci-a1-2ocpu-12g-zfs-product-baseline-turso-0.8.2-pre.2-p1-p4-f893a005/raw/P1-get-c16-turso-mvcc-rep1.jsonl;oci-a1-2ocpu-12g-zfs-product-baseline-turso-0.8.2-pre.2-p1-p4-f893a005/raw/P1-get-c16-turso-mvcc-rep2.jsonl;oci-a1-2ocpu-12g-zfs-product-baseline-turso-0.8.2-pre.2-p1-p4-f893a005/raw/P1-get-c16-turso-mvcc-rep3.jsonl
P1-get-c16,product-core,turso-wal,ops/s,69286.97382483765,68907.08827278373,69837.53733175044,69286.97382483765,69286.97382483765,0.0,0.0,24.84,30.639999999999997,69.721,24.84,30.639999999999997,69.721,0.0,0.0,0.0,98.9131653586549,0,0,0,,,,,,3,f893a0052963bc103533e276ece687b0ecaa6d1c,82e7966ab5a33d19d12280253c3b8251cd426218272650b41fdf5d7e798a28ab,oci-a1-2ocpu-12g-zfs-product-baseline-turso-0.8.2-pre.2-p1-p4-f893a005/raw/P1-get-c16-turso-wal-rep1.jsonl;oci-a1-2ocpu-12g-zfs-product-baseline-turso-0.8.2-pre.2-p1-p4-f893a005/raw/P1-get-c16-turso-wal-rep2.jsonl;oci-a1-2ocpu-12g-zfs-product-baseline-turso-0.8.2-pre.2-p1-p4-f893a005/raw/P1-get-c16-turso-wal-rep3.jsonl
P1-get-c4,product-core,main-btree,ops/s,1421197.847669,1415573.39806,1499691.94563,1421197.847669,0.0,0.0,0.0,1.2,1.52,1.72,1.2,1.52,1.72,0.0,0.0,0.0,98.424048,0,0,,0,0,0.0,0,,3,f893a0052963bc103533e276ece687b0ecaa6d1c,9dbba45e244b4c823afbfe1b7c1ba0a4c501010de7ad51bacab31cdf9d702bcb,oci-a1-2ocpu-12g-zfs-product-baseline-f893a005-p1-p4/raw/P1-get-c4-main-btree-rep1.jsonl;oci-a1-2ocpu-12g-zfs-product-baseline-f893a005-p1-p4/raw/P1-get-c4-main-btree-rep2.jsonl;oci-a1-2ocpu-12g-zfs-product-baseline-f893a005-p1-p4/raw/P1-get-c4-main-btree-rep3.jsonl
P1-get-c4,product-core,parallel-blink,ops/s,1142700.881587,1125286.739356,1157172.977102,1142700.881587,0.0,0.0,0.0,1.56,2.0,2.2,1.56,2.0,2.2,0.0,0.0,0.0,98.844018,0,0,,0,0,0.0,0,0.8040406784046422,3,f893a0052963bc103533e276ece687b0ecaa6d1c,9dbba45e244b4c823afbfe1b7c1ba0a4c501010de7ad51bacab31cdf9d702bcb,oci-a1-2ocpu-12g-zfs-product-baseline-f893a005-p1-p4/raw/P1-get-c4-parallel-blink-rep1.jsonl;oci-a1-2ocpu-12g-zfs-product-baseline-f893a005-p1-p4/raw/P1-get-c4-parallel-blink-rep2.jsonl;oci-a1-2ocpu-12g-zfs-product-baseline-f893a005-p1-p4/raw/P1-get-c4-parallel-blink-rep3.jsonl
P1-get-c4,product-core,rocksdb,ops/s,1234849.773799392,1231190.64184434,1256967.4507006297,1234849.773799392,1234849.773799392,0.0,0.0,1.3599999999999999,1.88,2.24,1.3599999999999999,1.88,2.24,0.0,0.0,0.0,99.09123060445572,0,0,0,,,,,,3,f893a0052963bc103533e276ece687b0ecaa6d1c,8f94708c5b330828f330f0a2aed9e519e37bb3e68f49c378839e653783dd20be,oci-a1-2ocpu-12g-zfs-product-baseline-f893a005-p1-p4/raw/P1-get-c4-rocksdb-rep1.jsonl;oci-a1-2ocpu-12g-zfs-product-baseline-f893a005-p1-p4/raw/P1-get-c4-rocksdb-rep2.jsonl;oci-a1-2ocpu-12g-zfs-product-baseline-f893a005-p1-p4/raw/P1-get-c4-rocksdb-rep3.jsonl
P1-get-c4,product-core,sqlite-wal,ops/s,223418.8087173592,216819.6704433782,229016.35243441048,223418.8087173592,223418.8087173592,0.0,0.0,8.16,10.4,28.799999999999997,8.16,10.4,28.841,0.0,0.0,0.0,97.399219092021,0,0,0,,,,,,3,f893a0052963bc103533e276ece687b0ecaa6d1c,161b202850e2e9921a7403d73f69407e495e0afbc0943b9180c7c3ed7a694239,oci-a1-2ocpu-12g-zfs-product-baseline-f893a005-p1-p4/raw/P1-get-c4-sqlite-wal-rep1.jsonl;oci-a1-2ocpu-12g-zfs-product-baseline-f893a005-p1-p4/raw/P1-get-c4-sqlite-wal-rep2.jsonl;oci-a1-2ocpu-12g-zfs-product-baseline-f893a005-p1-p4/raw/P1-get-c4-sqlite-wal-rep3.jsonl
P1-get-c4,product-core,turso-mvcc,ops/s,48497.77343959989,48274.637907899014,50190.46336166659,48497.77343959989,48497.77343959989,0.0,0.0,38.92,49.761,1097.489,38.92,49.761,1097.489,0.0,0.0,0.0,98.78984551032782,0,0,0,,,,,,3,f893a0052963bc103533e276ece687b0ecaa6d1c,82e7966ab5a33d19d12280253c3b8251cd426218272650b41fdf5d7e798a28ab,oci-a1-2ocpu-12g-zfs-product-baseline-turso-0.8.2-pre.2-p1-p4-f893a005/raw/P1-get-c4-turso-mvcc-rep1.jsonl;oci-a1-2ocpu-12g-zfs-product-baseline-turso-0.8.2-pre.2-p1-p4-f893a005/raw/P1-get-c4-turso-mvcc-rep2.jsonl;oci-a1-2ocpu-12g-zfs-product-baseline-turso-0.8.2-pre.2-p1-p4-f893a005/raw/P1-get-c4-turso-mvcc-rep3.jsonl
P1-get-c4,product-core,turso-wal,ops/s,79520.9285565183,75030.72608893386,79787.43007263762,79520.9285565183,79520.9285565183,0.0,0.0,23.72,26.720000000000002,57.720000000000006,23.72,26.720000000000002,57.720000000000006,0.0,0.0,0.0,99.18369644185651,0,0,0,,,,,,3,f893a0052963bc103533e276ece687b0ecaa6d1c,82e7966ab5a33d19d12280253c3b8251cd426218272650b41fdf5d7e798a28ab,oci-a1-2ocpu-12g-zfs-product-baseline-turso-0.8.2-pre.2-p1-p4-f893a005/raw/P1-get-c4-turso-wal-rep1.jsonl;oci-a1-2ocpu-12g-zfs-product-baseline-turso-0.8.2-pre.2-p1-p4-f893a005/raw/P1-get-c4-turso-wal-rep2.jsonl;oci-a1-2ocpu-12g-zfs-product-baseline-turso-0.8.2-pre.2-p1-p4-f893a005/raw/P1-get-c4-turso-wal-rep3.jsonl
P1-get-c64,product-core,main-btree,ops/s,1477199.635252,1441666.482956,1485940.089304,1477199.635252,0.0,0.0,0.0,1.2,1.48,1.68,1.2,1.48,1.68,0.0,0.0,0.0,98.536976,0,0,,0,0,0.0,0,,3,f893a0052963bc103533e276ece687b0ecaa6d1c,9dbba45e244b4c823afbfe1b7c1ba0a4c501010de7ad51bacab31cdf9d702bcb,oci-a1-2ocpu-12g-zfs-product-baseline-f893a005-p1-p4/raw/P1-get-c64-main-btree-rep1.jsonl;oci-a1-2ocpu-12g-zfs-product-baseline-f893a005-p1-p4/raw/P1-get-c64-main-btree-rep2.jsonl;oci-a1-2ocpu-12g-zfs-product-baseline-f893a005-p1-p4/raw/P1-get-c64-main-btree-rep3.jsonl
P1-get-c64,product-core,parallel-blink,ops/s,1154202.240638,1126815.351039,1189035.655388,1154202.240638,0.0,0.0,0.0,1.56,1.92,2.16,1.56,1.92,2.16,0.0,0.0,0.0,98.242439,0,0,,0,0,0.0,0,0.7813447912482736,3,f893a0052963bc103533e276ece687b0ecaa6d1c,9dbba45e244b4c823afbfe1b7c1ba0a4c501010de7ad51bacab31cdf9d702bcb,oci-a1-2ocpu-12g-zfs-product-baseline-f893a005-p1-p4/raw/P1-get-c64-parallel-blink-rep1.jsonl;oci-a1-2ocpu-12g-zfs-product-baseline-f893a005-p1-p4/raw/P1-get-c64-parallel-blink-rep2.jsonl;oci-a1-2ocpu-12g-zfs-product-baseline-f893a005-p1-p4/raw/P1-get-c64-parallel-blink-rep3.jsonl
P1-get-c64,product-core,rocksdb,ops/s,1249684.3243182208,1196351.0281274235,1263403.3468200462,1249684.3243182208,1249684.3243182208,0.0,0.0,1.32,1.7999999999999998,2.16,1.32,1.7999999999999998,2.161,0.0,0.0,0.0,98.13473341508595,0,0,0,,,,,,3,f893a0052963bc103533e276ece687b0ecaa6d1c,8f94708c5b330828f330f0a2aed9e519e37bb3e68f49c378839e653783dd20be,oci-a1-2ocpu-12g-zfs-product-baseline-f893a005-p1-p4/raw/P1-get-c64-rocksdb-rep1.jsonl;oci-a1-2ocpu-12g-zfs-product-baseline-f893a005-p1-p4/raw/P1-get-c64-rocksdb-rep2.jsonl;oci-a1-2ocpu-12g-zfs-product-baseline-f893a005-p1-p4/raw/P1-get-c64-rocksdb-rep3.jsonl
P1-get-c64,product-core,sqlite-wal,ops/s,150587.15216103278,145965.59226845662,154008.77858017024,150587.15216103278,150587.15216103278,0.0,0.0,11.52,2757.9840000000004,6283.5740000000005,11.52,2757.9840000000004,6283.5740000000005,0.0,0.0,0.0,99.08733479558869,0,0,0,,,,,,3,f893a0052963bc103533e276ece687b0ecaa6d1c,161b202850e2e9921a7403d73f69407e495e0afbc0943b9180c7c3ed7a694239,oci-a1-2ocpu-12g-zfs-product-baseline-f893a005-p1-p4/raw/P1-get-c64-sqlite-wal-rep1.jsonl;oci-a1-2ocpu-12g-zfs-product-baseline-f893a005-p1-p4/raw/P1-get-c64-sqlite-wal-rep2.jsonl;oci-a1-2ocpu-12g-zfs-product-baseline-f893a005-p1-p4/raw/P1-get-c64-sqlite-wal-rep3.jsonl
P1-get-c64,product-core,turso-mvcc,ops/s,30127.570760667386,28840.2730097117,32872.36560765562,30127.570760667386,30127.570760667386,0.0,0.0,50.44,100.401,84232.603,50.44,100.401,84232.603,0.0,0.0,0.0,98.91126081281368,0,0,0,,,,,,3,f893a0052963bc103533e276ece687b0ecaa6d1c,82e7966ab5a33d19d12280253c3b8251cd426218272650b41fdf5d7e798a28ab,oci-a1-2ocpu-12g-zfs-product-baseline-turso-0.8.2-pre.2-p1-p4-f893a005/raw/P1-get-c64-turso-mvcc-rep1.jsonl;oci-a1-2ocpu-12g-zfs-product-baseline-turso-0.8.2-pre.2-p1-p4-f893a005/raw/P1-get-c64-turso-mvcc-rep2.jsonl;oci-a1-2ocpu-12g-zfs-product-baseline-turso-0.8.2-pre.2-p1-p4-f893a005/raw/P1-get-c64-turso-mvcc-rep3.jsonl
P1-get-c64,product-core,turso-wal,ops/s,43857.11252959113,42842.14944971079,50924.93813745553,43857.11252959113,43857.11252959113,0.0,0.0,26.44,64.161,32926.882,26.44,64.161,32926.882,0.0,0.0,0.0,98.56047028795253,0,0,0,,,,,,3,f893a0052963bc103533e276ece687b0ecaa6d1c,82e7966ab5a33d19d12280253c3b8251cd426218272650b41fdf5d7e798a28ab,oci-a1-2ocpu-12g-zfs-product-baseline-turso-0.8.2-pre.2-p1-p4-f893a005/raw/P1-get-c64-turso-wal-rep1.jsonl;oci-a1-2ocpu-12g-zfs-product-baseline-turso-0.8.2-pre.2-p1-p4-f893a005/raw/P1-get-c64-turso-wal-rep2.jsonl;oci-a1-2ocpu-12g-zfs-product-baseline-turso-0.8.2-pre.2-p1-p4-f893a005/raw/P1-get-c64-turso-wal-rep3.jsonl
P2-query16-c1,product-core,main-btree,queries/s,331472.038681,330543.005878,332300.756048,331472.038681,0.0,0.0,5303552.6189,2.64,2.72,2.76,2.64,2.72,2.76,0.0,0.0,0.0,49.879352,0,0,,0,0,0.0,0,,3,f893a0052963bc103533e276ece687b0ecaa6d1c,9dbba45e244b4c823afbfe1b7c1ba0a4c501010de7ad51bacab31cdf9d702bcb,oci-a1-2ocpu-12g-zfs-product-baseline-f893a005-p1-p4/raw/P2-query16-c1-main-btree-rep1.jsonl;oci-a1-2ocpu-12g-zfs-product-baseline-f893a005-p1-p4/raw/P2-query16-c1-main-btree-rep2.jsonl;oci-a1-2ocpu-12g-zfs-product-baseline-f893a005-p1-p4/raw/P2-query16-c1-main-btree-rep3.jsonl
P2-query16-c1,product-core,parallel-blink,queries/s,333403.417488,328222.574355,339484.467149,333403.417488,0.0,0.0,5334454.679803,2.64,2.72,2.761,2.64,2.72,2.761,0.0,0.0,0.0,49.966171,0,0,,0,0,0.0,0,1.005826671880637,3,f893a0052963bc103533e276ece687b0ecaa6d1c,9dbba45e244b4c823afbfe1b7c1ba0a4c501010de7ad51bacab31cdf9d702bcb,oci-a1-2ocpu-12g-zfs-product-baseline-f893a005-p1-p4/raw/P2-query16-c1-parallel-blink-rep1.jsonl;oci-a1-2ocpu-12g-zfs-product-baseline-f893a005-p1-p4/raw/P2-query16-c1-parallel-blink-rep2.jsonl;oci-a1-2ocpu-12g-zfs-product-baseline-f893a005-p1-p4/raw/P2-query16-c1-parallel-blink-rep3.jsonl
P2-query16-c1,product-core,rocksdb,queries/s,144551.64116170455,144265.98960023004,145659.5374916147,144551.64116170455,144551.64116170455,0.0,2312826.258587273,6.12,6.16,6.36,6.12,6.16,6.36,0.0,0.0,0.0,49.89970452388963,0,0,0,,,,,,3,f893a0052963bc103533e276ece687b0ecaa6d1c,8f94708c5b330828f330f0a2aed9e519e37bb3e68f49c378839e653783dd20be,oci-a1-2ocpu-12g-zfs-product-baseline-f893a005-p1-p4/raw/P2-query16-c1-rocksdb-rep1.jsonl;oci-a1-2ocpu-12g-zfs-product-baseline-f893a005-p1-p4/raw/P2-query16-c1-rocksdb-rep2.jsonl;oci-a1-2ocpu-12g-zfs-product-baseline-f893a005-p1-p4/raw/P2-query16-c1-rocksdb-rep3.jsonl
P2-query16-c1,product-core,sqlite-wal,queries/s,45933.499337686735,45925.05053792043,46001.2506849028,45933.499337686735,45933.499337686735,0.0,734935.9894029878,20.52,21.0,28.759999999999998,20.52,21.0,28.759999999999998,0.0,0.0,0.0,49.59962336030005,0,0,0,,,,,,3,f893a0052963bc103533e276ece687b0ecaa6d1c,161b202850e2e9921a7403d73f69407e495e0afbc0943b9180c7c3ed7a694239,oci-a1-2ocpu-12g-zfs-product-baseline-f893a005-p1-p4/raw/P2-query16-c1-sqlite-wal-rep1.jsonl;oci-a1-2ocpu-12g-zfs-product-baseline-f893a005-p1-p4/raw/P2-query16-c1-sqlite-wal-rep2.jsonl;oci-a1-2ocpu-12g-zfs-product-baseline-f893a005-p1-p4/raw/P2-query16-c1-sqlite-wal-rep3.jsonl
P2-query16-c1,product-core,turso-mvcc,queries/s,10642.504813436948,10466.915503228422,10709.504276324156,10642.504813436948,10642.504813436948,0.0,170280.07701499117,91.241,111.201,125.96100000000001,91.241,111.201,125.96100000000001,0.0,0.0,0.0,49.69769958294216,0,0,0,,,,,,3,f893a0052963bc103533e276ece687b0ecaa6d1c,82e7966ab5a33d19d12280253c3b8251cd426218272650b41fdf5d7e798a28ab,oci-a1-2ocpu-12g-zfs-product-baseline-turso-0.8.2-pre.2-p1-p4-f893a005/raw/P2-query16-c1-turso-mvcc-rep1.jsonl;oci-a1-2ocpu-12g-zfs-product-baseline-turso-0.8.2-pre.2-p1-p4-f893a005/raw/P2-query16-c1-turso-mvcc-rep2.jsonl;oci-a1-2ocpu-12g-zfs-product-baseline-turso-0.8.2-pre.2-p1-p4-f893a005/raw/P2-query16-c1-turso-mvcc-rep3.jsonl
P2-query16-c1,product-core,turso-wal,queries/s,25822.026889131736,25314.57925686888,26152.72504524149,25822.026889131736,25822.026889131736,0.0,413152.43022610777,37.561,40.961000000000006,63.601000000000006,37.561,40.961000000000006,63.601000000000006,0.0,0.0,0.0,49.79956574778669,0,0,0,,,,,,3,f893a0052963bc103533e276ece687b0ecaa6d1c,82e7966ab5a33d19d12280253c3b8251cd426218272650b41fdf5d7e798a28ab,oci-a1-2ocpu-12g-zfs-product-baseline-turso-0.8.2-pre.2-p1-p4-f893a005/raw/P2-query16-c1-turso-wal-rep1.jsonl;oci-a1-2ocpu-12g-zfs-product-baseline-turso-0.8.2-pre.2-p1-p4-f893a005/raw/P2-query16-c1-turso-wal-rep2.jsonl;oci-a1-2ocpu-12g-zfs-product-baseline-turso-0.8.2-pre.2-p1-p4-f893a005/raw/P2-query16-c1-turso-wal-rep3.jsonl
P2-query16-c16,product-core,main-btree,queries/s,600916.52849,526680.269857,604841.542204,600916.52849,0.0,0.0,9614664.455833,2.88,3.0,3.08,2.88,3.0,3.08,0.0,0.0,0.0,98.404697,0,0,,0,0,0.0,0,,3,f893a0052963bc103533e276ece687b0ecaa6d1c,9dbba45e244b4c823afbfe1b7c1ba0a4c501010de7ad51bacab31cdf9d702bcb,oci-a1-2ocpu-12g-zfs-product-baseline-f893a005-p1-p4/raw/P2-query16-c16-main-btree-rep1.jsonl;oci-a1-2ocpu-12g-zfs-product-baseline-f893a005-p1-p4/raw/P2-query16-c16-main-btree-rep2.jsonl;oci-a1-2ocpu-12g-zfs-product-baseline-f893a005-p1-p4/raw/P2-query16-c16-main-btree-rep3.jsonl
P2-query16-c16,product-core,parallel-blink,queries/s,449328.024843,444203.579542,452909.238094,449328.024843,0.0,0.0,7189248.397495,3.92,4.52,4.72,3.92,4.52,4.72,0.0,0.0,0.0,97.414181,0,0,,0,0,0.0,0,0.7477378363548829,3,f893a0052963bc103533e276ece687b0ecaa6d1c,9dbba45e244b4c823afbfe1b7c1ba0a4c501010de7ad51bacab31cdf9d702bcb,oci-a1-2ocpu-12g-zfs-product-baseline-f893a005-p1-p4/raw/P2-query16-c16-parallel-blink-rep1.jsonl;oci-a1-2ocpu-12g-zfs-product-baseline-f893a005-p1-p4/raw/P2-query16-c16-parallel-blink-rep2.jsonl;oci-a1-2ocpu-12g-zfs-product-baseline-f893a005-p1-p4/raw/P2-query16-c16-parallel-blink-rep3.jsonl
P2-query16-c16,product-core,rocksdb,queries/s,262401.3837820709,256472.0466124603,275260.44224140263,262401.3837820709,262401.3837820709,0.0,4198422.140513134,6.64,7.08,7.880000000000001,6.64,7.08,7.880000000000001,0.0,0.0,0.0,99.1875650533444,0,0,0,,,,,,3,f893a0052963bc103533e276ece687b0ecaa6d1c,8f94708c5b330828f330f0a2aed9e519e37bb3e68f49c378839e653783dd20be,oci-a1-2ocpu-12g-zfs-product-baseline-f893a005-p1-p4/raw/P2-query16-c16-rocksdb-rep1.jsonl;oci-a1-2ocpu-12g-zfs-product-baseline-f893a005-p1-p4/raw/P2-query16-c16-rocksdb-rep2.jsonl;oci-a1-2ocpu-12g-zfs-product-baseline-f893a005-p1-p4/raw/P2-query16-c16-rocksdb-rep3.jsonl
P2-query16-c16,product-core,sqlite-wal,queries/s,89535.84704310639,89117.18278357814,89924.11732803819,89535.84704310639,89535.84704310639,0.0,1432573.5526897023,20.48,22.32,45.041,20.48,22.32,45.041,0.0,0.0,0.0,97.37525488337873,0,0,0,,,,,,3,f893a0052963bc103533e276ece687b0ecaa6d1c,161b202850e2e9921a7403d73f69407e495e0afbc0943b9180c7c3ed7a694239,oci-a1-2ocpu-12g-zfs-product-baseline-f893a005-p1-p4/raw/P2-query16-c16-sqlite-wal-rep1.jsonl;oci-a1-2ocpu-12g-zfs-product-baseline-f893a005-p1-p4/raw/P2-query16-c16-sqlite-wal-rep2.jsonl;oci-a1-2ocpu-12g-zfs-product-baseline-f893a005-p1-p4/raw/P2-query16-c16-sqlite-wal-rep3.jsonl
P2-query16-c16,product-core,turso-mvcc,queries/s,14858.840535140876,14589.106396123185,15343.219730419094,14858.840535140876,14858.840535140876,0.0,237741.44856225402,121.761,177.28199999999998,28206.642,121.761,177.28199999999998,28206.642,0.0,0.0,0.0,98.75374651023952,0,0,0,,,,,,3,f893a0052963bc103533e276ece687b0ecaa6d1c,82e7966ab5a33d19d12280253c3b8251cd426218272650b41fdf5d7e798a28ab,oci-a1-2ocpu-12g-zfs-product-baseline-turso-0.8.2-pre.2-p1-p4-f893a005/raw/P2-query16-c16-turso-mvcc-rep1.jsonl;oci-a1-2ocpu-12g-zfs-product-baseline-turso-0.8.2-pre.2-p1-p4-f893a005/raw/P2-query16-c16-turso-mvcc-rep2.jsonl;oci-a1-2ocpu-12g-zfs-product-baseline-turso-0.8.2-pre.2-p1-p4-f893a005/raw/P2-query16-c16-turso-mvcc-rep3.jsonl
P2-query16-c16,product-core,turso-wal,queries/s,44759.62199079272,43023.188223220204,45849.13460766163,44759.62199079272,44759.62199079272,0.0,716153.9518526836,40.720000000000006,52.800999999999995,24072.006999999998,40.720000000000006,52.800999999999995,24072.006999999998,0.0,0.0,0.0,99.07392827966271,0,0,0,,,,,,3,f893a0052963bc103533e276ece687b0ecaa6d1c,82e7966ab5a33d19d12280253c3b8251cd426218272650b41fdf5d7e798a28ab,oci-a1-2ocpu-12g-zfs-product-baseline-turso-0.8.2-pre.2-p1-p4-f893a005/raw/P2-query16-c16-turso-wal-rep1.jsonl;oci-a1-2ocpu-12g-zfs-product-baseline-turso-0.8.2-pre.2-p1-p4-f893a005/raw/P2-query16-c16-turso-wal-rep2.jsonl;oci-a1-2ocpu-12g-zfs-product-baseline-turso-0.8.2-pre.2-p1-p4-f893a005/raw/P2-query16-c16-turso-wal-rep3.jsonl
P2-query16-c4,product-core,main-btree,queries/s,606348.074294,603853.561946,608794.882604,606348.074294,0.0,0.0,9701569.188709,2.88,2.96,3.04,2.88,2.96,3.04,0.0,0.0,0.0,98.833886,0,0,,0,0,0.0,0,,3,f893a0052963bc103533e276ece687b0ecaa6d1c,9dbba45e244b4c823afbfe1b7c1ba0a4c501010de7ad51bacab31cdf9d702bcb,oci-a1-2ocpu-12g-zfs-product-baseline-f893a005-p1-p4/raw/P2-query16-c4-main-btree-rep1.jsonl;oci-a1-2ocpu-12g-zfs-product-baseline-f893a005-p1-p4/raw/P2-query16-c4-main-btree-rep2.jsonl;oci-a1-2ocpu-12g-zfs-product-baseline-f893a005-p1-p4/raw/P2-query16-c4-main-btree-rep3.jsonl
P2-query16-c4,product-core,parallel-blink,queries/s,456520.436137,438954.966976,459184.015436,456520.436137,0.0,0.0,7304326.978198,3.84,4.52,4.72,3.84,4.52,4.72,0.0,0.0,0.0,98.540539,0,0,,0,0,0.0,0,0.7529016013921517,3,f893a0052963bc103533e276ece687b0ecaa6d1c,9dbba45e244b4c823afbfe1b7c1ba0a4c501010de7ad51bacab31cdf9d702bcb,oci-a1-2ocpu-12g-zfs-product-baseline-f893a005-p1-p4/raw/P2-query16-c4-parallel-blink-rep1.jsonl;oci-a1-2ocpu-12g-zfs-product-baseline-f893a005-p1-p4/raw/P2-query16-c4-parallel-blink-rep2.jsonl;oci-a1-2ocpu-12g-zfs-product-baseline-f893a005-p1-p4/raw/P2-query16-c4-parallel-blink-rep3.jsonl
P2-query16-c4,product-core,rocksdb,queries/s,273747.61834098084,271965.6910077142,276171.4427811952,273747.61834098084,273747.61834098084,0.0,4379961.8934556935,6.441,6.56,7.359999999999999,6.441,6.56,7.359999999999999,0.0,0.0,0.0,99.39828780485358,0,0,0,,,,,,3,f893a0052963bc103533e276ece687b0ecaa6d1c,8f94708c5b330828f330f0a2aed9e519e37bb3e68f49c378839e653783dd20be,oci-a1-2ocpu-12g-zfs-product-baseline-f893a005-p1-p4/raw/P2-query16-c4-rocksdb-rep1.jsonl;oci-a1-2ocpu-12g-zfs-product-baseline-f893a005-p1-p4/raw/P2-query16-c4-rocksdb-rep2.jsonl;oci-a1-2ocpu-12g-zfs-product-baseline-f893a005-p1-p4/raw/P2-query16-c4-rocksdb-rep3.jsonl
P2-query16-c4,product-core,sqlite-wal,queries/s,89613.27984590436,89067.44729928726,89972.72627676083,89613.27984590436,89613.27984590436,0.0,1433812.4775344697,20.52,22.96,42.601,20.52,22.96,42.601,0.0,0.0,0.0,98.29696205375016,0,0,0,,,,,,3,f893a0052963bc103533e276ece687b0ecaa6d1c,161b202850e2e9921a7403d73f69407e495e0afbc0943b9180c7c3ed7a694239,oci-a1-2ocpu-12g-zfs-product-baseline-f893a005-p1-p4/raw/P2-query16-c4-sqlite-wal-rep1.jsonl;oci-a1-2ocpu-12g-zfs-product-baseline-f893a005-p1-p4/raw/P2-query16-c4-sqlite-wal-rep2.jsonl;oci-a1-2ocpu-12g-zfs-product-baseline-f893a005-p1-p4/raw/P2-query16-c4-sqlite-wal-rep3.jsonl
P2-query16-c4,product-core,turso-mvcc,queries/s,16061.375159039319,15641.567203156397,16103.552826500114,16061.375159039319,16061.375159039319,0.0,256982.0025446291,118.92099999999999,158.922,4157.5960000000005,118.92099999999999,158.922,4157.5960000000005,0.0,0.0,0.0,99.08617300017146,0,0,0,,,,,,3,f893a0052963bc103533e276ece687b0ecaa6d1c,82e7966ab5a33d19d12280253c3b8251cd426218272650b41fdf5d7e798a28ab,oci-a1-2ocpu-12g-zfs-product-baseline-turso-0.8.2-pre.2-p1-p4-f893a005/raw/P2-query16-c4-turso-mvcc-rep1.jsonl;oci-a1-2ocpu-12g-zfs-product-baseline-turso-0.8.2-pre.2-p1-p4-f893a005/raw/P2-query16-c4-turso-mvcc-rep2.jsonl;oci-a1-2ocpu-12g-zfs-product-baseline-turso-0.8.2-pre.2-p1-p4-f893a005/raw/P2-query16-c4-turso-mvcc-rep3.jsonl
P2-query16-c4,product-core,turso-wal,queries/s,48204.61912565016,46654.17579985055,48670.6746007972,48204.61912565016,48204.61912565016,0.0,771273.9060104026,39.0,47.481,1471.892,39.0,47.481,1471.892,0.0,0.0,0.0,98.96461367706642,0,0,0,,,,,,3,f893a0052963bc103533e276ece687b0ecaa6d1c,82e7966ab5a33d19d12280253c3b8251cd426218272650b41fdf5d7e798a28ab,oci-a1-2ocpu-12g-zfs-product-baseline-turso-0.8.2-pre.2-p1-p4-f893a005/raw/P2-query16-c4-turso-wal-rep1.jsonl;oci-a1-2ocpu-12g-zfs-product-baseline-turso-0.8.2-pre.2-p1-p4-f893a005/raw/P2-query16-c4-turso-wal-rep2.jsonl;oci-a1-2ocpu-12g-zfs-product-baseline-turso-0.8.2-pre.2-p1-p4-f893a005/raw/P2-query16-c4-turso-wal-rep3.jsonl
P3-write-w1-c1,product-core,main-btree,tx/s,1005.73829,975.84815,1039.515462,0.0,1005.73829,1005.73829,0.0,967.689,1193.61,1516.333,0.0,0.0,0.0,967.689,1193.61,1516.333,7.397975,0,0,,0,15109,1.0,42151400,,3,f893a0052963bc103533e276ece687b0ecaa6d1c,9dbba45e244b4c823afbfe1b7c1ba0a4c501010de7ad51bacab31cdf9d702bcb,oci-a1-2ocpu-12g-zfs-product-baseline-f893a005-p1-p4/raw/P3-write-w1-c1-main-btree-rep1.jsonl;oci-a1-2ocpu-12g-zfs-product-baseline-f893a005-p1-p4/raw/P3-write-w1-c1-main-btree-rep2.jsonl;oci-a1-2ocpu-12g-zfs-product-baseline-f893a005-p1-p4/raw/P3-write-w1-c1-main-btree-rep3.jsonl
P3-write-w1-c1,product-core,parallel-blink,tx/s,1204.241387,1185.511628,1222.671209,0.0,1204.241387,1204.241387,0.0,811.127,1018.809,1196.69,0.0,0.0,0.0,811.127,1018.809,1196.69,5.89956,0,0,,0,18064,1.0,4043570,1.1973705276747493,3,f893a0052963bc103533e276ece687b0ecaa6d1c,9dbba45e244b4c823afbfe1b7c1ba0a4c501010de7ad51bacab31cdf9d702bcb,oci-a1-2ocpu-12g-zfs-product-baseline-f893a005-p1-p4/raw/P3-write-w1-c1-parallel-blink-rep1.jsonl;oci-a1-2ocpu-12g-zfs-product-baseline-f893a005-p1-p4/raw/P3-write-w1-c1-parallel-blink-rep2.jsonl;oci-a1-2ocpu-12g-zfs-product-baseline-f893a005-p1-p4/raw/P3-write-w1-c1-parallel-blink-rep3.jsonl
P3-write-w1-c1,product-core,rocksdb,tx/s,1236.4662911018677,1205.8654254185233,1316.3118708141499,0.0,1236.4662911018677,1236.4662911018677,0.0,796.447,971.768,1134.09,0.0,0.0,0.0,796.447,971.768,1134.09,4.099542491057997,0,0,0,,,,,,3,f893a0052963bc103533e276ece687b0ecaa6d1c,8f94708c5b330828f330f0a2aed9e519e37bb3e68f49c378839e653783dd20be,oci-a1-2ocpu-12g-zfs-product-baseline-f893a005-p1-p4/raw/P3-write-w1-c1-rocksdb-rep1.jsonl;oci-a1-2ocpu-12g-zfs-product-baseline-f893a005-p1-p4/raw/P3-write-w1-c1-rocksdb-rep2.jsonl;oci-a1-2ocpu-12g-zfs-product-baseline-f893a005-p1-p4/raw/P3-write-w1-c1-rocksdb-rep3.jsonl
P3-write-w1-c1,product-core,sqlite-wal,tx/s,1122.049887453447,1060.1872833873488,1123.2859732189438,0.0,1122.049887453447,1122.049887453447,0.0,866.807,1080.609,1419.132,0.0,0.0,0.0,866.807,1080.609,1419.132,5.998796397891449,0,0,0,,,,,,3,f893a0052963bc103533e276ece687b0ecaa6d1c,161b202850e2e9921a7403d73f69407e495e0afbc0943b9180c7c3ed7a694239,oci-a1-2ocpu-12g-zfs-product-baseline-f893a005-p1-p4/raw/P3-write-w1-c1-sqlite-wal-rep1.jsonl;oci-a1-2ocpu-12g-zfs-product-baseline-f893a005-p1-p4/raw/P3-write-w1-c1-sqlite-wal-rep2.jsonl;oci-a1-2ocpu-12g-zfs-product-baseline-f893a005-p1-p4/raw/P3-write-w1-c1-sqlite-wal-rep3.jsonl
P3-write-w1-c1,product-core,turso-mvcc,tx/s,1113.6368018721423,1086.130556505061,1186.8616487244697,0.0,1113.6368018721423,1113.6368018721423,0.0,865.087,1075.97,1237.811,0.0,0.0,0.0,865.087,1075.97,1237.811,7.399137489941935,0,0,0,,,,,,3,f893a0052963bc103533e276ece687b0ecaa6d1c,82e7966ab5a33d19d12280253c3b8251cd426218272650b41fdf5d7e798a28ab,oci-a1-2ocpu-12g-zfs-product-baseline-turso-0.8.2-pre.2-p1-p4-f893a005/raw/P3-write-w1-c1-turso-mvcc-rep1.jsonl;oci-a1-2ocpu-12g-zfs-product-baseline-turso-0.8.2-pre.2-p1-p4-f893a005/raw/P3-write-w1-c1-turso-mvcc-rep2.jsonl;oci-a1-2ocpu-12g-zfs-product-baseline-turso-0.8.2-pre.2-p1-p4-f893a005/raw/P3-write-w1-c1-turso-mvcc-rep3.jsonl
P3-write-w1-c1,product-core,turso-wal,tx/s,1071.5275383788282,1053.7124061521315,1103.234178166204,0.0,1071.5275383788282,1071.5275383788282,0.0,891.808,1129.049,1439.292,0.0,0.0,0.0,891.808,1129.049,1439.292,7.499376585823672,0,0,0,,,,,,3,f893a0052963bc103533e276ece687b0ecaa6d1c,82e7966ab5a33d19d12280253c3b8251cd426218272650b41fdf5d7e798a28ab,oci-a1-2ocpu-12g-zfs-product-baseline-turso-0.8.2-pre.2-p1-p4-f893a005/raw/P3-write-w1-c1-turso-wal-rep1.jsonl;oci-a1-2ocpu-12g-zfs-product-baseline-turso-0.8.2-pre.2-p1-p4-f893a005/raw/P3-write-w1-c1-turso-wal-rep2.jsonl;oci-a1-2ocpu-12g-zfs-product-baseline-turso-0.8.2-pre.2-p1-p4-f893a005/raw/P3-write-w1-c1-turso-wal-rep3.jsonl
P3-write-w1-c16,product-core,main-btree,tx/s,4238.355982,4196.053506,4245.595033,0.0,4238.355982,4238.355982,0.0,3643.671,5059.484,6803.698,0.0,0.0,0.0,3643.671,5059.484,6803.698,12.595114,0,0,,0,4223,15.040831,177656000,,3,f893a0052963bc103533e276ece687b0ecaa6d1c,9dbba45e244b4c823afbfe1b7c1ba0a4c501010de7ad51bacab31cdf9d702bcb,oci-a1-2ocpu-12g-zfs-product-baseline-f893a005-p1-p4/raw/P3-write-w1-c16-main-btree-rep1.jsonl;oci-a1-2ocpu-12g-zfs-product-baseline-f893a005-p1-p4/raw/P3-write-w1-c16-main-btree-rep2.jsonl;oci-a1-2ocpu-12g-zfs-product-baseline-f893a005-p1-p4/raw/P3-write-w1-c16-main-btree-rep3.jsonl
P3-write-w1-c16,product-core,parallel-blink,tx/s,7181.054199,7160.732993,7378.506672,0.0,7181.054199,7181.054199,0.0,2089.658,3195.908,3689.752,0.0,0.0,0.0,2089.658,3195.908,3689.752,12.393653,0,0,,0,14088,7.680608,24161456,1.6943018069972018,3,f893a0052963bc103533e276ece687b0ecaa6d1c,9dbba45e244b4c823afbfe1b7c1ba0a4c501010de7ad51bacab31cdf9d702bcb,oci-a1-2ocpu-12g-zfs-product-baseline-f893a005-p1-p4/raw/P3-write-w1-c16-parallel-blink-rep1.jsonl;oci-a1-2ocpu-12g-zfs-product-baseline-f893a005-p1-p4/raw/P3-write-w1-c16-parallel-blink-rep2.jsonl;oci-a1-2ocpu-12g-zfs-product-baseline-f893a005-p1-p4/raw/P3-write-w1-c16-parallel-blink-rep3.jsonl
P3-write-w1-c16,product-core,rocksdb,tx/s,8027.854192428359,8009.459927504591,8053.81441086668,0.0,8027.854192428359,8027.854192428359,0.0,2029.6979999999999,2438.061,3128.8269999999998,0.0,0.0,0.0,2029.6979999999999,2438.061,3128.8269999999998,14.797821636353428,0,0,0,,,,,,3,f893a0052963bc103533e276ece687b0ecaa6d1c,8f94708c5b330828f330f0a2aed9e519e37bb3e68f49c378839e653783dd20be,oci-a1-2ocpu-12g-zfs-product-baseline-f893a005-p1-p4/raw/P3-write-w1-c16-rocksdb-rep1.jsonl;oci-a1-2ocpu-12g-zfs-product-baseline-f893a005-p1-p4/raw/P3-write-w1-c16-rocksdb-rep2.jsonl;oci-a1-2ocpu-12g-zfs-product-baseline-f893a005-p1-p4/raw/P3-write-w1-c16-rocksdb-rep3.jsonl
P3-write-w1-c16,product-core,sqlite-wal,tx/s,973.0403537408727,915.9723096789772,1015.5634788880217,0.0,973.0403537408727,973.0403537408727,0.0,805.527,1084.6899999999998,2513.422,0.0,0.0,0.0,805.527,1084.6899999999998,2513.422,5.383692798191754,0,0,0,,,,,,3,f893a0052963bc103533e276ece687b0ecaa6d1c,161b202850e2e9921a7403d73f69407e495e0afbc0943b9180c7c3ed7a694239,oci-a1-2ocpu-12g-zfs-product-baseline-f893a005-p1-p4/raw/P3-write-w1-c16-sqlite-wal-rep1.jsonl;oci-a1-2ocpu-12g-zfs-product-baseline-f893a005-p1-p4/raw/P3-write-w1-c16-sqlite-wal-rep2.jsonl;oci-a1-2ocpu-12g-zfs-product-baseline-f893a005-p1-p4/raw/P3-write-w1-c16-sqlite-wal-rep3.jsonl
P3-write-w1-c16,product-core,turso-mvcc,tx/s,696.9052941669056,680.4864431368894,703.6227086379822,0.0,696.9052941669056,696.9052941669056,0.0,19992.692,52307.209,75988.372,0.0,0.0,0.0,19992.692,52307.209,75988.372,94.5785774686242,0,14,14,,,,,,3,f893a0052963bc103533e276ece687b0ecaa6d1c,82e7966ab5a33d19d12280253c3b8251cd426218272650b41fdf5d7e798a28ab,oci-a1-2ocpu-12g-zfs-product-baseline-turso-0.8.2-pre.2-p1-p4-f893a005/raw/P3-write-w1-c16-turso-mvcc-rep1.jsonl;oci-a1-2ocpu-12g-zfs-product-baseline-turso-0.8.2-pre.2-p1-p4-f893a005/raw/P3-write-w1-c16-turso-mvcc-rep2.jsonl;oci-a1-2ocpu-12g-zfs-product-baseline-turso-0.8.2-pre.2-p1-p4-f893a005/raw/P3-write-w1-c16-turso-mvcc-rep3.jsonl
P3-write-w1-c16,product-core,turso-wal,tx/s,970.7472860242482,967.812853752861,996.7792591608896,0.0,970.7472860242482,970.7472860242482,0.0,983.608,94213.968,94756.214,0.0,0.0,0.0,952.408,1719.695,55808.359000000004,11.028957113921328,0,0,37328,,,,,,3,f893a0052963bc103533e276ece687b0ecaa6d1c,82e7966ab5a33d19d12280253c3b8251cd426218272650b41fdf5d7e798a28ab,oci-a1-2ocpu-12g-zfs-product-baseline-turso-0.8.2-pre.2-p1-p4-f893a005/raw/P3-write-w1-c16-turso-wal-rep1.jsonl;oci-a1-2ocpu-12g-zfs-product-baseline-turso-0.8.2-pre.2-p1-p4-f893a005/raw/P3-write-w1-c16-turso-wal-rep2.jsonl;oci-a1-2ocpu-12g-zfs-product-baseline-turso-0.8.2-pre.2-p1-p4-f893a005/raw/P3-write-w1-c16-turso-wal-rep3.jsonl
P3-write-w1-c4,product-core,main-btree,tx/s,2205.380249,2202.913366,2224.082533,0.0,2205.380249,2205.380249,0.0,1661.854,2696.343,3484.35,0.0,0.0,0.0,1661.854,2696.343,3484.35,9.795959,0,0,,0,8677,3.815443,92431400,,3,f893a0052963bc103533e276ece687b0ecaa6d1c,9dbba45e244b4c823afbfe1b7c1ba0a4c501010de7ad51bacab31cdf9d702bcb,oci-a1-2ocpu-12g-zfs-product-baseline-f893a005-p1-p4/raw/P3-write-w1-c4-main-btree-rep1.jsonl;oci-a1-2ocpu-12g-zfs-product-baseline-f893a005-p1-p4/raw/P3-write-w1-c4-main-btree-rep2.jsonl;oci-a1-2ocpu-12g-zfs-product-baseline-f893a005-p1-p4/raw/P3-write-w1-c4-main-btree-rep3.jsonl
P3-write-w1-c4,product-core,parallel-blink,tx/s,2123.61256,2122.090238,2169.164485,0.0,2123.61256,2123.61256,0.0,1780.215,2919.905,3245.908,0.0,0.0,0.0,1780.215,2919.905,3245.908,7.797109,0,0,,0,16985,1.879667,7134955,0.9629235416264038,3,f893a0052963bc103533e276ece687b0ecaa6d1c,9dbba45e244b4c823afbfe1b7c1ba0a4c501010de7ad51bacab31cdf9d702bcb,oci-a1-2ocpu-12g-zfs-product-baseline-f893a005-p1-p4/raw/P3-write-w1-c4-parallel-blink-rep1.jsonl;oci-a1-2ocpu-12g-zfs-product-baseline-f893a005-p1-p4/raw/P3-write-w1-c4-parallel-blink-rep2.jsonl;oci-a1-2ocpu-12g-zfs-product-baseline-f893a005-p1-p4/raw/P3-write-w1-c4-parallel-blink-rep3.jsonl
P3-write-w1-c4,product-core,rocksdb,tx/s,2741.5293511400296,2546.959437674014,2783.3845534973925,0.0,2741.5293511400296,2741.5293511400296,0.0,1630.374,2048.297,2589.542,0.0,0.0,0.0,1630.374,2048.297,2589.542,7.897491931886755,0,0,0,,,,,,3,f893a0052963bc103533e276ece687b0ecaa6d1c,8f94708c5b330828f330f0a2aed9e519e37bb3e68f49c378839e653783dd20be,oci-a1-2ocpu-12g-zfs-product-baseline-f893a005-p1-p4/raw/P3-write-w1-c4-rocksdb-rep1.jsonl;oci-a1-2ocpu-12g-zfs-product-baseline-f893a005-p1-p4/raw/P3-write-w1-c4-rocksdb-rep2.jsonl;oci-a1-2ocpu-12g-zfs-product-baseline-f893a005-p1-p4/raw/P3-write-w1-c4-rocksdb-rep3.jsonl
P3-write-w1-c4,product-core,sqlite-wal,tx/s,1082.8746115699462,1040.1898169093324,1130.1102196808795,0.0,1082.8746115699462,1082.8746115699462,0.0,867.207,1087.49,1476.2130000000002,0.0,0.0,0.0,867.207,1087.49,1476.2130000000002,5.9391612395042905,0,0,0,,,,,,3,f893a0052963bc103533e276ece687b0ecaa6d1c,161b202850e2e9921a7403d73f69407e495e0afbc0943b9180c7c3ed7a694239,oci-a1-2ocpu-12g-zfs-product-baseline-f893a005-p1-p4/raw/P3-write-w1-c4-sqlite-wal-rep1.jsonl;oci-a1-2ocpu-12g-zfs-product-baseline-f893a005-p1-p4/raw/P3-write-w1-c4-sqlite-wal-rep2.jsonl;oci-a1-2ocpu-12g-zfs-product-baseline-f893a005-p1-p4/raw/P3-write-w1-c4-sqlite-wal-rep3.jsonl
P3-write-w1-c4,product-core,turso-mvcc,tx/s,1006.0071520819024,988.9275083740326,1024.6425285023774,0.0,1006.0071520819024,1006.0071520819024,0.0,2553.1820000000002,9969.166,13765.398,0.0,0.0,0.0,2553.1820000000002,9969.166,13765.398,64.79985444481561,0,3,3,,,,,,3,f893a0052963bc103533e276ece687b0ecaa6d1c,82e7966ab5a33d19d12280253c3b8251cd426218272650b41fdf5d7e798a28ab,oci-a1-2ocpu-12g-zfs-product-baseline-turso-0.8.2-pre.2-p1-p4-f893a005/raw/P3-write-w1-c4-turso-mvcc-rep1.jsonl;oci-a1-2ocpu-12g-zfs-product-baseline-turso-0.8.2-pre.2-p1-p4-f893a005/raw/P3-write-w1-c4-turso-mvcc-rep2.jsonl;oci-a1-2ocpu-12g-zfs-product-baseline-turso-0.8.2-pre.2-p1-p4-f893a005/raw/P3-write-w1-c4-turso-mvcc-rep3.jsonl
P3-write-w1-c4,product-core,turso-wal,tx/s,1070.9169823375087,1065.4391829580295,1081.1243456965083,0.0,1070.9169823375087,1070.9169823375087,0.0,878.327,1497.9730000000002,94254.409,0.0,0.0,0.0,873.128,1272.491,3125.2670000000003,7.986144751220745,0,0,7492,,,,,,3,f893a0052963bc103533e276ece687b0ecaa6d1c,82e7966ab5a33d19d12280253c3b8251cd426218272650b41fdf5d7e798a28ab,oci-a1-2ocpu-12g-zfs-product-baseline-turso-0.8.2-pre.2-p1-p4-f893a005/raw/P3-write-w1-c4-turso-wal-rep1.jsonl;oci-a1-2ocpu-12g-zfs-product-baseline-turso-0.8.2-pre.2-p1-p4-f893a005/raw/P3-write-w1-c4-turso-wal-rep2.jsonl;oci-a1-2ocpu-12g-zfs-product-baseline-turso-0.8.2-pre.2-p1-p4-f893a005/raw/P3-write-w1-c4-turso-wal-rep3.jsonl
P3-write-w1-c64,product-core,main-btree,tx/s,7922.226642,7817.276246,8067.062647,0.0,7922.226642,7922.226642,0.0,7344.983,12608.868,17514.79,0.0,0.0,0.0,7344.983,12608.868,17514.79,19.619826,0,0,,0,2048,57.849112,333297740,,3,f893a0052963bc103533e276ece687b0ecaa6d1c,9dbba45e244b4c823afbfe1b7c1ba0a4c501010de7ad51bacab31cdf9d702bcb,oci-a1-2ocpu-12g-zfs-product-baseline-f893a005-p1-p4/raw/P3-write-w1-c64-main-btree-rep1.jsonl;oci-a1-2ocpu-12g-zfs-product-baseline-f893a005-p1-p4/raw/P3-write-w1-c64-main-btree-rep2.jsonl;oci-a1-2ocpu-12g-zfs-product-baseline-f893a005-p1-p4/raw/P3-write-w1-c64-main-btree-rep3.jsonl
P3-write-w1-c64,product-core,parallel-blink,tx/s,20283.154053,20250.179326,20459.307263,0.0,20283.154053,20283.154053,0.0,3034.466,4630.199,6314.814,0.0,0.0,0.0,3034.466,4630.199,6314.814,21.077288,0,0,,0,9144,33.408042,68199833,2.560284496970593,3,f893a0052963bc103533e276ece687b0ecaa6d1c,9dbba45e244b4c823afbfe1b7c1ba0a4c501010de7ad51bacab31cdf9d702bcb,oci-a1-2ocpu-12g-zfs-product-baseline-f893a005-p1-p4/raw/P3-write-w1-c64-parallel-blink-rep1.jsonl;oci-a1-2ocpu-12g-zfs-product-baseline-f893a005-p1-p4/raw/P3-write-w1-c64-parallel-blink-rep2.jsonl;oci-a1-2ocpu-12g-zfs-product-baseline-f893a005-p1-p4/raw/P3-write-w1-c64-parallel-blink-rep3.jsonl
P3-write-w1-c64,product-core,rocksdb,tx/s,19229.42669045268,19105.787117992146,19767.087000704298,0.0,19229.42669045268,19229.42669045268,0.0,3159.2679999999996,4742.6810000000005,5926.691000000001,0.0,0.0,0.0,3159.2679999999996,4742.6810000000005,5926.691000000001,29.98569546191409,0,0,0,,,,,,3,f893a0052963bc103533e276ece687b0ecaa6d1c,8f94708c5b330828f330f0a2aed9e519e37bb3e68f49c378839e653783dd20be,oci-a1-2ocpu-12g-zfs-product-baseline-f893a005-p1-p4/raw/P3-write-w1-c64-rocksdb-rep1.jsonl;oci-a1-2ocpu-12g-zfs-product-baseline-f893a005-p1-p4/raw/P3-write-w1-c64-rocksdb-rep2.jsonl;oci-a1-2ocpu-12g-zfs-product-baseline-f893a005-p1-p4/raw/P3-write-w1-c64-rocksdb-rep3.jsonl
P3-write-w1-c64,product-core,sqlite-wal,tx/s,709.000481197783,663.5701715174127,739.0751361292752,0.0,709.000481197783,709.000481197783,0.0,886.807,1256.2910000000002,4133707.456,0.0,0.0,0.0,886.807,1256.2910000000002,4133707.456,4.659726009896427,0,0,0,,,,,,3,f893a0052963bc103533e276ece687b0ecaa6d1c,161b202850e2e9921a7403d73f69407e495e0afbc0943b9180c7c3ed7a694239,oci-a1-2ocpu-12g-zfs-product-baseline-f893a005-p1-p4/raw/P3-write-w1-c64-sqlite-wal-rep1.jsonl;oci-a1-2ocpu-12g-zfs-product-baseline-f893a005-p1-p4/raw/P3-write-w1-c64-sqlite-wal-rep2.jsonl;oci-a1-2ocpu-12g-zfs-product-baseline-f893a005-p1-p4/raw/P3-write-w1-c64-sqlite-wal-rep3.jsonl
P3-write-w1-c64,product-core,turso-mvcc,tx/s,342.868598525392,340.8723631175654,355.274225914363,0.0,342.868598525392,342.868598525392,0.0,155986.179,440300.059,579998.219,0.0,0.0,0.0,155986.179,440300.059,579998.219,97.56423535275383,0,61,60,,,,,,3,f893a0052963bc103533e276ece687b0ecaa6d1c,82e7966ab5a33d19d12280253c3b8251cd426218272650b41fdf5d7e798a28ab,oci-a1-2ocpu-12g-zfs-product-baseline-turso-0.8.2-pre.2-p1-p4-f893a005/raw/P3-write-w1-c64-turso-mvcc-rep1.jsonl;oci-a1-2ocpu-12g-zfs-product-baseline-turso-0.8.2-pre.2-p1-p4-f893a005/raw/P3-write-w1-c64-turso-mvcc-rep2.jsonl;oci-a1-2ocpu-12g-zfs-product-baseline-turso-0.8.2-pre.2-p1-p4-f893a005/raw/P3-write-w1-c64-turso-mvcc-rep3.jsonl
P3-write-w1-c64,product-core,turso-wal,tx/s,857.2376166615072,855.1130900625743,867.4115217265266,0.0,857.2376166615072,857.2376166615072,0.0,3771.712,95871.863,98656.367,0.0,0.0,0.0,1118.529,65100.99799999999,95488.14,21.817131482778677,0,0,156952,,,,,,3,f893a0052963bc103533e276ece687b0ecaa6d1c,82e7966ab5a33d19d12280253c3b8251cd426218272650b41fdf5d7e798a28ab,oci-a1-2ocpu-12g-zfs-product-baseline-turso-0.8.2-pre.2-p1-p4-f893a005/raw/P3-write-w1-c64-turso-wal-rep1.jsonl;oci-a1-2ocpu-12g-zfs-product-baseline-turso-0.8.2-pre.2-p1-p4-f893a005/raw/P3-write-w1-c64-turso-wal-rep2.jsonl;oci-a1-2ocpu-12g-zfs-product-baseline-turso-0.8.2-pre.2-p1-p4-f893a005/raw/P3-write-w1-c64-turso-wal-rep3.jsonl
P4-tx-w4-c1,product-core,main-btree,tx/s,828.017323,823.815285,888.472307,0.0,828.017323,3312.069294,0.0,1128.77,1448.412,2207.219,0.0,0.0,0.0,1128.77,1448.412,2207.219,9.797838,0,0,,0,12704,1.0,86302476,,3,f893a0052963bc103533e276ece687b0ecaa6d1c,9dbba45e244b4c823afbfe1b7c1ba0a4c501010de7ad51bacab31cdf9d702bcb,oci-a1-2ocpu-12g-zfs-product-baseline-f893a005-p1-p4/raw/P4-tx-w4-c1-main-btree-rep1.jsonl;oci-a1-2ocpu-12g-zfs-product-baseline-f893a005-p1-p4/raw/P4-tx-w4-c1-main-btree-rep2.jsonl;oci-a1-2ocpu-12g-zfs-product-baseline-f893a005-p1-p4/raw/P4-tx-w4-c1-main-btree-rep3.jsonl
P4-tx-w4-c1,product-core,parallel-blink,tx/s,1001.118611,994.113995,1023.976188,0.0,1001.118611,4004.474444,0.0,965.488,1166.81,1604.374,0.0,0.0,0.0,965.488,1166.81,1604.374,9.499228,0,0,,0,15098,1.0,12541712,1.2090551528231734,3,f893a0052963bc103533e276ece687b0ecaa6d1c,9dbba45e244b4c823afbfe1b7c1ba0a4c501010de7ad51bacab31cdf9d702bcb,oci-a1-2ocpu-12g-zfs-product-baseline-f893a005-p1-p4/raw/P4-tx-w4-c1-parallel-blink-rep1.jsonl;oci-a1-2ocpu-12g-zfs-product-baseline-f893a005-p1-p4/raw/P4-tx-w4-c1-parallel-blink-rep2.jsonl;oci-a1-2ocpu-12g-zfs-product-baseline-f893a005-p1-p4/raw/P4-tx-w4-c1-parallel-blink-rep3.jsonl
P4-tx-w4-c1,product-core,rocksdb,tx/s,1216.3034708088128,682.9455268988835,1272.5149937078932,0.0,1216.3034708088128,4865.213883235251,0.0,777.087,1065.089,1472.213,0.0,0.0,0.0,777.087,1065.089,1472.213,4.998781320108551,0,0,0,,,,,,3,f893a0052963bc103533e276ece687b0ecaa6d1c,8f94708c5b330828f330f0a2aed9e519e37bb3e68f49c378839e653783dd20be,oci-a1-2ocpu-12g-zfs-product-baseline-f893a005-p1-p4/raw/P4-tx-w4-c1-rocksdb-rep1.jsonl;oci-a1-2ocpu-12g-zfs-product-baseline-f893a005-p1-p4/raw/P4-tx-w4-c1-rocksdb-rep2.jsonl;oci-a1-2ocpu-12g-zfs-product-baseline-f893a005-p1-p4/raw/P4-tx-w4-c1-rocksdb-rep3.jsonl
P4-tx-w4-c1,product-core,sqlite-wal,tx/s,857.9378494378985,851.629508519591,880.1497665082562,0.0,857.9378494378985,3431.751397751594,0.0,1062.1689999999999,1301.731,1914.616,0.0,0.0,0.0,1062.1689999999999,1301.731,1914.616,9.599304609095368,0,0,0,,,,,,3,f893a0052963bc103533e276ece687b0ecaa6d1c,161b202850e2e9921a7403d73f69407e495e0afbc0943b9180c7c3ed7a694239,oci-a1-2ocpu-12g-zfs-product-baseline-f893a005-p1-p4/raw/P4-tx-w4-c1-sqlite-wal-rep1.jsonl;oci-a1-2ocpu-12g-zfs-product-baseline-f893a005-p1-p4/raw/P4-tx-w4-c1-sqlite-wal-rep2.jsonl;oci-a1-2ocpu-12g-zfs-product-baseline-f893a005-p1-p4/raw/P4-tx-w4-c1-sqlite-wal-rep3.jsonl
P4-tx-w4-c1,product-core,turso-mvcc,tx/s,983.8808707202924,933.6300257449509,985.7682715093431,0.0,983.8808707202924,3935.5234828811695,0.0,949.288,1178.73,1492.373,0.0,0.0,0.0,949.288,1178.73,1492.373,10.09877722995422,0,0,0,,,,,,3,f893a0052963bc103533e276ece687b0ecaa6d1c,82e7966ab5a33d19d12280253c3b8251cd426218272650b41fdf5d7e798a28ab,oci-a1-2ocpu-12g-zfs-product-baseline-turso-0.8.2-pre.2-p1-p4-f893a005/raw/P4-tx-w4-c1-turso-mvcc-rep1.jsonl;oci-a1-2ocpu-12g-zfs-product-baseline-turso-0.8.2-pre.2-p1-p4-f893a005/raw/P4-tx-w4-c1-turso-mvcc-rep2.jsonl;oci-a1-2ocpu-12g-zfs-product-baseline-turso-0.8.2-pre.2-p1-p4-f893a005/raw/P4-tx-w4-c1-turso-mvcc-rep3.jsonl
P4-tx-w4-c1,product-core,turso-wal,tx/s,852.6792732345633,819.0116715421756,872.6499797749669,0.0,852.6792732345633,3410.7170929382532,0.0,1072.53,1321.452,2190.898,0.0,0.0,0.0,1072.53,1321.452,2190.898,11.197425196865684,0,0,0,,,,,,3,f893a0052963bc103533e276ece687b0ecaa6d1c,82e7966ab5a33d19d12280253c3b8251cd426218272650b41fdf5d7e798a28ab,oci-a1-2ocpu-12g-zfs-product-baseline-turso-0.8.2-pre.2-p1-p4-f893a005/raw/P4-tx-w4-c1-turso-wal-rep1.jsonl;oci-a1-2ocpu-12g-zfs-product-baseline-turso-0.8.2-pre.2-p1-p4-f893a005/raw/P4-tx-w4-c1-turso-wal-rep2.jsonl;oci-a1-2ocpu-12g-zfs-product-baseline-turso-0.8.2-pre.2-p1-p4-f893a005/raw/P4-tx-w4-c1-turso-wal-rep3.jsonl
P4-tx-w4-c16,product-core,main-btree,tx/s,2757.5152,2747.843116,2839.509715,0.0,2757.5152,11030.060798,0.0,5344.886,8386.032,11980.662,0.0,0.0,0.0,5344.886,8386.032,11980.662,19.496572,0,0,,0,2723,15.314655,287439892,,3,f893a0052963bc103533e276ece687b0ecaa6d1c,9dbba45e244b4c823afbfe1b7c1ba0a4c501010de7ad51bacab31cdf9d702bcb,oci-a1-2ocpu-12g-zfs-product-baseline-f893a005-p1-p4/raw/P4-tx-w4-c16-main-btree-rep1.jsonl;oci-a1-2ocpu-12g-zfs-product-baseline-f893a005-p1-p4/raw/P4-tx-w4-c16-main-btree-rep2.jsonl;oci-a1-2ocpu-12g-zfs-product-baseline-f893a005-p1-p4/raw/P4-tx-w4-c16-main-btree-rep3.jsonl
P4-tx-w4-c16,product-core,parallel-blink,tx/s,4832.761631,4709.275623,5023.814476,0.0,4832.761631,19331.046525,0.0,2950.826,4915.362,6504.976,0.0,0.0,0.0,2950.826,4915.362,6504.976,18.488376,0,0,,0,9433,7.722386,60165101,1.752578419513336,3,f893a0052963bc103533e276ece687b0ecaa6d1c,9dbba45e244b4c823afbfe1b7c1ba0a4c501010de7ad51bacab31cdf9d702bcb,oci-a1-2ocpu-12g-zfs-product-baseline-f893a005-p1-p4/raw/P4-tx-w4-c16-parallel-blink-rep1.jsonl;oci-a1-2ocpu-12g-zfs-product-baseline-f893a005-p1-p4/raw/P4-tx-w4-c16-parallel-blink-rep2.jsonl;oci-a1-2ocpu-12g-zfs-product-baseline-f893a005-p1-p4/raw/P4-tx-w4-c16-parallel-blink-rep3.jsonl
P4-tx-w4-c16,product-core,rocksdb,tx/s,6400.869820353263,6385.768856970374,6503.591198341523,0.0,6400.869820353263,25603.479281413052,0.0,2435.02,3167.4680000000003,3951.7140000000004,0.0,0.0,0.0,2435.02,3167.4680000000003,3951.7140000000004,18.296472535236862,0,0,0,,,,,,3,f893a0052963bc103533e276ece687b0ecaa6d1c,8f94708c5b330828f330f0a2aed9e519e37bb3e68f49c378839e653783dd20be,oci-a1-2ocpu-12g-zfs-product-baseline-f893a005-p1-p4/raw/P4-tx-w4-c16-rocksdb-rep1.jsonl;oci-a1-2ocpu-12g-zfs-product-baseline-f893a005-p1-p4/raw/P4-tx-w4-c16-rocksdb-rep2.jsonl;oci-a1-2ocpu-12g-zfs-product-baseline-f893a005-p1-p4/raw/P4-tx-w4-c16-rocksdb-rep3.jsonl
P4-tx-w4-c16,product-core,sqlite-wal,tx/s,773.4788219356789,751.4089248357819,779.4242380006974,0.0,773.4788219356789,3093.9152877427155,0.0,1085.9699999999998,3802.273,82136.105,0.0,0.0,0.0,1085.9699999999998,3802.273,82136.105,10.298311255703325,0,0,0,,,,,,3,f893a0052963bc103533e276ece687b0ecaa6d1c,161b202850e2e9921a7403d73f69407e495e0afbc0943b9180c7c3ed7a694239,oci-a1-2ocpu-12g-zfs-product-baseline-f893a005-p1-p4/raw/P4-tx-w4-c16-sqlite-wal-rep1.jsonl;oci-a1-2ocpu-12g-zfs-product-baseline-f893a005-p1-p4/raw/P4-tx-w4-c16-sqlite-wal-rep2.jsonl;oci-a1-2ocpu-12g-zfs-product-baseline-f893a005-p1-p4/raw/P4-tx-w4-c16-sqlite-wal-rep3.jsonl
P4-tx-w4-c16,product-core,turso-mvcc,tx/s,486.30709837583333,479.4988849217469,500.8656617877915,0.0,486.30709837583333,1945.2283935033333,0.0,28381.443,71851.37599999999,108452.21100000001,0.0,0.0,0.0,28381.443,71851.37599999999,108452.21100000001,93.30249135768992,0,580,580,,,,,,3,f893a0052963bc103533e276ece687b0ecaa6d1c,82e7966ab5a33d19d12280253c3b8251cd426218272650b41fdf5d7e798a28ab,oci-a1-2ocpu-12g-zfs-product-baseline-turso-0.8.2-pre.2-p1-p4-f893a005/raw/P4-tx-w4-c16-turso-mvcc-rep1.jsonl;oci-a1-2ocpu-12g-zfs-product-baseline-turso-0.8.2-pre.2-p1-p4-f893a005/raw/P4-tx-w4-c16-turso-mvcc-rep2.jsonl;oci-a1-2ocpu-12g-zfs-product-baseline-turso-0.8.2-pre.2-p1-p4-f893a005/raw/P4-tx-w4-c16-turso-mvcc-rep3.jsonl
P4-tx-w4-c16,product-core,turso-wal,tx/s,722.443454405344,699.9966822645962,724.8951182784236,0.0,722.443454405344,2889.773817621376,0.0,1278.0510000000002,94715.773,96306.62700000001,0.0,0.0,0.0,1243.25,7890.987999999999,75359.04699999999,14.670915374861544,0,0,37384,,,,,,3,f893a0052963bc103533e276ece687b0ecaa6d1c,82e7966ab5a33d19d12280253c3b8251cd426218272650b41fdf5d7e798a28ab,oci-a1-2ocpu-12g-zfs-product-baseline-turso-0.8.2-pre.2-p1-p4-f893a005/raw/P4-tx-w4-c16-turso-wal-rep1.jsonl;oci-a1-2ocpu-12g-zfs-product-baseline-turso-0.8.2-pre.2-p1-p4-f893a005/raw/P4-tx-w4-c16-turso-wal-rep2.jsonl;oci-a1-2ocpu-12g-zfs-product-baseline-turso-0.8.2-pre.2-p1-p4-f893a005/raw/P4-tx-w4-c16-turso-wal-rep3.jsonl
P4-tx-w4-c4,product-core,main-btree,tx/s,1251.732079,1231.139096,1266.249516,0.0,1251.732079,5006.928314,0.0,2966.346,5512.968,6116.853,0.0,0.0,0.0,2966.346,5512.968,6116.853,11.593814,0,0,,0,5095,3.672727,130525240,,3,f893a0052963bc103533e276ece687b0ecaa6d1c,9dbba45e244b4c823afbfe1b7c1ba0a4c501010de7ad51bacab31cdf9d702bcb,oci-a1-2ocpu-12g-zfs-product-baseline-f893a005-p1-p4/raw/P4-tx-w4-c4-main-btree-rep1.jsonl;oci-a1-2ocpu-12g-zfs-product-baseline-f893a005-p1-p4/raw/P4-tx-w4-c4-main-btree-rep2.jsonl;oci-a1-2ocpu-12g-zfs-product-baseline-f893a005-p1-p4/raw/P4-tx-w4-c4-main-btree-rep3.jsonl
P4-tx-w4-c4,product-core,parallel-blink,tx/s,1495.113711,1464.619241,1584.989187,0.0,1495.113711,5980.454844,0.0,2796.464,3488.509,4210.917,0.0,0.0,0.0,2796.464,3488.509,4210.917,11.094325,0,0,,0,14454,1.573864,18637606,1.1944358829522335,3,f893a0052963bc103533e276ece687b0ecaa6d1c,9dbba45e244b4c823afbfe1b7c1ba0a4c501010de7ad51bacab31cdf9d702bcb,oci-a1-2ocpu-12g-zfs-product-baseline-f893a005-p1-p4/raw/P4-tx-w4-c4-parallel-blink-rep1.jsonl;oci-a1-2ocpu-12g-zfs-product-baseline-f893a005-p1-p4/raw/P4-tx-w4-c4-parallel-blink-rep2.jsonl;oci-a1-2ocpu-12g-zfs-product-baseline-f893a005-p1-p4/raw/P4-tx-w4-c4-parallel-blink-rep3.jsonl
P4-tx-w4-c4,product-core,rocksdb,tx/s,2482.146908426901,2453.9957120592244,2498.6468184578766,0.0,2482.146908426901,9928.587633707604,0.0,1809.9360000000001,2306.8199999999997,2791.624,0.0,0.0,0.0,1809.9360000000001,2306.8199999999997,2791.624,10.597211708283048,0,0,0,,,,,,3,f893a0052963bc103533e276ece687b0ecaa6d1c,8f94708c5b330828f330f0a2aed9e519e37bb3e68f49c378839e653783dd20be,oci-a1-2ocpu-12g-zfs-product-baseline-f893a005-p1-p4/raw/P4-tx-w4-c4-rocksdb-rep1.jsonl;oci-a1-2ocpu-12g-zfs-product-baseline-f893a005-p1-p4/raw/P4-tx-w4-c4-rocksdb-rep2.jsonl;oci-a1-2ocpu-12g-zfs-product-baseline-f893a005-p1-p4/raw/P4-tx-w4-c4-rocksdb-rep3.jsonl
P4-tx-w4-c4,product-core,sqlite-wal,tx/s,859.477568077661,843.7779076966051,876.9372022249623,0.0,859.477568077661,3437.910272310644,0.0,1013.0479999999999,1351.971,5099.684,0.0,0.0,0.0,1013.0479999999999,1351.971,5099.684,10.065714888787214,0,0,0,,,,,,3,f893a0052963bc103533e276ece687b0ecaa6d1c,161b202850e2e9921a7403d73f69407e495e0afbc0943b9180c7c3ed7a694239,oci-a1-2ocpu-12g-zfs-product-baseline-f893a005-p1-p4/raw/P4-tx-w4-c4-sqlite-wal-rep1.jsonl;oci-a1-2ocpu-12g-zfs-product-baseline-f893a005-p1-p4/raw/P4-tx-w4-c4-sqlite-wal-rep2.jsonl;oci-a1-2ocpu-12g-zfs-product-baseline-f893a005-p1-p4/raw/P4-tx-w4-c4-sqlite-wal-rep3.jsonl
P4-tx-w4-c4,product-core,turso-mvcc,tx/s,1136.3572365083,1135.1477664578456,1139.046243707242,0.0,1136.3572365083,4545.4289460332,0.0,2352.54,9123.918,13573.757000000001,0.0,0.0,0.0,2352.54,9123.918,13573.757000000001,53.43841973981165,0,151,151,,,,,,3,f893a0052963bc103533e276ece687b0ecaa6d1c,82e7966ab5a33d19d12280253c3b8251cd426218272650b41fdf5d7e798a28ab,oci-a1-2ocpu-12g-zfs-product-baseline-turso-0.8.2-pre.2-p1-p4-f893a005/raw/P4-tx-w4-c4-turso-mvcc-rep1.jsonl;oci-a1-2ocpu-12g-zfs-product-baseline-turso-0.8.2-pre.2-p1-p4-f893a005/raw/P4-tx-w4-c4-turso-mvcc-rep2.jsonl;oci-a1-2ocpu-12g-zfs-product-baseline-turso-0.8.2-pre.2-p1-p4-f893a005/raw/P4-tx-w4-c4-turso-mvcc-rep3.jsonl
P4-tx-w4-c4,product-core,turso-wal,tx/s,777.903944516575,754.4719001927707,788.6174016749195,0.0,777.903944516575,3111.6157780663,0.0,1152.41,8411.873,94441.891,0.0,0.0,0.0,1145.89,1964.6170000000002,24926.334000000003,12.16568488283347,0,0,7484,,,,,,3,f893a0052963bc103533e276ece687b0ecaa6d1c,82e7966ab5a33d19d12280253c3b8251cd426218272650b41fdf5d7e798a28ab,oci-a1-2ocpu-12g-zfs-product-baseline-turso-0.8.2-pre.2-p1-p4-f893a005/raw/P4-tx-w4-c4-turso-wal-rep1.jsonl;oci-a1-2ocpu-12g-zfs-product-baseline-turso-0.8.2-pre.2-p1-p4-f893a005/raw/P4-tx-w4-c4-turso-wal-rep2.jsonl;oci-a1-2ocpu-12g-zfs-product-baseline-turso-0.8.2-pre.2-p1-p4-f893a005/raw/P4-tx-w4-c4-turso-wal-rep3.jsonl
P4-tx-w4-c64,product-core,main-btree,tx/s,4048.762727,3987.06406,4100.91102,0.0,4048.762727,16195.050909,0.0,15151.69,25066.695,30600.222,0.0,0.0,0.0,15151.69,25066.695,30600.222,25.723522,0,0,,0,1038,58.435897,423214672,,3,f893a0052963bc103533e276ece687b0ecaa6d1c,9dbba45e244b4c823afbfe1b7c1ba0a4c501010de7ad51bacab31cdf9d702bcb,oci-a1-2ocpu-12g-zfs-product-baseline-f893a005-p1-p4/raw/P4-tx-w4-c64-main-btree-rep1.jsonl;oci-a1-2ocpu-12g-zfs-product-baseline-f893a005-p1-p4/raw/P4-tx-w4-c64-main-btree-rep2.jsonl;oci-a1-2ocpu-12g-zfs-product-baseline-f893a005-p1-p4/raw/P4-tx-w4-c64-main-btree-rep3.jsonl
P4-tx-w4-c64,product-core,parallel-blink,tx/s,8313.952197,8134.7872,8360.128743,0.0,8313.952197,33255.808787,0.0,7423.783,9958.885,12807.71,0.0,0.0,0.0,7423.783,9958.885,12807.71,25.96924,0,0,,0,3788,32.833333,102964699,2.0534550324613283,3,f893a0052963bc103533e276ece687b0ecaa6d1c,9dbba45e244b4c823afbfe1b7c1ba0a4c501010de7ad51bacab31cdf9d702bcb,oci-a1-2ocpu-12g-zfs-product-baseline-f893a005-p1-p4/raw/P4-tx-w4-c64-parallel-blink-rep1.jsonl;oci-a1-2ocpu-12g-zfs-product-baseline-f893a005-p1-p4/raw/P4-tx-w4-c64-parallel-blink-rep2.jsonl;oci-a1-2ocpu-12g-zfs-product-baseline-f893a005-p1-p4/raw/P4-tx-w4-c64-parallel-blink-rep3.jsonl
P4-tx-w4-c64,product-core,rocksdb,tx/s,10993.534620215722,10747.089630143571,10998.67548832573,0.0,10993.534620215722,43974.138480862886,0.0,5516.527,8650.474,11593.298999999999,0.0,0.0,0.0,5516.527,8650.474,11593.298999999999,30.37149013035718,0,0,0,,,,,,3,f893a0052963bc103533e276ece687b0ecaa6d1c,8f94708c5b330828f330f0a2aed9e519e37bb3e68f49c378839e653783dd20be,oci-a1-2ocpu-12g-zfs-product-baseline-f893a005-p1-p4/raw/P4-tx-w4-c64-rocksdb-rep1.jsonl;oci-a1-2ocpu-12g-zfs-product-baseline-f893a005-p1-p4/raw/P4-tx-w4-c64-rocksdb-rep2.jsonl;oci-a1-2ocpu-12g-zfs-product-baseline-f893a005-p1-p4/raw/P4-tx-w4-c64-rocksdb-rep3.jsonl
P4-tx-w4-c64,product-core,sqlite-wal,tx/s,492.51590165114135,404.20518990236127,629.7395865626021,0.0,492.51590165114135,1970.0636066045654,0.0,1112.769,4087.8750000000005,5234791.1790000005,0.0,0.0,0.0,1112.769,4087.8750000000005,5234791.1790000005,6.988561375040245,0,0,0,,,,,,3,f893a0052963bc103533e276ece687b0ecaa6d1c,161b202850e2e9921a7403d73f69407e495e0afbc0943b9180c7c3ed7a694239,oci-a1-2ocpu-12g-zfs-product-baseline-f893a005-p1-p4/raw/P4-tx-w4-c64-sqlite-wal-rep1.jsonl;oci-a1-2ocpu-12g-zfs-product-baseline-f893a005-p1-p4/raw/P4-tx-w4-c64-sqlite-wal-rep2.jsonl;oci-a1-2ocpu-12g-zfs-product-baseline-f893a005-p1-p4/raw/P4-tx-w4-c64-sqlite-wal-rep3.jsonl
P4-tx-w4-c64,product-core,turso-mvcc,tx/s,316.55230405545024,308.829886130258,417.5184178238787,0.0,316.55230405545024,1266.209216221801,0.0,156250.701,456028.915,580012.699,0.0,0.0,0.0,156035.06,456337.958,581929.035,95.21524730837072,0,1678,1656,,,,,,3,f893a0052963bc103533e276ece687b0ecaa6d1c,82e7966ab5a33d19d12280253c3b8251cd426218272650b41fdf5d7e798a28ab,oci-a1-2ocpu-12g-zfs-product-baseline-turso-0.8.2-pre.2-p1-p4-f893a005/raw/P4-tx-w4-c64-turso-mvcc-rep1.jsonl;oci-a1-2ocpu-12g-zfs-product-baseline-turso-0.8.2-pre.2-p1-p4-f893a005/raw/P4-tx-w4-c64-turso-mvcc-rep2.jsonl;oci-a1-2ocpu-12g-zfs-product-baseline-turso-0.8.2-pre.2-p1-p4-f893a005/raw/P4-tx-w4-c64-turso-mvcc-rep3.jsonl
P4-tx-w4-c64,product-core,turso-wal,tx/s,668.2447436802689,641.9580309219583,670.2174285360966,0.0,668.2447436802689,2672.9789747210757,0.0,66099.568,96961.672,101670.67300000001,0.0,0.0,0.0,1406.092,67848.462,96282.947,25.82256355978706,0,0,155470,,,,,,3,f893a0052963bc103533e276ece687b0ecaa6d1c,82e7966ab5a33d19d12280253c3b8251cd426218272650b41fdf5d7e798a28ab,oci-a1-2ocpu-12g-zfs-product-baseline-turso-0.8.2-pre.2-p1-p4-f893a005/raw/P4-tx-w4-c64-turso-wal-rep1.jsonl;oci-a1-2ocpu-12g-zfs-product-baseline-turso-0.8.2-pre.2-p1-p4-f893a005/raw/P4-tx-w4-c64-turso-wal-rep2.jsonl;oci-a1-2ocpu-12g-zfs-product-baseline-turso-0.8.2-pre.2-p1-p4-f893a005/raw/P4-tx-w4-c64-turso-wal-rep3.jsonl
P4-tx-w4-spread-c64,product-core,main-btree,tx/s,5789.713735,5659.004685,5821.86423,0.0,5789.713735,23158.854939,0.0,10031.006,18769.401,23202.679,0.0,0.0,0.0,10031.006,18769.401,23202.679,22.692455,0,0,,0,1477,58.443548,363385256,,3,f893a0052963bc103533e276ece687b0ecaa6d1c,9dbba45e244b4c823afbfe1b7c1ba0a4c501010de7ad51bacab31cdf9d702bcb,oci-a1-2ocpu-12g-zfs-product-baseline-f893a005-p1-p4/raw/P4-tx-w4-spread-c64-main-btree-rep1.jsonl;oci-a1-2ocpu-12g-zfs-product-baseline-f893a005-p1-p4/raw/P4-tx-w4-spread-c64-main-btree-rep2.jsonl;oci-a1-2ocpu-12g-zfs-product-baseline-f893a005-p1-p4/raw/P4-tx-w4-spread-c64-main-btree-rep3.jsonl
P4-tx-w4-spread-c64,product-core,parallel-blink,tx/s,9631.235942,9568.642446,9651.250019,0.0,9631.235942,38524.943769,0.0,6474.335,8673.355,10934.174,0.0,0.0,0.0,6474.335,8673.355,10934.174,21.573288,0,0,,0,4329,33.436678,111720685,1.663508142687127,3,f893a0052963bc103533e276ece687b0ecaa6d1c,9dbba45e244b4c823afbfe1b7c1ba0a4c501010de7ad51bacab31cdf9d702bcb,oci-a1-2ocpu-12g-zfs-product-baseline-f893a005-p1-p4/raw/P4-tx-w4-spread-c64-parallel-blink-rep1.jsonl;oci-a1-2ocpu-12g-zfs-product-baseline-f893a005-p1-p4/raw/P4-tx-w4-spread-c64-parallel-blink-rep2.jsonl;oci-a1-2ocpu-12g-zfs-product-baseline-f893a005-p1-p4/raw/P4-tx-w4-spread-c64-parallel-blink-rep3.jsonl
P4-tx-w4-spread-c64,product-core,rocksdb,tx/s,11398.290582312167,11253.24870420532,11560.51766873093,0.0,11398.290582312167,45593.16232924867,0.0,5316.6849999999995,8392.872,11133.416,0.0,0.0,0.0,5316.6849999999995,8392.872,11133.416,29.385048023645155,0,0,0,,,,,,3,f893a0052963bc103533e276ece687b0ecaa6d1c,8f94708c5b330828f330f0a2aed9e519e37bb3e68f49c378839e653783dd20be,oci-a1-2ocpu-12g-zfs-product-baseline-f893a005-p1-p4/raw/P4-tx-w4-spread-c64-rocksdb-rep1.jsonl;oci-a1-2ocpu-12g-zfs-product-baseline-f893a005-p1-p4/raw/P4-tx-w4-spread-c64-rocksdb-rep2.jsonl;oci-a1-2ocpu-12g-zfs-product-baseline-f893a005-p1-p4/raw/P4-tx-w4-spread-c64-rocksdb-rep3.jsonl
P4-tx-w4-spread-c64,product-core,sqlite-wal,tx/s,714.4398483592474,594.4147276245537,768.7749048396455,0.0,714.4398483592474,2857.7593934369897,0.0,920.008,1450.412,4136545.359,0.0,0.0,0.0,920.008,1450.412,4136545.359,5.709607663645735,0,0,0,,,,,,3,f893a0052963bc103533e276ece687b0ecaa6d1c,161b202850e2e9921a7403d73f69407e495e0afbc0943b9180c7c3ed7a694239,oci-a1-2ocpu-12g-zfs-product-baseline-f893a005-p1-p4/raw/P4-tx-w4-spread-c64-sqlite-wal-rep1.jsonl;oci-a1-2ocpu-12g-zfs-product-baseline-f893a005-p1-p4/raw/P4-tx-w4-spread-c64-sqlite-wal-rep2.jsonl;oci-a1-2ocpu-12g-zfs-product-baseline-f893a005-p1-p4/raw/P4-tx-w4-spread-c64-sqlite-wal-rep3.jsonl
P4-tx-w4-spread-c64,product-core,turso-mvcc,tx/s,586.4420197508716,418.9355255112869,729.2111779117877,0.0,586.4420197508716,2345.7680790034865,0.0,52866.774,375999.028,533179.656,0.0,0.0,0.0,52866.774,375999.028,533179.656,94.96801836994656,0,62,61,,,,,,3,f893a0052963bc103533e276ece687b0ecaa6d1c,82e7966ab5a33d19d12280253c3b8251cd426218272650b41fdf5d7e798a28ab,oci-a1-2ocpu-12g-zfs-product-baseline-turso-0.8.2-pre.2-p1-p4-f893a005/raw/P4-tx-w4-spread-c64-turso-mvcc-rep1.jsonl;oci-a1-2ocpu-12g-zfs-product-baseline-turso-0.8.2-pre.2-p1-p4-f893a005/raw/P4-tx-w4-spread-c64-turso-mvcc-rep2.jsonl;oci-a1-2ocpu-12g-zfs-product-baseline-turso-0.8.2-pre.2-p1-p4-f893a005/raw/P4-tx-w4-spread-c64-turso-mvcc-rep3.jsonl
P4-tx-w4-spread-c64,product-core,turso-wal,tx/s,881.4746591547515,874.0949561884257,892.838190040802,0.0,881.4746591547515,3525.898636619006,0.0,4879.9220000000005,95795.622,99222.012,0.0,0.0,0.0,1177.6499999999999,65554.123,95557.42,22.071352967881104,0,0,157976,,,,,,3,f893a0052963bc103533e276ece687b0ecaa6d1c,82e7966ab5a33d19d12280253c3b8251cd426218272650b41fdf5d7e798a28ab,oci-a1-2ocpu-12g-zfs-product-baseline-turso-0.8.2-pre.2-p1-p4-f893a005/raw/P4-tx-w4-spread-c64-turso-wal-rep1.jsonl;oci-a1-2ocpu-12g-zfs-product-baseline-turso-0.8.2-pre.2-p1-p4-f893a005/raw/P4-tx-w4-spread-c64-turso-wal-rep2.jsonl;oci-a1-2ocpu-12g-zfs-product-baseline-turso-0.8.2-pre.2-p1-p4-f893a005/raw/P4-tx-w4-spread-c64-turso-wal-rep3.jsonl
P4-tx-w8-c1,product-core,main-btree,tx/s,437.243276,429.415003,438.600098,0.0,437.243276,3497.946209,0.0,2271.539,2614.223,2821.145,0.0,0.0,0.0,2271.539,2614.223,2821.145,8.796847,0,0,,0,6529,1.0,81905548,,3,f893a0052963bc103533e276ece687b0ecaa6d1c,9dbba45e244b4c823afbfe1b7c1ba0a4c501010de7ad51bacab31cdf9d702bcb,oci-a1-2ocpu-12g-zfs-product-baseline-f893a005-p1-p4/raw/P4-tx-w8-c1-main-btree-rep1.jsonl;oci-a1-2ocpu-12g-zfs-product-baseline-f893a005-p1-p4/raw/P4-tx-w8-c1-main-btree-rep2.jsonl;oci-a1-2ocpu-12g-zfs-product-baseline-f893a005-p1-p4/raw/P4-tx-w8-c1-main-btree-rep3.jsonl
P4-tx-w8-c1,product-core,parallel-blink,tx/s,890.855922,880.119886,927.103112,0.0,890.855922,7126.847372,0.0,1075.249,1372.332,1938.736,0.0,0.0,0.0,1075.249,1372.332,1938.736,11.298173,0,0,,0,13493,1.0,21930350,2.0374376711970297,3,f893a0052963bc103533e276ece687b0ecaa6d1c,9dbba45e244b4c823afbfe1b7c1ba0a4c501010de7ad51bacab31cdf9d702bcb,oci-a1-2ocpu-12g-zfs-product-baseline-f893a005-p1-p4/raw/P4-tx-w8-c1-parallel-blink-rep1.jsonl;oci-a1-2ocpu-12g-zfs-product-baseline-f893a005-p1-p4/raw/P4-tx-w8-c1-parallel-blink-rep2.jsonl;oci-a1-2ocpu-12g-zfs-product-baseline-f893a005-p1-p4/raw/P4-tx-w8-c1-parallel-blink-rep3.jsonl
P4-tx-w8-c1,product-core,rocksdb,tx/s,1152.3979772592393,1038.0690930513379,1189.6824477152777,0.0,1152.3979772592393,9219.183818073914,0.0,832.2470000000001,1084.209,1397.8120000000001,0.0,0.0,0.0,832.2470000000001,1084.209,1397.8120000000001,6.498860708125156,0,0,0,,,,,,3,f893a0052963bc103533e276ece687b0ecaa6d1c,8f94708c5b330828f330f0a2aed9e519e37bb3e68f49c378839e653783dd20be,oci-a1-2ocpu-12g-zfs-product-baseline-f893a005-p1-p4/raw/P4-tx-w8-c1-rocksdb-rep1.jsonl;oci-a1-2ocpu-12g-zfs-product-baseline-f893a005-p1-p4/raw/P4-tx-w8-c1-rocksdb-rep2.jsonl;oci-a1-2ocpu-12g-zfs-product-baseline-f893a005-p1-p4/raw/P4-tx-w8-c1-rocksdb-rep3.jsonl
P4-tx-w8-c1,product-core,sqlite-wal,tx/s,707.3719280772742,702.303462630173,708.5062206996157,0.0,707.3719280772742,5658.975424618194,0.0,1223.011,1530.733,2879.304,0.0,0.0,0.0,1223.011,1530.733,2879.304,12.498282008651998,0,0,0,,,,,,3,f893a0052963bc103533e276ece687b0ecaa6d1c,161b202850e2e9921a7403d73f69407e495e0afbc0943b9180c7c3ed7a694239,oci-a1-2ocpu-12g-zfs-product-baseline-f893a005-p1-p4/raw/P4-tx-w8-c1-sqlite-wal-rep1.jsonl;oci-a1-2ocpu-12g-zfs-product-baseline-f893a005-p1-p4/raw/P4-tx-w8-c1-sqlite-wal-rep2.jsonl;oci-a1-2ocpu-12g-zfs-product-baseline-f893a005-p1-p4/raw/P4-tx-w8-c1-sqlite-wal-rep3.jsonl
P4-tx-w8-c1,product-core,turso-mvcc,tx/s,833.8662266770389,759.0184594828978,869.0662529632411,0.0,833.8662266770389,6670.929813416311,0.0,1046.209,1299.131,1540.2530000000002,0.0,0.0,0.0,1046.209,1299.131,1540.2530000000002,12.39809196588149,0,0,0,,,,,,3,f893a0052963bc103533e276ece687b0ecaa6d1c,82e7966ab5a33d19d12280253c3b8251cd426218272650b41fdf5d7e798a28ab,oci-a1-2ocpu-12g-zfs-product-baseline-turso-0.8.2-pre.2-p1-p4-f893a005/raw/P4-tx-w8-c1-turso-mvcc-rep1.jsonl;oci-a1-2ocpu-12g-zfs-product-baseline-turso-0.8.2-pre.2-p1-p4-f893a005/raw/P4-tx-w8-c1-turso-mvcc-rep2.jsonl;oci-a1-2ocpu-12g-zfs-product-baseline-turso-0.8.2-pre.2-p1-p4-f893a005/raw/P4-tx-w8-c1-turso-mvcc-rep3.jsonl
P4-tx-w8-c1,product-core,turso-wal,tx/s,529.0927159758002,526.5082561469696,529.7034237302007,0.0,529.0927159758002,4232.741727806401,0.0,1674.8139999999999,2240.42,6442.816,0.0,0.0,0.0,1674.8139999999999,2240.42,6442.816,12.197776084387407,0,0,0,,,,,,3,f893a0052963bc103533e276ece687b0ecaa6d1c,82e7966ab5a33d19d12280253c3b8251cd426218272650b41fdf5d7e798a28ab,oci-a1-2ocpu-12g-zfs-product-baseline-turso-0.8.2-pre.2-p1-p4-f893a005/raw/P4-tx-w8-c1-turso-wal-rep1.jsonl;oci-a1-2ocpu-12g-zfs-product-baseline-turso-0.8.2-pre.2-p1-p4-f893a005/raw/P4-tx-w8-c1-turso-wal-rep2.jsonl;oci-a1-2ocpu-12g-zfs-product-baseline-turso-0.8.2-pre.2-p1-p4-f893a005/raw/P4-tx-w8-c1-turso-wal-rep3.jsonl
P4-tx-w8-c16,product-core,main-btree,tx/s,1793.896155,1777.454909,1848.068831,0.0,1793.896155,14351.16924,0.0,8214.71,13269.713,19281.446,0.0,0.0,0.0,8214.71,13269.713,19281.446,21.675005,0,0,,0,1751,15.450947,336257308,,3,f893a0052963bc103533e276ece687b0ecaa6d1c,9dbba45e244b4c823afbfe1b7c1ba0a4c501010de7ad51bacab31cdf9d702bcb,oci-a1-2ocpu-12g-zfs-product-baseline-f893a005-p1-p4/raw/P4-tx-w8-c16-main-btree-rep1.jsonl;oci-a1-2ocpu-12g-zfs-product-baseline-f893a005-p1-p4/raw/P4-tx-w8-c16-main-btree-rep2.jsonl;oci-a1-2ocpu-12g-zfs-product-baseline-f893a005-p1-p4/raw/P4-tx-w8-c16-main-btree-rep3.jsonl
P4-tx-w8-c16,product-core,parallel-blink,tx/s,3142.055563,3089.751785,3180.277579,0.0,3142.055563,25136.444502,0.0,4733.881,7561.784,9126.279,0.0,0.0,0.0,4733.881,7561.784,9126.279,21.181845,0,0,,0,6118,7.714493,77819335,1.7515258919767294,3,f893a0052963bc103533e276ece687b0ecaa6d1c,9dbba45e244b4c823afbfe1b7c1ba0a4c501010de7ad51bacab31cdf9d702bcb,oci-a1-2ocpu-12g-zfs-product-baseline-f893a005-p1-p4/raw/P4-tx-w8-c16-parallel-blink-rep1.jsonl;oci-a1-2ocpu-12g-zfs-product-baseline-f893a005-p1-p4/raw/P4-tx-w8-c16-parallel-blink-rep2.jsonl;oci-a1-2ocpu-12g-zfs-product-baseline-f893a005-p1-p4/raw/P4-tx-w8-c16-parallel-blink-rep3.jsonl
P4-tx-w8-c16,product-core,rocksdb,tx/s,3976.115075890456,3898.7582851914835,4070.3945315777537,0.0,3976.115075890456,31808.920607123648,0.0,3962.554,4709.96,6520.736,0.0,0.0,0.0,3962.554,4709.96,6520.736,17.78441259193138,0,0,0,,,,,,3,f893a0052963bc103533e276ece687b0ecaa6d1c,8f94708c5b330828f330f0a2aed9e519e37bb3e68f49c378839e653783dd20be,oci-a1-2ocpu-12g-zfs-product-baseline-f893a005-p1-p4/raw/P4-tx-w8-c16-rocksdb-rep1.jsonl;oci-a1-2ocpu-12g-zfs-product-baseline-f893a005-p1-p4/raw/P4-tx-w8-c16-rocksdb-rep2.jsonl;oci-a1-2ocpu-12g-zfs-product-baseline-f893a005-p1-p4/raw/P4-tx-w8-c16-rocksdb-rep3.jsonl
P4-tx-w8-c16,product-core,sqlite-wal,tx/s,591.7788928688584,575.3237951572089,621.22862455841,0.0,591.7788928688584,4734.231142950867,0.0,1324.0520000000001,5163.484,430930.456,0.0,0.0,0.0,1324.0520000000001,5163.484,430930.456,13.741462663043173,0,0,0,,,,,,3,f893a0052963bc103533e276ece687b0ecaa6d1c,161b202850e2e9921a7403d73f69407e495e0afbc0943b9180c7c3ed7a694239,oci-a1-2ocpu-12g-zfs-product-baseline-f893a005-p1-p4/raw/P4-tx-w8-c16-sqlite-wal-rep1.jsonl;oci-a1-2ocpu-12g-zfs-product-baseline-f893a005-p1-p4/raw/P4-tx-w8-c16-sqlite-wal-rep2.jsonl;oci-a1-2ocpu-12g-zfs-product-baseline-f893a005-p1-p4/raw/P4-tx-w8-c16-sqlite-wal-rep3.jsonl
P4-tx-w8-c16,product-core,turso-mvcc,tx/s,465.3169851154274,427.1327159120079,475.1555296032673,0.0,465.3169851154274,3722.5358809234194,0.0,28706.525999999998,84462.24500000001,120412.474,0.0,0.0,0.0,28694.047,84258.963,120062.231,91.60013606360302,0,1504,1502,,,,,,3,f893a0052963bc103533e276ece687b0ecaa6d1c,82e7966ab5a33d19d12280253c3b8251cd426218272650b41fdf5d7e798a28ab,oci-a1-2ocpu-12g-zfs-product-baseline-turso-0.8.2-pre.2-p1-p4-f893a005/raw/P4-tx-w8-c16-turso-mvcc-rep1.jsonl;oci-a1-2ocpu-12g-zfs-product-baseline-turso-0.8.2-pre.2-p1-p4-f893a005/raw/P4-tx-w8-c16-turso-mvcc-rep2.jsonl;oci-a1-2ocpu-12g-zfs-product-baseline-turso-0.8.2-pre.2-p1-p4-f893a005/raw/P4-tx-w8-c16-turso-mvcc-rep3.jsonl
P4-tx-w8-c16,product-core,turso-wal,tx/s,512.2788768294731,503.7235319866318,513.4399239671793,0.0,512.2788768294731,4098.231014635785,0.0,1884.656,95493.78,98323.164,0.0,0.0,0.0,1735.094,26347.187,86863.265,17.571319903749178,0,0,37169,,,,,,3,f893a0052963bc103533e276ece687b0ecaa6d1c,82e7966ab5a33d19d12280253c3b8251cd426218272650b41fdf5d7e798a28ab,oci-a1-2ocpu-12g-zfs-product-baseline-turso-0.8.2-pre.2-p1-p4-f893a005/raw/P4-tx-w8-c16-turso-wal-rep1.jsonl;oci-a1-2ocpu-12g-zfs-product-baseline-turso-0.8.2-pre.2-p1-p4-f893a005/raw/P4-tx-w8-c16-turso-wal-rep2.jsonl;oci-a1-2ocpu-12g-zfs-product-baseline-turso-0.8.2-pre.2-p1-p4-f893a005/raw/P4-tx-w8-c16-turso-wal-rep3.jsonl
P4-tx-w8-c4,product-core,main-btree,tx/s,1010.751892,1005.456975,1013.232943,0.0,1010.751892,8086.01514,0.0,3799.072,5700.049,7520.424,0.0,0.0,0.0,3799.072,5700.049,7520.424,14.493574,0,0,,0,3904,3.87433,189387780,,3,f893a0052963bc103533e276ece687b0ecaa6d1c,9dbba45e244b4c823afbfe1b7c1ba0a4c501010de7ad51bacab31cdf9d702bcb,oci-a1-2ocpu-12g-zfs-product-baseline-f893a005-p1-p4/raw/P4-tx-w8-c4-main-btree-rep1.jsonl;oci-a1-2ocpu-12g-zfs-product-baseline-f893a005-p1-p4/raw/P4-tx-w8-c4-main-btree-rep2.jsonl;oci-a1-2ocpu-12g-zfs-product-baseline-f893a005-p1-p4/raw/P4-tx-w8-c4-main-btree-rep3.jsonl
P4-tx-w8-c4,product-core,parallel-blink,tx/s,1343.124165,1301.481692,1400.633982,0.0,1343.124165,10744.993321,0.0,3076.226,4083.355,4903.242,0.0,0.0,0.0,3076.226,4083.355,4903.242,13.696421,0,0,,0,12948,1.559439,33225559,1.3288366567806533,3,f893a0052963bc103533e276ece687b0ecaa6d1c,9dbba45e244b4c823afbfe1b7c1ba0a4c501010de7ad51bacab31cdf9d702bcb,oci-a1-2ocpu-12g-zfs-product-baseline-f893a005-p1-p4/raw/P4-tx-w8-c4-parallel-blink-rep1.jsonl;oci-a1-2ocpu-12g-zfs-product-baseline-f893a005-p1-p4/raw/P4-tx-w8-c4-parallel-blink-rep2.jsonl;oci-a1-2ocpu-12g-zfs-product-baseline-f893a005-p1-p4/raw/P4-tx-w8-c4-parallel-blink-rep3.jsonl
P4-tx-w8-c4,product-core,rocksdb,tx/s,2346.188669274019,2267.0680004691503,2397.320599687493,0.0,2346.188669274019,18769.509354192152,0.0,1831.776,2414.181,2719.7039999999997,0.0,0.0,0.0,1831.776,2414.181,2719.7039999999997,14.293838603705892,0,0,0,,,,,,3,f893a0052963bc103533e276ece687b0ecaa6d1c,8f94708c5b330828f330f0a2aed9e519e37bb3e68f49c378839e653783dd20be,oci-a1-2ocpu-12g-zfs-product-baseline-f893a005-p1-p4/raw/P4-tx-w8-c4-rocksdb-rep1.jsonl;oci-a1-2ocpu-12g-zfs-product-baseline-f893a005-p1-p4/raw/P4-tx-w8-c4-rocksdb-rep2.jsonl;oci-a1-2ocpu-12g-zfs-product-baseline-f893a005-p1-p4/raw/P4-tx-w8-c4-rocksdb-rep3.jsonl
P4-tx-w8-c4,product-core,sqlite-wal,tx/s,652.1495275529085,622.3033794397519,653.6958985758408,0.0,652.1495275529085,5217.196220423268,0.0,1259.611,4736.6810000000005,21335.343,0.0,0.0,0.0,1259.611,4736.6810000000005,21335.343,13.614119588250754,0,0,0,,,,,,3,f893a0052963bc103533e276ece687b0ecaa6d1c,161b202850e2e9921a7403d73f69407e495e0afbc0943b9180c7c3ed7a694239,oci-a1-2ocpu-12g-zfs-product-baseline-f893a005-p1-p4/raw/P4-tx-w8-c4-sqlite-wal-rep1.jsonl;oci-a1-2ocpu-12g-zfs-product-baseline-f893a005-p1-p4/raw/P4-tx-w8-c4-sqlite-wal-rep2.jsonl;oci-a1-2ocpu-12g-zfs-product-baseline-f893a005-p1-p4/raw/P4-tx-w8-c4-sqlite-wal-rep3.jsonl
P4-tx-w8-c4,product-core,turso-mvcc,tx/s,852.8543805690414,826.1416497808541,853.5664964713791,0.0,852.8543805690414,6822.835044552331,0.0,3402.949,11824.262,18400.757999999998,0.0,0.0,0.0,3402.949,11824.262,18400.757999999998,64.08246945867346,0,364,364,,,,,,3,f893a0052963bc103533e276ece687b0ecaa6d1c,82e7966ab5a33d19d12280253c3b8251cd426218272650b41fdf5d7e798a28ab,oci-a1-2ocpu-12g-zfs-product-baseline-turso-0.8.2-pre.2-p1-p4-f893a005/raw/P4-tx-w8-c4-turso-mvcc-rep1.jsonl;oci-a1-2ocpu-12g-zfs-product-baseline-turso-0.8.2-pre.2-p1-p4-f893a005/raw/P4-tx-w8-c4-turso-mvcc-rep2.jsonl;oci-a1-2ocpu-12g-zfs-product-baseline-turso-0.8.2-pre.2-p1-p4-f893a005/raw/P4-tx-w8-c4-turso-mvcc-rep3.jsonl
P4-tx-w8-c4,product-core,turso-wal,tx/s,518.2731144608385,517.0150206796184,520.5589722034828,0.0,518.2731144608385,4146.184915686708,0.0,1747.255,86504.30200000001,94865.25499999999,0.0,0.0,0.0,1733.375,3044.226,38953.135,13.663398501756893,0,0,7456,,,,,,3,f893a0052963bc103533e276ece687b0ecaa6d1c,82e7966ab5a33d19d12280253c3b8251cd426218272650b41fdf5d7e798a28ab,oci-a1-2ocpu-12g-zfs-product-baseline-turso-0.8.2-pre.2-p1-p4-f893a005/raw/P4-tx-w8-c4-turso-wal-rep1.jsonl;oci-a1-2ocpu-12g-zfs-product-baseline-turso-0.8.2-pre.2-p1-p4-f893a005/raw/P4-tx-w8-c4-turso-wal-rep2.jsonl;oci-a1-2ocpu-12g-zfs-product-baseline-turso-0.8.2-pre.2-p1-p4-f893a005/raw/P4-tx-w8-c4-turso-wal-rep3.jsonl
P4-tx-w8-c64,product-core,main-btree,tx/s,2366.862895,2347.464279,2428.680892,0.0,2366.862895,18934.903157,0.0,25436.378,44234.74,55528.317,0.0,0.0,0.0,25436.378,44234.74,55528.317,25.989996,0,0,,0,592,60.263959,444663940,,3,f893a0052963bc103533e276ece687b0ecaa6d1c,9dbba45e244b4c823afbfe1b7c1ba0a4c501010de7ad51bacab31cdf9d702bcb,oci-a1-2ocpu-12g-zfs-product-baseline-f893a005-p1-p4/raw/P4-tx-w8-c64-main-btree-rep1.jsonl;oci-a1-2ocpu-12g-zfs-product-baseline-f893a005-p1-p4/raw/P4-tx-w8-c64-main-btree-rep2.jsonl;oci-a1-2ocpu-12g-zfs-product-baseline-f893a005-p1-p4/raw/P4-tx-w8-c64-main-btree-rep3.jsonl
P4-tx-w8-c64,product-core,parallel-blink,tx/s,5475.057741,5379.513107,5547.156118,0.0,5475.057741,43800.461924,0.0,11248.056,17266.908,21533.024,0.0,0.0,0.0,11248.056,17266.908,21533.024,30.363386,0,0,,0,2263,36.628838,133802652,2.313212882996334,3,f893a0052963bc103533e276ece687b0ecaa6d1c,9dbba45e244b4c823afbfe1b7c1ba0a4c501010de7ad51bacab31cdf9d702bcb,oci-a1-2ocpu-12g-zfs-product-baseline-f893a005-p1-p4/raw/P4-tx-w8-c64-parallel-blink-rep1.jsonl;oci-a1-2ocpu-12g-zfs-product-baseline-f893a005-p1-p4/raw/P4-tx-w8-c64-parallel-blink-rep2.jsonl;oci-a1-2ocpu-12g-zfs-product-baseline-f893a005-p1-p4/raw/P4-tx-w8-c64-parallel-blink-rep3.jsonl
P4-tx-w8-c64,product-core,rocksdb,tx/s,7809.051978245141,7759.091300782768,7831.976557055821,0.0,7809.051978245141,62472.41582596113,0.0,7661.185,12465.667,19370.166,0.0,0.0,0.0,7661.185,12465.667,19370.166,32.9452168748046,0,0,0,,,,,,3,f893a0052963bc103533e276ece687b0ecaa6d1c,8f94708c5b330828f330f0a2aed9e519e37bb3e68f49c378839e653783dd20be,oci-a1-2ocpu-12g-zfs-product-baseline-f893a005-p1-p4/raw/P4-tx-w8-c64-rocksdb-rep1.jsonl;oci-a1-2ocpu-12g-zfs-product-baseline-f893a005-p1-p4/raw/P4-tx-w8-c64-rocksdb-rep2.jsonl;oci-a1-2ocpu-12g-zfs-product-baseline-f893a005-p1-p4/raw/P4-tx-w8-c64-rocksdb-rep3.jsonl
P4-tx-w8-c64,product-core,sqlite-wal,tx/s,485.8622839112428,478.5593227669482,501.1243350196847,0.0,485.8622839112428,3886.8982712899424,0.0,1479.052,433233.79600000003,3335508.768,0.0,0.0,0.0,1479.052,433233.79600000003,3335508.768,14.484241003842257,0,0,0,,,,,,3,f893a0052963bc103533e276ece687b0ecaa6d1c,161b202850e2e9921a7403d73f69407e495e0afbc0943b9180c7c3ed7a694239,oci-a1-2ocpu-12g-zfs-product-baseline-f893a005-p1-p4/raw/P4-tx-w8-c64-sqlite-wal-rep1.jsonl;oci-a1-2ocpu-12g-zfs-product-baseline-f893a005-p1-p4/raw/P4-tx-w8-c64-sqlite-wal-rep2.jsonl;oci-a1-2ocpu-12g-zfs-product-baseline-f893a005-p1-p4/raw/P4-tx-w8-c64-sqlite-wal-rep3.jsonl
P4-tx-w8-c64,product-core,turso-mvcc,tx/s,245.27694936542747,225.13718949281278,273.69934990997166,0.0,245.27694936542747,1962.2155949234198,0.0,175461.066,595121.588,1045168.1319999999,0.0,0.0,0.0,172003.197,612987.0619999999,1063841.172,94.31660524772194,0,6935,6738,,,,,,3,f893a0052963bc103533e276ece687b0ecaa6d1c,82e7966ab5a33d19d12280253c3b8251cd426218272650b41fdf5d7e798a28ab,oci-a1-2ocpu-12g-zfs-product-baseline-turso-0.8.2-pre.2-p1-p4-f893a005/raw/P4-tx-w8-c64-turso-mvcc-rep1.jsonl;oci-a1-2ocpu-12g-zfs-product-baseline-turso-0.8.2-pre.2-p1-p4-f893a005/raw/P4-tx-w8-c64-turso-mvcc-rep2.jsonl;oci-a1-2ocpu-12g-zfs-product-baseline-turso-0.8.2-pre.2-p1-p4-f893a005/raw/P4-tx-w8-c64-turso-mvcc-rep3.jsonl
P4-tx-w8-c64,product-core,turso-wal,tx/s,435.8157061047924,435.62175090131245,438.2652924290913,0.0,435.8157061047924,3486.5256488383393,0.0,94317.61,97954.881,101899.315,0.0,0.0,0.0,2480.781,77669.147,97650.398,27.275415934811903,0,0,154347,,,,,,3,f893a0052963bc103533e276ece687b0ecaa6d1c,82e7966ab5a33d19d12280253c3b8251cd426218272650b41fdf5d7e798a28ab,oci-a1-2ocpu-12g-zfs-product-baseline-turso-0.8.2-pre.2-p1-p4-f893a005/raw/P4-tx-w8-c64-turso-wal-rep1.jsonl;oci-a1-2ocpu-12g-zfs-product-baseline-turso-0.8.2-pre.2-p1-p4-f893a005/raw/P4-tx-w8-c64-turso-wal-rep2.jsonl;oci-a1-2ocpu-12g-zfs-product-baseline-turso-0.8.2-pre.2-p1-p4-f893a005/raw/P4-tx-w8-c64-turso-wal-rep3.jsonl
P4-tx-w8-spread-c64,product-core,main-btree,tx/s,4314.530207,4221.57962,4314.733654,0.0,4314.530207,34516.241658,0.0,14185.082,21611.306,28688.206,0.0,0.0,0.0,14185.082,21611.306,28688.206,25.828903,0,0,,0,1057,60.980282,390933620,,3,f893a0052963bc103533e276ece687b0ecaa6d1c,9dbba45e244b4c823afbfe1b7c1ba0a4c501010de7ad51bacab31cdf9d702bcb,oci-a1-2ocpu-12g-zfs-product-baseline-f893a005-p1-p4/raw/P4-tx-w8-spread-c64-main-btree-rep1.jsonl;oci-a1-2ocpu-12g-zfs-product-baseline-f893a005-p1-p4/raw/P4-tx-w8-spread-c64-main-btree-rep2.jsonl;oci-a1-2ocpu-12g-zfs-product-baseline-f893a005-p1-p4/raw/P4-tx-w8-spread-c64-main-btree-rep3.jsonl
P4-tx-w8-spread-c64,product-core,parallel-blink,tx/s,6806.543876,6780.900274,6878.212418,0.0,6806.543876,54452.351004,0.0,9144.559,14164.482,16805.224,0.0,0.0,0.0,9144.559,14164.482,16805.224,25.054554,0,0,,0,2803,36.72,153684911,1.5775863302467776,3,f893a0052963bc103533e276ece687b0ecaa6d1c,9dbba45e244b4c823afbfe1b7c1ba0a4c501010de7ad51bacab31cdf9d702bcb,oci-a1-2ocpu-12g-zfs-product-baseline-f893a005-p1-p4/raw/P4-tx-w8-spread-c64-parallel-blink-rep1.jsonl;oci-a1-2ocpu-12g-zfs-product-baseline-f893a005-p1-p4/raw/P4-tx-w8-spread-c64-parallel-blink-rep2.jsonl;oci-a1-2ocpu-12g-zfs-product-baseline-f893a005-p1-p4/raw/P4-tx-w8-spread-c64-parallel-blink-rep3.jsonl
P4-tx-w8-spread-c64,product-core,rocksdb,tx/s,8099.976507430937,8099.146849699979,8192.66507523738,0.0,8099.976507430937,64799.8120594475,0.0,7416.903,11823.821,15612.294,0.0,0.0,0.0,7416.903,11823.821,15612.294,30.567456913324946,0,0,0,,,,,,3,f893a0052963bc103533e276ece687b0ecaa6d1c,8f94708c5b330828f330f0a2aed9e519e37bb3e68f49c378839e653783dd20be,oci-a1-2ocpu-12g-zfs-product-baseline-f893a005-p1-p4/raw/P4-tx-w8-spread-c64-rocksdb-rep1.jsonl;oci-a1-2ocpu-12g-zfs-product-baseline-f893a005-p1-p4/raw/P4-tx-w8-spread-c64-rocksdb-rep2.jsonl;oci-a1-2ocpu-12g-zfs-product-baseline-f893a005-p1-p4/raw/P4-tx-w8-spread-c64-rocksdb-rep3.jsonl
P4-tx-w8-spread-c64,product-core,sqlite-wal,tx/s,579.3101147410356,500.62646910456425,596.0376279936481,0.0,579.3101147410356,4634.480917928285,0.0,1025.009,3673.9519999999998,3633594.126,0.0,0.0,0.0,1025.009,3673.9519999999998,3633594.126,6.909645308268727,0,0,0,,,,,,3,f893a0052963bc103533e276ece687b0ecaa6d1c,161b202850e2e9921a7403d73f69407e495e0afbc0943b9180c7c3ed7a694239,oci-a1-2ocpu-12g-zfs-product-baseline-f893a005-p1-p4/raw/P4-tx-w8-spread-c64-sqlite-wal-rep1.jsonl;oci-a1-2ocpu-12g-zfs-product-baseline-f893a005-p1-p4/raw/P4-tx-w8-spread-c64-sqlite-wal-rep2.jsonl;oci-a1-2ocpu-12g-zfs-product-baseline-f893a005-p1-p4/raw/P4-tx-w8-spread-c64-sqlite-wal-rep3.jsonl
P4-tx-w8-spread-c64,product-core,turso-mvcc,tx/s,288.1938790627545,284.52792979880894,289.4656482498729,0.0,288.1938790627545,2305.551032502036,0.0,168814.52899999998,496021.498,750456.4820000001,0.0,0.0,0.0,168814.52899999998,496021.498,750456.4820000001,94.90954066662522,0,0,0,,,,,,3,f893a0052963bc103533e276ece687b0ecaa6d1c,82e7966ab5a33d19d12280253c3b8251cd426218272650b41fdf5d7e798a28ab,oci-a1-2ocpu-12g-zfs-product-baseline-turso-0.8.2-pre.2-p1-p4-f893a005/raw/P4-tx-w8-spread-c64-turso-mvcc-rep1.jsonl;oci-a1-2ocpu-12g-zfs-product-baseline-turso-0.8.2-pre.2-p1-p4-f893a005/raw/P4-tx-w8-spread-c64-turso-mvcc-rep2.jsonl;oci-a1-2ocpu-12g-zfs-product-baseline-turso-0.8.2-pre.2-p1-p4-f893a005/raw/P4-tx-w8-spread-c64-turso-mvcc-rep3.jsonl
P4-tx-w8-spread-c64,product-core,turso-wal,tx/s,786.1720964695994,734.3087430048628,791.031511848464,0.0,786.1720964695994,6289.376771756795,0.0,34801.098000000005,95892.18400000001,102911.243,0.0,0.0,0.0,1258.451,75165.00499999999,95683.581,23.929046477935188,0,0,156881,,,,,,3,f893a0052963bc103533e276ece687b0ecaa6d1c,82e7966ab5a33d19d12280253c3b8251cd426218272650b41fdf5d7e798a28ab,oci-a1-2ocpu-12g-zfs-product-baseline-turso-0.8.2-pre.2-p1-p4-f893a005/raw/P4-tx-w8-spread-c64-turso-wal-rep1.jsonl;oci-a1-2ocpu-12g-zfs-product-baseline-turso-0.8.2-pre.2-p1-p4-f893a005/raw/P4-tx-w8-spread-c64-turso-wal-rep2.jsonl;oci-a1-2ocpu-12g-zfs-product-baseline-turso-0.8.2-pre.2-p1-p4-f893a005/raw/P4-tx-w8-spread-c64-turso-wal-rep3.jsonl
P5-mixed-95-5-c16,product-core,main-btree,ops/s,17889.157912,17548.383586,17930.082266,16994.889903,894.268009,894.268009,0.0,1.92,231.002,1137.57,1.88,2.84,5.24,1038.449,1283.491,3151.947,55.37246,0,0,,0,13342,1.0,37492120,,3,f893a0052963bc103533e276ece687b0ecaa6d1c,5fe27a8338fb6881fc5ffd6e06b7165e11a2cb6d1ad93d25cf380ead800eda23,oci-a1-2ocpu-12g-zfs-product-baseline-continuation-f893a005/raw/P5-mixed-95-5-c16-main-btree-rep1.jsonl;oci-a1-2ocpu-12g-zfs-product-baseline-continuation-f893a005/raw/P5-mixed-95-5-c16-main-btree-rep2.jsonl;oci-a1-2ocpu-12g-zfs-product-baseline-continuation-f893a005/raw/P5-mixed-95-5-c16-main-btree-rep3.jsonl
P5-mixed-95-5-c16,product-core,parallel-blink,ops/s,18608.810039,10736.283435,22484.344796,17678.559425,930.250614,930.250614,0.0,1.56,427.763,980.888,1.56,2.36,4.04,775.207,3150.387,4951.323,49.970489,0,0,,0,12958,1.0,3128841,1.0402283959110932,3,f893a0052963bc103533e276ece687b0ecaa6d1c,5fe27a8338fb6881fc5ffd6e06b7165e11a2cb6d1ad93d25cf380ead800eda23,oci-a1-2ocpu-12g-zfs-product-baseline-continuation-f893a005/raw/P5-mixed-95-5-c16-parallel-blink-rep1.jsonl;oci-a1-2ocpu-12g-zfs-product-baseline-continuation-f893a005/raw/P5-mixed-95-5-c16-parallel-blink-rep2.jsonl;oci-a1-2ocpu-12g-zfs-product-baseline-continuation-f893a005/raw/P5-mixed-95-5-c16-parallel-blink-rep3.jsonl
P5-mixed-95-5-c16,product-core,rocksdb,ops/s,146094.1235508356,145560.47842652744,151792.356193502,138767.24621729256,146094.1235508356,7326.877333543033,0.0,2.44,950.968,2543.422,2.4,4.16,8.2,2068.818,3129.987,3982.7150000000006,33.98535581213661,0,0,0,,,,,,3,f893a0052963bc103533e276ece687b0ecaa6d1c,8f94708c5b330828f330f0a2aed9e519e37bb3e68f49c378839e653783dd20be,oci-a1-2ocpu-12g-zfs-product-baseline-continuation-f893a005/raw/P5-mixed-95-5-c16-rocksdb-rep1.jsonl;oci-a1-2ocpu-12g-zfs-product-baseline-continuation-f893a005/raw/P5-mixed-95-5-c16-rocksdb-rep2.jsonl;oci-a1-2ocpu-12g-zfs-product-baseline-continuation-f893a005/raw/P5-mixed-95-5-c16-rocksdb-rep3.jsonl
P5-mixed-95-5-c16,product-core,sqlite-wal,ops/s,14145.482193162181,13916.085092619718,14500.71893311409,13412.197489225437,14145.482193162181,733.2847039367437,0.0,18.4,801.607,4052.715,18.04,53.121,161.001,1024.7279999999998,80415.21,530867.2359999999,20.937521802163907,0,0,0,,,,,,3,f893a0052963bc103533e276ece687b0ecaa6d1c,afb56e097ae2a02d4b7e05feffbd25ad721255ec62c27e6da2f527336ce8b8cd,oci-a1-2ocpu-12g-zfs-product-baseline-continuation-f893a005/raw/P5-mixed-95-5-c16-sqlite-wal-rep1.jsonl;oci-a1-2ocpu-12g-zfs-product-baseline-continuation-f893a005/raw/P5-mixed-95-5-c16-sqlite-wal-rep2.jsonl;oci-a1-2ocpu-12g-zfs-product-baseline-continuation-f893a005/raw/P5-mixed-95-5-c16-sqlite-wal-rep3.jsonl
P5-mixed-95-5-c16,product-core,turso-mvcc,ops/s,24958.19470897608,23832.613290915717,26852.904410206982,23680.85559208954,24958.19470897608,1277.3391168865405,0.0,46.480000000000004,4591.159,13826.559000000001,45.88,114.32100000000001,2627.623,8564.153,20221.733,30043.658,89.56768263658948,0,29,29,,,,,,3,f893a0052963bc103533e276ece687b0ecaa6d1c,82e7966ab5a33d19d12280253c3b8251cd426218272650b41fdf5d7e798a28ab,oci-a1-2ocpu-12g-zfs-product-baseline-turso-0.8.2-pre.2-tail-seedmatch-f893a005/raw/P5-mixed-95-5-c16-turso-mvcc-rep1.jsonl;oci-a1-2ocpu-12g-zfs-product-baseline-turso-0.8.2-pre.2-tail-seedmatch-f893a005/raw/P5-mixed-95-5-c16-turso-mvcc-rep2.jsonl;oci-a1-2ocpu-12g-zfs-product-baseline-turso-0.8.2-pre.2-tail-seedmatch-f893a005/raw/P5-mixed-95-5-c16-turso-mvcc-rep3.jsonl
P5-mixed-95-5-c16,product-core,turso-wal,ops/s,11695.989246421592,11638.63809988666,12036.120510108283,11159.06746328199,11695.989246421592,537.4612563277468,0.0,69.20100000000001,1501.453,55713.437999999995,68.2,431.043,1639.094,2872.224,75388.16600000001,100106.61799999999,55.759555783287,0,0,46763,,,,,,3,f893a0052963bc103533e276ece687b0ecaa6d1c,82e7966ab5a33d19d12280253c3b8251cd426218272650b41fdf5d7e798a28ab,oci-a1-2ocpu-12g-zfs-product-baseline-turso-0.8.2-pre.2-tail-seedmatch-f893a005/raw/P5-mixed-95-5-c16-turso-wal-rep1.jsonl;oci-a1-2ocpu-12g-zfs-product-baseline-turso-0.8.2-pre.2-tail-seedmatch-f893a005/raw/P5-mixed-95-5-c16-turso-wal-rep2.jsonl;oci-a1-2ocpu-12g-zfs-product-baseline-turso-0.8.2-pre.2-tail-seedmatch-f893a005/raw/P5-mixed-95-5-c16-turso-wal-rep3.jsonl
P5-mixed-95-5-c4,product-core,main-btree,ops/s,17886.085286,17729.877308,18272.385636,16992.540464,893.544821,893.544821,0.0,1.8,56.641,1145.77,1.8,2.8,5.08,1042.609,1399.692,2289.66,55.759115,0,0,,0,13470,1.0,37466980,,3,f893a0052963bc103533e276ece687b0ecaa6d1c,5fe27a8338fb6881fc5ffd6e06b7165e11a2cb6d1ad93d25cf380ead800eda23,oci-a1-2ocpu-12g-zfs-product-baseline-continuation-f893a005/raw/P5-mixed-95-5-c4-main-btree-rep1.jsonl;oci-a1-2ocpu-12g-zfs-product-baseline-continuation-f893a005/raw/P5-mixed-95-5-c4-main-btree-rep2.jsonl;oci-a1-2ocpu-12g-zfs-product-baseline-continuation-f893a005/raw/P5-mixed-95-5-c4-main-btree-rep3.jsonl
P5-mixed-95-5-c4,product-core,parallel-blink,ops/s,21527.482242,18812.749274,22447.683472,20452.057622,1075.42462,1075.42462,0.0,1.6,299.442,914.088,1.6,2.36,4.28,754.926,1743.895,4472.119,48.674161,0,0,,0,15698,1.0,3609395,1.2035882585693713,3,f893a0052963bc103533e276ece687b0ecaa6d1c,5fe27a8338fb6881fc5ffd6e06b7165e11a2cb6d1ad93d25cf380ead800eda23,oci-a1-2ocpu-12g-zfs-product-baseline-continuation-f893a005/raw/P5-mixed-95-5-c4-parallel-blink-rep1.jsonl;oci-a1-2ocpu-12g-zfs-product-baseline-continuation-f893a005/raw/P5-mixed-95-5-c4-parallel-blink-rep2.jsonl;oci-a1-2ocpu-12g-zfs-product-baseline-continuation-f893a005/raw/P5-mixed-95-5-c4-parallel-blink-rep3.jsonl
P5-mixed-95-5-c4,product-core,rocksdb,ops/s,49230.186037889536,48563.5113211813,49399.90611304492,46776.36492226427,49230.186037889536,2453.8211156252632,0.0,2.56,130.881,1906.857,2.52,5.32,10.200000000000001,1667.414,2154.618,2515.1420000000003,14.696532920343614,0,0,0,,,,,,3,f893a0052963bc103533e276ece687b0ecaa6d1c,8f94708c5b330828f330f0a2aed9e519e37bb3e68f49c378839e653783dd20be,oci-a1-2ocpu-12g-zfs-product-baseline-continuation-f893a005/raw/P5-mixed-95-5-c4-rocksdb-rep1.jsonl;oci-a1-2ocpu-12g-zfs-product-baseline-continuation-f893a005/raw/P5-mixed-95-5-c4-rocksdb-rep2.jsonl;oci-a1-2ocpu-12g-zfs-product-baseline-continuation-f893a005/raw/P5-mixed-95-5-c4-rocksdb-rep3.jsonl
P5-mixed-95-5-c4,product-core,sqlite-wal,ops/s,15927.677317360722,15354.246366890635,16271.09284223101,15126.579944107856,15927.677317360722,801.0973732528655,0.0,14.92,672.606,1079.3700000000001,14.48,35.36,60.64,912.248,4297.677,104594.37700000001,17.9050235710063,0,0,0,,,,,,3,f893a0052963bc103533e276ece687b0ecaa6d1c,afb56e097ae2a02d4b7e05feffbd25ad721255ec62c27e6da2f527336ce8b8cd,oci-a1-2ocpu-12g-zfs-product-baseline-continuation-f893a005/raw/P5-mixed-95-5-c4-sqlite-wal-rep1.jsonl;oci-a1-2ocpu-12g-zfs-product-baseline-continuation-f893a005/raw/P5-mixed-95-5-c4-sqlite-wal-rep2.jsonl;oci-a1-2ocpu-12g-zfs-product-baseline-continuation-f893a005/raw/P5-mixed-95-5-c4-sqlite-wal-rep3.jsonl
P5-mixed-95-5-c4,product-core,turso-mvcc,ops/s,21123.178302933866,20194.432164022943,21736.930883508267,20071.04682874555,21123.178302933866,1065.3230922157538,0.0,41.400999999999996,1188.69,3213.748,41.001000000000005,110.801,471.044,2209.5389999999998,4559.639,6907.579,60.56596895403084,118,1,140,,,,,,3,f893a0052963bc103533e276ece687b0ecaa6d1c,82e7966ab5a33d19d12280253c3b8251cd426218272650b41fdf5d7e798a28ab,oci-a1-2ocpu-12g-zfs-product-baseline-turso-0.8.2-pre.2-tail-seedmatch-f893a005/raw/P5-mixed-95-5-c4-turso-mvcc-rep1.jsonl;oci-a1-2ocpu-12g-zfs-product-baseline-turso-0.8.2-pre.2-tail-seedmatch-f893a005/raw/P5-mixed-95-5-c4-turso-mvcc-rep2.jsonl;oci-a1-2ocpu-12g-zfs-product-baseline-turso-0.8.2-pre.2-tail-seedmatch-f893a005/raw/P5-mixed-95-5-c4-turso-mvcc-rep3.jsonl
P5-mixed-95-5-c4,product-core,turso-wal,ops/s,11257.757205611171,10865.079813523189,11362.06586548026,10696.55753941369,11257.757205611171,561.1996661974796,0.0,65.20100000000001,903.367,3236.3869999999997,64.641,133.001,472.925,1637.854,24947.694,66328.08799999999,44.75299373778052,0,0,17904,,,,,,3,f893a0052963bc103533e276ece687b0ecaa6d1c,82e7966ab5a33d19d12280253c3b8251cd426218272650b41fdf5d7e798a28ab,oci-a1-2ocpu-12g-zfs-product-baseline-turso-0.8.2-pre.2-tail-seedmatch-f893a005/raw/P5-mixed-95-5-c4-turso-wal-rep1.jsonl;oci-a1-2ocpu-12g-zfs-product-baseline-turso-0.8.2-pre.2-tail-seedmatch-f893a005/raw/P5-mixed-95-5-c4-turso-wal-rep2.jsonl;oci-a1-2ocpu-12g-zfs-product-baseline-turso-0.8.2-pre.2-tail-seedmatch-f893a005/raw/P5-mixed-95-5-c4-turso-wal-rep3.jsonl
P5-mixed-95-5-c64,product-core,main-btree,ops/s,35415.156629,33671.848082,35710.406735,33644.778535,1770.378094,1770.378094,0.0,1.88,589.645,1403.852,1.84,2.76,4.84,1235.931,3395.709,5484.967,53.363169,0,0,,0,9994,2.6099,74230040,,3,f893a0052963bc103533e276ece687b0ecaa6d1c,5fe27a8338fb6881fc5ffd6e06b7165e11a2cb6d1ad93d25cf380ead800eda23,oci-a1-2ocpu-12g-zfs-product-baseline-continuation-f893a005/raw/P5-mixed-95-5-c64-main-btree-rep1.jsonl;oci-a1-2ocpu-12g-zfs-product-baseline-continuation-f893a005/raw/P5-mixed-95-5-c64-main-btree-rep2.jsonl;oci-a1-2ocpu-12g-zfs-product-baseline-continuation-f893a005/raw/P5-mixed-95-5-c64-main-btree-rep3.jsonl
P5-mixed-95-5-c64,product-core,parallel-blink,ops/s,21289.839005,20888.228548,21372.485989,20225.72688,1064.112124,1064.112124,0.0,1.48,95.441,4697.24,1.44,2.04,2.88,4028.074,5047.963,5644.809,54.774887,0,0,,0,15890,1.0,3577636,0.6011504968911147,3,f893a0052963bc103533e276ece687b0ecaa6d1c,5fe27a8338fb6881fc5ffd6e06b7165e11a2cb6d1ad93d25cf380ead800eda23,oci-a1-2ocpu-12g-zfs-product-baseline-continuation-f893a005/raw/P5-mixed-95-5-c64-parallel-blink-rep1.jsonl;oci-a1-2ocpu-12g-zfs-product-baseline-continuation-f893a005/raw/P5-mixed-95-5-c64-parallel-blink-rep2.jsonl;oci-a1-2ocpu-12g-zfs-product-baseline-continuation-f893a005/raw/P5-mixed-95-5-c64-parallel-blink-rep3.jsonl
P5-mixed-95-5-c64,product-core,rocksdb,ops/s,239927.7740999162,236822.32769861544,243060.20807471982,227889.66025109106,239927.7740999162,12038.113848825109,0.0,2.48,1888.9370000000001,6727.098,2.44,4.16,6.2,4925.562,8835.716,11145.735999999999,51.58163444158769,0,0,0,,,,,,3,f893a0052963bc103533e276ece687b0ecaa6d1c,8f94708c5b330828f330f0a2aed9e519e37bb3e68f49c378839e653783dd20be,oci-a1-2ocpu-12g-zfs-product-baseline-continuation-f893a005/raw/P5-mixed-95-5-c64-rocksdb-rep1.jsonl;oci-a1-2ocpu-12g-zfs-product-baseline-continuation-f893a005/raw/P5-mixed-95-5-c64-rocksdb-rep2.jsonl;oci-a1-2ocpu-12g-zfs-product-baseline-continuation-f893a005/raw/P5-mixed-95-5-c64-rocksdb-rep3.jsonl
P5-mixed-95-5-c64,product-core,sqlite-wal,ops/s,13850.808664448861,13513.899546236615,14403.536297933493,13166.291091727271,13850.808664448861,684.5175727215897,0.0,19.681,844.207,55069.033,19.36,62.041,354.76300000000003,2421.101,531273.879,1432120.8890000002,24.22214058889336,0,0,0,,,,,,3,f893a0052963bc103533e276ece687b0ecaa6d1c,afb56e097ae2a02d4b7e05feffbd25ad721255ec62c27e6da2f527336ce8b8cd,oci-a1-2ocpu-12g-zfs-product-baseline-continuation-f893a005/raw/P5-mixed-95-5-c64-sqlite-wal-rep1.jsonl;oci-a1-2ocpu-12g-zfs-product-baseline-continuation-f893a005/raw/P5-mixed-95-5-c64-sqlite-wal-rep2.jsonl;oci-a1-2ocpu-12g-zfs-product-baseline-continuation-f893a005/raw/P5-mixed-95-5-c64-sqlite-wal-rep3.jsonl
P5-mixed-95-5-c64,product-core,turso-mvcc,ops/s,7706.6244022208275,7685.869479588564,8425.393319726782,7325.394144671414,7706.6244022208275,381.23025754941324,0.0,76.48100000000001,44428.541000000005,191823.645,75.12,137.881,39692.34,121918.245,295808.256,466103.235,97.47330395730509,0,31,30,,,,,,3,f893a0052963bc103533e276ece687b0ecaa6d1c,82e7966ab5a33d19d12280253c3b8251cd426218272650b41fdf5d7e798a28ab,oci-a1-2ocpu-12g-zfs-product-baseline-turso-0.8.2-pre.2-tail-seedmatch-f893a005/raw/P5-mixed-95-5-c64-turso-mvcc-rep1.jsonl;oci-a1-2ocpu-12g-zfs-product-baseline-turso-0.8.2-pre.2-tail-seedmatch-f893a005/raw/P5-mixed-95-5-c64-turso-mvcc-rep2.jsonl;oci-a1-2ocpu-12g-zfs-product-baseline-turso-0.8.2-pre.2-tail-seedmatch-f893a005/raw/P5-mixed-95-5-c64-turso-mvcc-rep3.jsonl
P5-mixed-95-5-c64,product-core,turso-wal,ops/s,10990.714419648813,10799.39156821429,12094.117460757689,10759.405493819202,10990.714419648813,244.2883297414079,0.0,78.47999999999999,12323.545,142908.065,76.52000000000001,2665.382,12668.669,15052.569,173459.88700000002,231254.302,84.50843265390618,0,0,98231,,,,,,3,f893a0052963bc103533e276ece687b0ecaa6d1c,82e7966ab5a33d19d12280253c3b8251cd426218272650b41fdf5d7e798a28ab,oci-a1-2ocpu-12g-zfs-product-baseline-turso-0.8.2-pre.2-tail-seedmatch-f893a005/raw/P5-mixed-95-5-c64-turso-wal-rep1.jsonl;oci-a1-2ocpu-12g-zfs-product-baseline-turso-0.8.2-pre.2-tail-seedmatch-f893a005/raw/P5-mixed-95-5-c64-turso-wal-rep2.jsonl;oci-a1-2ocpu-12g-zfs-product-baseline-turso-0.8.2-pre.2-tail-seedmatch-f893a005/raw/P5-mixed-95-5-c64-turso-wal-rep3.jsonl
P6-mixed-50-50-c16,product-core,main-btree,ops/s,4134.646176,4095.607956,4252.591511,2069.622669,2065.023507,2065.023507,0.0,8.92,6477.575,8852.916,2.44,3.721,6.76,2877.224,7813.947,9849.085,51.390631,0,0,,0,3991,7.817378,86540260,,3,f893a0052963bc103533e276ece687b0ecaa6d1c,5fe27a8338fb6881fc5ffd6e06b7165e11a2cb6d1ad93d25cf380ead800eda23,oci-a1-2ocpu-12g-zfs-product-baseline-continuation-f893a005/raw/P6-mixed-50-50-c16-main-btree-rep1.jsonl;oci-a1-2ocpu-12g-zfs-product-baseline-continuation-f893a005/raw/P6-mixed-50-50-c16-main-btree-rep2.jsonl;oci-a1-2ocpu-12g-zfs-product-baseline-continuation-f893a005/raw/P6-mixed-50-50-c16-main-btree-rep3.jsonl
P6-mixed-50-50-c16,product-core,parallel-blink,ops/s,7494.167021,7471.383472,7975.91475,3748.582943,3745.584077,3745.584077,0.0,34.84,2352.3,4025.554,1.84,2.76,4.88,2041.137,2904.865,6014.451,56.778536,0,0,,0,13598,4.248692,12588554,1.812529223056788,3,f893a0052963bc103533e276ece687b0ecaa6d1c,5fe27a8338fb6881fc5ffd6e06b7165e11a2cb6d1ad93d25cf380ead800eda23,oci-a1-2ocpu-12g-zfs-product-baseline-continuation-f893a005/raw/P6-mixed-50-50-c16-parallel-blink-rep1.jsonl;oci-a1-2ocpu-12g-zfs-product-baseline-continuation-f893a005/raw/P6-mixed-50-50-c16-parallel-blink-rep2.jsonl;oci-a1-2ocpu-12g-zfs-product-baseline-continuation-f893a005/raw/P6-mixed-50-50-c16-parallel-blink-rep3.jsonl
P6-mixed-50-50-c16,product-core,rocksdb,ops/s,15887.213939630217,15770.568904735033,15888.379163100399,7923.495079160649,15887.213939630217,7963.701169351131,0.0,852.9269999999999,2439.701,2896.545,3.8,9.121,15.319999999999999,2054.977,2580.022,3107.986,15.995750639266475,0,0,0,,,,,,3,f893a0052963bc103533e276ece687b0ecaa6d1c,8f94708c5b330828f330f0a2aed9e519e37bb3e68f49c378839e653783dd20be,oci-a1-2ocpu-12g-zfs-product-baseline-continuation-f893a005/raw/P6-mixed-50-50-c16-rocksdb-rep1.jsonl;oci-a1-2ocpu-12g-zfs-product-baseline-continuation-f893a005/raw/P6-mixed-50-50-c16-rocksdb-rep2.jsonl;oci-a1-2ocpu-12g-zfs-product-baseline-continuation-f893a005/raw/P6-mixed-50-50-c16-rocksdb-rep3.jsonl
P6-mixed-50-50-c16,product-core,sqlite-wal,ops/s,1993.0257042864455,1912.7342539052904,2013.5213914865462,980.7524545197685,1993.0257042864455,1012.2732497666769,0.0,659.005,1049.449,2236.659,28.439999999999998,59.6,81.001,824.287,1184.97,14181.282,7.308267498182904,0,0,0,,,,,,3,f893a0052963bc103533e276ece687b0ecaa6d1c,afb56e097ae2a02d4b7e05feffbd25ad721255ec62c27e6da2f527336ce8b8cd,oci-a1-2ocpu-12g-zfs-product-baseline-continuation-f893a005/raw/P6-mixed-50-50-c16-sqlite-wal-rep1.jsonl;oci-a1-2ocpu-12g-zfs-product-baseline-continuation-f893a005/raw/P6-mixed-50-50-c16-sqlite-wal-rep2.jsonl;oci-a1-2ocpu-12g-zfs-product-baseline-continuation-f893a005/raw/P6-mixed-50-50-c16-sqlite-wal-rep3.jsonl
P6-mixed-50-50-c16,product-core,turso-mvcc,ops/s,1522.2077071109725,1507.7541172236631,1573.5573653809336,760.0366588596149,1522.2077071109725,762.1710482513574,0.0,1654.5349999999999,39096.896,56004.2,114.761,504.324,8218.111,17321.507999999998,44700.143,64037.548,92.45020736808755,0,23,23,,,,,,3,f893a0052963bc103533e276ece687b0ecaa6d1c,82e7966ab5a33d19d12280253c3b8251cd426218272650b41fdf5d7e798a28ab,oci-a1-2ocpu-12g-zfs-product-baseline-turso-0.8.2-pre.2-tail-seedmatch-f893a005/raw/P6-mixed-50-50-c16-turso-mvcc-rep1.jsonl;oci-a1-2ocpu-12g-zfs-product-baseline-turso-0.8.2-pre.2-tail-seedmatch-f893a005/raw/P6-mixed-50-50-c16-turso-mvcc-rep2.jsonl;oci-a1-2ocpu-12g-zfs-product-baseline-turso-0.8.2-pre.2-tail-seedmatch-f893a005/raw/P6-mixed-50-50-c16-turso-mvcc-rep3.jsonl
P6-mixed-50-50-c16,product-core,turso-wal,ops/s,1766.4405914964946,1738.6519531892138,1778.7051179862822,931.1793067484051,1766.4405914964946,834.4542528824534,0.0,542.245,94120.486,95384.898,113.761,184.362,463.12399999999997,1102.6899999999998,55771.678,86688.223,16.815697367237682,0,0,45678,,,,,,3,f893a0052963bc103533e276ece687b0ecaa6d1c,82e7966ab5a33d19d12280253c3b8251cd426218272650b41fdf5d7e798a28ab,oci-a1-2ocpu-12g-zfs-product-baseline-turso-0.8.2-pre.2-tail-seedmatch-f893a005/raw/P6-mixed-50-50-c16-turso-wal-rep1.jsonl;oci-a1-2ocpu-12g-zfs-product-baseline-turso-0.8.2-pre.2-tail-seedmatch-f893a005/raw/P6-mixed-50-50-c16-turso-wal-rep2.jsonl;oci-a1-2ocpu-12g-zfs-product-baseline-turso-0.8.2-pre.2-tail-seedmatch-f893a005/raw/P6-mixed-50-50-c16-turso-wal-rep3.jsonl
P6-mixed-50-50-c4,product-core,main-btree,ops/s,2132.009363,1796.401129,2775.99259,1069.503056,1062.506307,1062.506307,0.0,8.36,4040.835,7961.108,2.24,3.44,6.6,1046.889,5309.126,8063.709,48.475423,0,0,,0,8976,1.855148,44539700,,3,f893a0052963bc103533e276ece687b0ecaa6d1c,5fe27a8338fb6881fc5ffd6e06b7165e11a2cb6d1ad93d25cf380ead800eda23,oci-a1-2ocpu-12g-zfs-product-baseline-continuation-f893a005/raw/P6-mixed-50-50-c4-main-btree-rep1.jsonl;oci-a1-2ocpu-12g-zfs-product-baseline-continuation-f893a005/raw/P6-mixed-50-50-c4-main-btree-rep2.jsonl;oci-a1-2ocpu-12g-zfs-product-baseline-continuation-f893a005/raw/P6-mixed-50-50-c4-main-btree-rep3.jsonl
P6-mixed-50-50-c4,product-core,parallel-blink,ops/s,1994.866429,1412.771677,2138.202125,999.832813,995.033616,995.033616,0.0,9.92,1973.817,6836.338,2.72,4.04,8.4,1656.734,3210.748,8641.794,19.594521,0,0,,0,13694,1.012313,3339159,0.9356743284621306,3,f893a0052963bc103533e276ece687b0ecaa6d1c,5fe27a8338fb6881fc5ffd6e06b7165e11a2cb6d1ad93d25cf380ead800eda23,oci-a1-2ocpu-12g-zfs-product-baseline-continuation-f893a005/raw/P6-mixed-50-50-c4-parallel-blink-rep1.jsonl;oci-a1-2ocpu-12g-zfs-product-baseline-continuation-f893a005/raw/P6-mixed-50-50-c4-parallel-blink-rep2.jsonl;oci-a1-2ocpu-12g-zfs-product-baseline-continuation-f893a005/raw/P6-mixed-50-50-c4-parallel-blink-rep3.jsonl
P6-mixed-50-50-c4,product-core,rocksdb,ops/s,5393.356610487818,5334.870988585109,5480.794333004303,2691.2797500246916,5393.356610487818,2702.076860463126,0.0,748.167,1952.2160000000001,2279.3790000000004,4.8,10.76,14.16,1650.5739999999998,2062.9379999999996,2539.542,8.497725808027443,0,0,0,,,,,,3,f893a0052963bc103533e276ece687b0ecaa6d1c,8f94708c5b330828f330f0a2aed9e519e37bb3e68f49c378839e653783dd20be,oci-a1-2ocpu-12g-zfs-product-baseline-continuation-f893a005/raw/P6-mixed-50-50-c4-rocksdb-rep1.jsonl;oci-a1-2ocpu-12g-zfs-product-baseline-continuation-f893a005/raw/P6-mixed-50-50-c4-rocksdb-rep2.jsonl;oci-a1-2ocpu-12g-zfs-product-baseline-continuation-f893a005/raw/P6-mixed-50-50-c4-rocksdb-rep3.jsonl
P6-mixed-50-50-c4,product-core,sqlite-wal,ops/s,2184.257662682913,2152.42722441574,2216.562066497793,1098.650713422224,2184.257662682913,1080.1576078532573,0.0,91.201,1016.049,1581.654,22.560000000000002,51.72,66.72,827.647,1100.289,2552.302,7.048996986533336,0,0,0,,,,,,3,f893a0052963bc103533e276ece687b0ecaa6d1c,afb56e097ae2a02d4b7e05feffbd25ad721255ec62c27e6da2f527336ce8b8cd,oci-a1-2ocpu-12g-zfs-product-baseline-continuation-f893a005/raw/P6-mixed-50-50-c4-sqlite-wal-rep1.jsonl;oci-a1-2ocpu-12g-zfs-product-baseline-continuation-f893a005/raw/P6-mixed-50-50-c4-sqlite-wal-rep2.jsonl;oci-a1-2ocpu-12g-zfs-product-baseline-continuation-f893a005/raw/P6-mixed-50-50-c4-sqlite-wal-rep3.jsonl
P6-mixed-50-50-c4,product-core,turso-mvcc,ops/s,2511.388938430559,2112.529620630603,2541.3390580498854,1242.9041748783536,2511.388938430559,1268.484763552205,0.0,1016.528,5872.411,9933.285,101.041,460.764,583.0450000000001,2142.859,7885.467000000001,11830.701000000001,44.212443759758116,0,10,10,,,,,,3,f893a0052963bc103533e276ece687b0ecaa6d1c,82e7966ab5a33d19d12280253c3b8251cd426218272650b41fdf5d7e798a28ab,oci-a1-2ocpu-12g-zfs-product-baseline-turso-0.8.2-pre.2-tail-seedmatch-f893a005/raw/P6-mixed-50-50-c4-turso-mvcc-rep1.jsonl;oci-a1-2ocpu-12g-zfs-product-baseline-turso-0.8.2-pre.2-tail-seedmatch-f893a005/raw/P6-mixed-50-50-c4-turso-mvcc-rep2.jsonl;oci-a1-2ocpu-12g-zfs-product-baseline-turso-0.8.2-pre.2-tail-seedmatch-f893a005/raw/P6-mixed-50-50-c4-turso-mvcc-rep3.jsonl
P6-mixed-50-50-c4,product-core,turso-wal,ops/s,1847.524370643069,1828.0894524613052,1881.9891890890908,927.0559888996663,1847.524370643069,920.4683817434026,0.0,711.686,1394.731,85535.973,92.96100000000001,141.841,167.202,934.6479999999999,2408.1800000000003,55098.992,12.271239941579632,0,0,9502,,,,,,3,f893a0052963bc103533e276ece687b0ecaa6d1c,82e7966ab5a33d19d12280253c3b8251cd426218272650b41fdf5d7e798a28ab,oci-a1-2ocpu-12g-zfs-product-baseline-turso-0.8.2-pre.2-tail-seedmatch-f893a005/raw/P6-mixed-50-50-c4-turso-wal-rep1.jsonl;oci-a1-2ocpu-12g-zfs-product-baseline-turso-0.8.2-pre.2-tail-seedmatch-f893a005/raw/P6-mixed-50-50-c4-turso-wal-rep2.jsonl;oci-a1-2ocpu-12g-zfs-product-baseline-turso-0.8.2-pre.2-tail-seedmatch-f893a005/raw/P6-mixed-50-50-c4-turso-wal-rep3.jsonl
P6-mixed-50-50-c64,product-core,main-btree,ops/s,9617.143335,9338.292592,9765.636311,4813.36506,4803.778275,4803.778275,0.0,26.36,8794.755,14681.766,2.32,3.56,6.68,6103.252,11205.056,16175.939,54.175792,0,0,,0,2382,30.291829,201555760,,3,f893a0052963bc103533e276ece687b0ecaa6d1c,5fe27a8338fb6881fc5ffd6e06b7165e11a2cb6d1ad93d25cf380ead800eda23,oci-a1-2ocpu-12g-zfs-product-baseline-continuation-f893a005/raw/P6-mixed-50-50-c64-main-btree-rep1.jsonl;oci-a1-2ocpu-12g-zfs-product-baseline-continuation-f893a005/raw/P6-mixed-50-50-c64-main-btree-rep2.jsonl;oci-a1-2ocpu-12g-zfs-product-baseline-continuation-f893a005/raw/P6-mixed-50-50-c64-main-btree-rep3.jsonl
P6-mixed-50-50-c64,product-core,parallel-blink,ops/s,24971.335335,24932.410955,25756.869343,12487.066219,12484.269116,12484.269116,0.0,81.681,2921.265,4937.042,1.68,2.44,4.12,2570.422,3505.87,5929.211,61.236573,0,0,,0,10505,17.726525,42012638,2.5965439491913322,3,f893a0052963bc103533e276ece687b0ecaa6d1c,5fe27a8338fb6881fc5ffd6e06b7165e11a2cb6d1ad93d25cf380ead800eda23,oci-a1-2ocpu-12g-zfs-product-baseline-continuation-f893a005/raw/P6-mixed-50-50-c64-parallel-blink-rep1.jsonl;oci-a1-2ocpu-12g-zfs-product-baseline-continuation-f893a005/raw/P6-mixed-50-50-c64-parallel-blink-rep2.jsonl;oci-a1-2ocpu-12g-zfs-product-baseline-continuation-f893a005/raw/P6-mixed-50-50-c64-parallel-blink-rep3.jsonl
P6-mixed-50-50-c64,product-core,rocksdb,ops/s,37292.05845892894,37226.83421534909,38540.21821452402,18642.429918743273,37292.05845892894,18649.62854018567,0.0,1093.729,4635.32,6015.0109999999995,4.16,10.92,68.36,3166.387,5241.924999999999,6698.777,34.09347099802347,0,0,0,,,,,,3,f893a0052963bc103533e276ece687b0ecaa6d1c,8f94708c5b330828f330f0a2aed9e519e37bb3e68f49c378839e653783dd20be,oci-a1-2ocpu-12g-zfs-product-baseline-continuation-f893a005/raw/P6-mixed-50-50-c64-rocksdb-rep1.jsonl;oci-a1-2ocpu-12g-zfs-product-baseline-continuation-f893a005/raw/P6-mixed-50-50-c64-rocksdb-rep2.jsonl;oci-a1-2ocpu-12g-zfs-product-baseline-continuation-f893a005/raw/P6-mixed-50-50-c64-rocksdb-rep3.jsonl
P6-mixed-50-50-c64,product-core,sqlite-wal,ops/s,1455.8759151864874,1389.707980576402,1571.550501213739,717.9227763495081,1455.8759151864874,737.9531388369794,0.0,680.126,1163.65,630599.252,32.879999999999995,68.20100000000001,96.201,911.1279999999999,1828.295,2631090.578,6.556701389783746,0,0,0,,,,,,3,f893a0052963bc103533e276ece687b0ecaa6d1c,afb56e097ae2a02d4b7e05feffbd25ad721255ec62c27e6da2f527336ce8b8cd,oci-a1-2ocpu-12g-zfs-product-baseline-continuation-f893a005/raw/P6-mixed-50-50-c64-sqlite-wal-rep1.jsonl;oci-a1-2ocpu-12g-zfs-product-baseline-continuation-f893a005/raw/P6-mixed-50-50-c64-sqlite-wal-rep2.jsonl;oci-a1-2ocpu-12g-zfs-product-baseline-continuation-f893a005/raw/P6-mixed-50-50-c64-sqlite-wal-rep3.jsonl
P6-mixed-50-50-c64,product-core,turso-mvcc,ops/s,770.1762566237073,743.7440207437193,816.5144502614108,380.83246408224437,770.1762566237073,389.3437925414629,0.0,3995.5140000000006,299834.57,500006.207,132.521,236.722,24083.487,128140.09800000001,407132.97,587746.8380000001,96.83595750247613,0,136,133,,,,,,3,f893a0052963bc103533e276ece687b0ecaa6d1c,82e7966ab5a33d19d12280253c3b8251cd426218272650b41fdf5d7e798a28ab,oci-a1-2ocpu-12g-zfs-product-baseline-turso-0.8.2-pre.2-tail-seedmatch-f893a005/raw/P6-mixed-50-50-c64-turso-mvcc-rep1.jsonl;oci-a1-2ocpu-12g-zfs-product-baseline-turso-0.8.2-pre.2-tail-seedmatch-f893a005/raw/P6-mixed-50-50-c64-turso-mvcc-rep2.jsonl;oci-a1-2ocpu-12g-zfs-product-baseline-turso-0.8.2-pre.2-tail-seedmatch-f893a005/raw/P6-mixed-50-50-c64-turso-mvcc-rep3.jsonl
P6-mixed-50-50-c64,product-core,turso-wal,ops/s,2041.4434396160523,2033.3549428467531,2050.767083336817,1272.2588229318224,2041.4434396160523,769.0479615526025,0.0,993.928,95958.303,99565.494,127.92099999999999,496.365,954.928,1859.095,85781.335,96722.14899999999,29.518766193313745,0,0,166225,,,,,,3,f893a0052963bc103533e276ece687b0ecaa6d1c,82e7966ab5a33d19d12280253c3b8251cd426218272650b41fdf5d7e798a28ab,oci-a1-2ocpu-12g-zfs-product-baseline-turso-0.8.2-pre.2-tail-seedmatch-f893a005/raw/P6-mixed-50-50-c64-turso-wal-rep1.jsonl;oci-a1-2ocpu-12g-zfs-product-baseline-turso-0.8.2-pre.2-tail-seedmatch-f893a005/raw/P6-mixed-50-50-c64-turso-wal-rep2.jsonl;oci-a1-2ocpu-12g-zfs-product-baseline-turso-0.8.2-pre.2-tail-seedmatch-f893a005/raw/P6-mixed-50-50-c64-turso-wal-rep3.jsonl
P7-mixed-20-80-c16,product-core,main-btree,ops/s,3288.548948,3074.147654,3354.89445,659.668806,2628.880142,2628.880142,0.0,3439.87,8928.636,10918.254,2.8,6.36,7.84,3655.232,9203.799,12926.951,53.373203,0,0,,0,3088,12.560649,110205380,,3,f893a0052963bc103533e276ece687b0ecaa6d1c,5fe27a8338fb6881fc5ffd6e06b7165e11a2cb6d1ad93d25cf380ead800eda23,oci-a1-2ocpu-12g-zfs-product-baseline-continuation-f893a005/raw/P7-mixed-20-80-c16-main-btree-rep1.jsonl;oci-a1-2ocpu-12g-zfs-product-baseline-continuation-f893a005/raw/P7-mixed-20-80-c16-main-btree-rep2.jsonl;oci-a1-2ocpu-12g-zfs-product-baseline-continuation-f893a005/raw/P7-mixed-20-80-c16-main-btree-rep3.jsonl
P7-mixed-20-80-c16,product-core,parallel-blink,ops/s,7846.312944,7674.962377,8061.26317,1571.061514,6275.25143,6275.25143,0.0,2095.058,2690.503,5170.445,2.16,4.36,10.72,2166.299,3026.626,5389.766,57.865434,0,0,,0,12493,7.536006,21111903,2.385949872746124,3,f893a0052963bc103533e276ece687b0ecaa6d1c,5fe27a8338fb6881fc5ffd6e06b7165e11a2cb6d1ad93d25cf380ead800eda23,oci-a1-2ocpu-12g-zfs-product-baseline-continuation-f893a005/raw/P7-mixed-20-80-c16-parallel-blink-rep1.jsonl;oci-a1-2ocpu-12g-zfs-product-baseline-continuation-f893a005/raw/P7-mixed-20-80-c16-parallel-blink-rep2.jsonl;oci-a1-2ocpu-12g-zfs-product-baseline-continuation-f893a005/raw/P7-mixed-20-80-c16-parallel-blink-rep3.jsonl
P7-mixed-20-80-c16,product-core,rocksdb,ops/s,9982.000372877936,9762.63119166472,11008.789245953294,1994.6806946042934,9982.000372877936,7987.319678273642,0.0,1968.9769999999999,2520.8610000000003,3073.307,5.641,11.04,19.639999999999997,2044.3369999999998,2590.3419999999996,3129.747,15.094556724729294,0,0,0,,,,,,3,f893a0052963bc103533e276ece687b0ecaa6d1c,8f94708c5b330828f330f0a2aed9e519e37bb3e68f49c378839e653783dd20be,oci-a1-2ocpu-12g-zfs-product-baseline-continuation-f893a005/raw/P7-mixed-20-80-c16-rocksdb-rep1.jsonl;oci-a1-2ocpu-12g-zfs-product-baseline-continuation-f893a005/raw/P7-mixed-20-80-c16-rocksdb-rep2.jsonl;oci-a1-2ocpu-12g-zfs-product-baseline-continuation-f893a005/raw/P7-mixed-20-80-c16-rocksdb-rep3.jsonl
P7-mixed-20-80-c16,product-core,sqlite-wal,ops/s,1131.7952698931504,1093.4749012762088,1186.0745684190633,230.74439663176534,1131.7952698931504,901.050873261385,0.0,855.607,1142.29,3761.992,44.16,72.52000000000001,91.56099999999999,895.1270000000001,1180.3700000000001,4106.715,6.297584082990839,0,0,0,,,,,,3,f893a0052963bc103533e276ece687b0ecaa6d1c,afb56e097ae2a02d4b7e05feffbd25ad721255ec62c27e6da2f527336ce8b8cd,oci-a1-2ocpu-12g-zfs-product-baseline-continuation-f893a005/raw/P7-mixed-20-80-c16-sqlite-wal-rep1.jsonl;oci-a1-2ocpu-12g-zfs-product-baseline-continuation-f893a005/raw/P7-mixed-20-80-c16-sqlite-wal-rep2.jsonl;oci-a1-2ocpu-12g-zfs-product-baseline-continuation-f893a005/raw/P7-mixed-20-80-c16-sqlite-wal-rep3.jsonl
P7-mixed-20-80-c16,product-core,turso-mvcc,ops/s,917.1858736329507,868.100306705755,917.4645487422727,182.59810248323174,917.1858736329507,734.587771149719,0.0,15405.612000000001,47875.451,67826.501,153.161,534.365,4717.921,19805.29,48640.257,72027.21800000001,94.49551693060025,0,36,36,,,,,,3,f893a0052963bc103533e276ece687b0ecaa6d1c,82e7966ab5a33d19d12280253c3b8251cd426218272650b41fdf5d7e798a28ab,oci-a1-2ocpu-12g-zfs-product-baseline-turso-0.8.2-pre.2-tail-seedmatch-f893a005/raw/P7-mixed-20-80-c16-turso-mvcc-rep1.jsonl;oci-a1-2ocpu-12g-zfs-product-baseline-turso-0.8.2-pre.2-tail-seedmatch-f893a005/raw/P7-mixed-20-80-c16-turso-mvcc-rep2.jsonl;oci-a1-2ocpu-12g-zfs-product-baseline-turso-0.8.2-pre.2-tail-seedmatch-f893a005/raw/P7-mixed-20-80-c16-turso-mvcc-rep3.jsonl
P7-mixed-20-80-c16,product-core,turso-wal,ops/s,1173.7812823699214,1162.014964490321,1195.0119632679462,254.51434599976494,1173.7812823699214,919.2669363701565,0.0,973.929,94185.848,95031.33499999999,122.04100000000001,180.801,260.40200000000004,997.689,24480.209,85127.409,12.628267543270857,0,0,39559,,,,,,3,f893a0052963bc103533e276ece687b0ecaa6d1c,82e7966ab5a33d19d12280253c3b8251cd426218272650b41fdf5d7e798a28ab,oci-a1-2ocpu-12g-zfs-product-baseline-turso-0.8.2-pre.2-tail-seedmatch-f893a005/raw/P7-mixed-20-80-c16-turso-wal-rep1.jsonl;oci-a1-2ocpu-12g-zfs-product-baseline-turso-0.8.2-pre.2-tail-seedmatch-f893a005/raw/P7-mixed-20-80-c16-turso-wal-rep2.jsonl;oci-a1-2ocpu-12g-zfs-product-baseline-turso-0.8.2-pre.2-tail-seedmatch-f893a005/raw/P7-mixed-20-80-c16-turso-wal-rep3.jsonl
P7-mixed-20-80-c4,product-core,main-btree,ops/s,2611.350373,2588.420899,2756.609914,523.869677,2087.480696,2087.480696,0.0,1078.73,2331.7,4468.759,2.52,5.16,7.04,1118.77,2699.263,4784.641,21.089365,0,0,,0,11085,2.872016,87487200,,3,f893a0052963bc103533e276ece687b0ecaa6d1c,5fe27a8338fb6881fc5ffd6e06b7165e11a2cb6d1ad93d25cf380ead800eda23,oci-a1-2ocpu-12g-zfs-product-baseline-continuation-f893a005/raw/P7-mixed-20-80-c4-main-btree-rep1.jsonl;oci-a1-2ocpu-12g-zfs-product-baseline-continuation-f893a005/raw/P7-mixed-20-80-c4-main-btree-rep2.jsonl;oci-a1-2ocpu-12g-zfs-product-baseline-continuation-f893a005/raw/P7-mixed-20-80-c4-main-btree-rep3.jsonl
P7-mixed-20-80-c4,product-core,parallel-blink,ops/s,1672.463607,1619.208212,1703.897584,335.892273,1336.571335,1336.571335,0.0,1752.255,2980.026,8138.51,2.4,5.12,7.281,1812.296,3640.591,8771.396,19.591923,0,0,,0,14201,1.386262,4495562,0.6404592904469659,3,f893a0052963bc103533e276ece687b0ecaa6d1c,5fe27a8338fb6881fc5ffd6e06b7165e11a2cb6d1ad93d25cf380ead800eda23,oci-a1-2ocpu-12g-zfs-product-baseline-continuation-f893a005/raw/P7-mixed-20-80-c4-parallel-blink-rep1.jsonl;oci-a1-2ocpu-12g-zfs-product-baseline-continuation-f893a005/raw/P7-mixed-20-80-c4-parallel-blink-rep2.jsonl;oci-a1-2ocpu-12g-zfs-product-baseline-continuation-f893a005/raw/P7-mixed-20-80-c4-parallel-blink-rep3.jsonl
P7-mixed-20-80-c4,product-core,rocksdb,ops/s,3513.08509906152,3489.6758237370195,3560.3787416738137,709.2960408908932,3513.08509906152,2803.789058170627,0.0,1045.089,1963.937,2283.42,7.68,12.2,15.400000000000002,1616.454,1996.937,2332.1800000000003,8.297619912363862,0,0,0,,,,,,3,f893a0052963bc103533e276ece687b0ecaa6d1c,8f94708c5b330828f330f0a2aed9e519e37bb3e68f49c378839e653783dd20be,oci-a1-2ocpu-12g-zfs-product-baseline-continuation-f893a005/raw/P7-mixed-20-80-c4-rocksdb-rep1.jsonl;oci-a1-2ocpu-12g-zfs-product-baseline-continuation-f893a005/raw/P7-mixed-20-80-c4-rocksdb-rep2.jsonl;oci-a1-2ocpu-12g-zfs-product-baseline-continuation-f893a005/raw/P7-mixed-20-80-c4-rocksdb-rep3.jsonl
P7-mixed-20-80-c4,product-core,sqlite-wal,ops/s,1362.1200681991065,1308.3365179595612,1454.86674972569,274.17656269111393,1362.1200681991065,1087.9435055079925,0.0,800.527,1064.609,1377.051,30.639999999999997,59.2,77.481,845.727,1088.089,1465.853,6.492985200791868,0,0,0,,,,,,3,f893a0052963bc103533e276ece687b0ecaa6d1c,afb56e097ae2a02d4b7e05feffbd25ad721255ec62c27e6da2f527336ce8b8cd,oci-a1-2ocpu-12g-zfs-product-baseline-continuation-f893a005/raw/P7-mixed-20-80-c4-sqlite-wal-rep1.jsonl;oci-a1-2ocpu-12g-zfs-product-baseline-continuation-f893a005/raw/P7-mixed-20-80-c4-sqlite-wal-rep2.jsonl;oci-a1-2ocpu-12g-zfs-product-baseline-continuation-f893a005/raw/P7-mixed-20-80-c4-sqlite-wal-rep3.jsonl
P7-mixed-20-80-c4,product-core,turso-mvcc,ops/s,1347.195930950268,1289.8391394096018,1351.22549650335,272.3966353741154,1347.195930950268,1074.7992955761524,0.0,2026.8170000000002,8963.917,13032.111,137.761,504.524,906.967,2299.819,9721.684,13895.319,59.82997526967178,0,5,5,,,,,,3,f893a0052963bc103533e276ece687b0ecaa6d1c,82e7966ab5a33d19d12280253c3b8251cd426218272650b41fdf5d7e798a28ab,oci-a1-2ocpu-12g-zfs-product-baseline-turso-0.8.2-pre.2-tail-seedmatch-f893a005/raw/P7-mixed-20-80-c4-turso-mvcc-rep1.jsonl;oci-a1-2ocpu-12g-zfs-product-baseline-turso-0.8.2-pre.2-tail-seedmatch-f893a005/raw/P7-mixed-20-80-c4-turso-mvcc-rep2.jsonl;oci-a1-2ocpu-12g-zfs-product-baseline-turso-0.8.2-pre.2-tail-seedmatch-f893a005/raw/P7-mixed-20-80-c4-turso-mvcc-rep3.jsonl
P7-mixed-20-80-c4,product-core,turso-wal,ops/s,1290.1172710591886,1287.2759342096913,1305.9851136354546,268.2422048736927,1290.1172710591886,1022.4535069090123,0.0,848.688,1493.693,94245.52799999999,109.201,167.522,194.68099999999998,883.607,1385.412,25273.177,9.6798712324212,0,0,8159,,,,,,3,f893a0052963bc103533e276ece687b0ecaa6d1c,82e7966ab5a33d19d12280253c3b8251cd426218272650b41fdf5d7e798a28ab,oci-a1-2ocpu-12g-zfs-product-baseline-turso-0.8.2-pre.2-tail-seedmatch-f893a005/raw/P7-mixed-20-80-c4-turso-wal-rep1.jsonl;oci-a1-2ocpu-12g-zfs-product-baseline-turso-0.8.2-pre.2-tail-seedmatch-f893a005/raw/P7-mixed-20-80-c4-turso-wal-rep2.jsonl;oci-a1-2ocpu-12g-zfs-product-baseline-turso-0.8.2-pre.2-tail-seedmatch-f893a005/raw/P7-mixed-20-80-c4-turso-wal-rep3.jsonl
P7-mixed-20-80-c64,product-core,main-btree,ops/s,6142.009869,6015.684507,6559.926963,1229.559676,4912.450193,4912.450193,0.0,8449.432,17336.188,30908.465,2.72,6.2,8.0,8978.277,17784.953,33470.366,55.54538,0,0,,0,1806,39.933665,206240180,,3,f893a0052963bc103533e276ece687b0ecaa6d1c,5fe27a8338fb6881fc5ffd6e06b7165e11a2cb6d1ad93d25cf380ead800eda23,oci-a1-2ocpu-12g-zfs-product-baseline-continuation-f893a005/raw/P7-mixed-20-80-c64-main-btree-rep1.jsonl;oci-a1-2ocpu-12g-zfs-product-baseline-continuation-f893a005/raw/P7-mixed-20-80-c64-main-btree-rep2.jsonl;oci-a1-2ocpu-12g-zfs-product-baseline-continuation-f893a005/raw/P7-mixed-20-80-c64-main-btree-rep3.jsonl
P7-mixed-20-80-c64,product-core,parallel-blink,ops/s,22366.648711,22016.635825,22504.684952,4475.087812,17891.560899,17891.560899,0.0,2651.903,4810.561,7073.061,1.92,3.04,4.6,2957.865,5138.844,8027.429,63.517261,0,0,,0,8746,30.719155,60191264,3.6415846258875493,3,f893a0052963bc103533e276ece687b0ecaa6d1c,5fe27a8338fb6881fc5ffd6e06b7165e11a2cb6d1ad93d25cf380ead800eda23,oci-a1-2ocpu-12g-zfs-product-baseline-continuation-f893a005/raw/P7-mixed-20-80-c64-parallel-blink-rep1.jsonl;oci-a1-2ocpu-12g-zfs-product-baseline-continuation-f893a005/raw/P7-mixed-20-80-c64-parallel-blink-rep2.jsonl;oci-a1-2ocpu-12g-zfs-product-baseline-continuation-f893a005/raw/P7-mixed-20-80-c64-parallel-blink-rep3.jsonl
P7-mixed-20-80-c64,product-core,rocksdb,ops/s,24759.13846767981,24213.797982623983,25008.273699289897,4907.935103484034,24759.13846767981,19851.203364195775,0.0,2869.4649999999997,4616.439,5879.451,5.6,24.12,314.52200000000005,3056.5860000000002,4777.401,6088.253,32.67959232008306,0,0,0,,,,,,3,f893a0052963bc103533e276ece687b0ecaa6d1c,8f94708c5b330828f330f0a2aed9e519e37bb3e68f49c378839e653783dd20be,oci-a1-2ocpu-12g-zfs-product-baseline-continuation-f893a005/raw/P7-mixed-20-80-c64-rocksdb-rep1.jsonl;oci-a1-2ocpu-12g-zfs-product-baseline-continuation-f893a005/raw/P7-mixed-20-80-c64-rocksdb-rep2.jsonl;oci-a1-2ocpu-12g-zfs-product-baseline-continuation-f893a005/raw/P7-mixed-20-80-c64-rocksdb-rep3.jsonl
P7-mixed-20-80-c64,product-core,sqlite-wal,ops/s,915.9673340023238,774.1541223160323,918.7526523483621,175.57894047009265,915.9673340023238,737.223731855733,0.0,826.207,1170.85,1531494.8309999998,44.881,73.64,96.56099999999999,868.687,1253.01,3232846.396,5.298768322681633,0,0,0,,,,,,3,f893a0052963bc103533e276ece687b0ecaa6d1c,afb56e097ae2a02d4b7e05feffbd25ad721255ec62c27e6da2f527336ce8b8cd,oci-a1-2ocpu-12g-zfs-product-baseline-continuation-f893a005/raw/P7-mixed-20-80-c64-sqlite-wal-rep1.jsonl;oci-a1-2ocpu-12g-zfs-product-baseline-continuation-f893a005/raw/P7-mixed-20-80-c64-sqlite-wal-rep2.jsonl;oci-a1-2ocpu-12g-zfs-product-baseline-continuation-f893a005/raw/P7-mixed-20-80-c64-sqlite-wal-rep3.jsonl
P7-mixed-20-80-c64,product-core,turso-mvcc,ops/s,409.2335039918746,370.5726102605714,435.7990359442724,78.5997586283378,409.2335039918746,330.63374536353683,0.0,134103.70899999997,431796.781,619998.595,187.72099999999998,499.125,28066.8,179611.78,450606.663,643993.441,97.30927296178345,0,89,85,,,,,,3,f893a0052963bc103533e276ece687b0ecaa6d1c,82e7966ab5a33d19d12280253c3b8251cd426218272650b41fdf5d7e798a28ab,oci-a1-2ocpu-12g-zfs-product-baseline-turso-0.8.2-pre.2-tail-seedmatch-f893a005/raw/P7-mixed-20-80-c64-turso-mvcc-rep1.jsonl;oci-a1-2ocpu-12g-zfs-product-baseline-turso-0.8.2-pre.2-tail-seedmatch-f893a005/raw/P7-mixed-20-80-c64-turso-mvcc-rep2.jsonl;oci-a1-2ocpu-12g-zfs-product-baseline-turso-0.8.2-pre.2-tail-seedmatch-f893a005/raw/P7-mixed-20-80-c64-turso-mvcc-rep3.jsonl
P7-mixed-20-80-c64,product-core,turso-wal,ops/s,1146.7529312052266,1138.7284174379818,1153.6645328093389,329.6465864030784,1146.7529312052266,815.3898551087731,0.0,1397.772,95819.06199999999,98205.682,153.601,468.16400000000004,954.448,1203.131,75408.007,95778.78099999999,23.743223945947967,0,0,160546,,,,,,3,f893a0052963bc103533e276ece687b0ecaa6d1c,82e7966ab5a33d19d12280253c3b8251cd426218272650b41fdf5d7e798a28ab,oci-a1-2ocpu-12g-zfs-product-baseline-turso-0.8.2-pre.2-tail-seedmatch-f893a005/raw/P7-mixed-20-80-c64-turso-wal-rep1.jsonl;oci-a1-2ocpu-12g-zfs-product-baseline-turso-0.8.2-pre.2-tail-seedmatch-f893a005/raw/P7-mixed-20-80-c64-turso-wal-rep2.jsonl;oci-a1-2ocpu-12g-zfs-product-baseline-turso-0.8.2-pre.2-tail-seedmatch-f893a005/raw/P7-mixed-20-80-c64-turso-wal-rep3.jsonl
P8-hotspot-50-50-c16,hotspot,main-btree,tx/s,2063.81117,1967.996288,2087.535459,2069.209107,2063.81117,2063.81117,0.0,17.56,6537.256,9155.599,2.24,3.64,6.72,2858.225,7989.949,10477.45,51.389458,0,0,,0,3912,7.831958,86506740,,3,f893a0052963bc103533e276ece687b0ecaa6d1c,5fe27a8338fb6881fc5ffd6e06b7165e11a2cb6d1ad93d25cf380ead800eda23,oci-a1-2ocpu-12g-zfs-product-baseline-continuation-f893a005/raw/P8-hotspot-50-50-c16-main-btree-rep1.jsonl;oci-a1-2ocpu-12g-zfs-product-baseline-continuation-f893a005/raw/P8-hotspot-50-50-c16-main-btree-rep2.jsonl;oci-a1-2ocpu-12g-zfs-product-baseline-continuation-f893a005/raw/P8-hotspot-50-50-c16-main-btree-rep3.jsonl
P8-hotspot-50-50-c16,hotspot,parallel-blink,tx/s,3944.073335,3920.932519,3965.589516,3947.871287,3944.073335,3944.073335,0.0,24.921,2269.5,3993.274,1.44,2.52,4.28,1999.177,2596.302,5577.888,56.274308,0,0,,0,13891,4.251192,13160421,1.9110630819000753,3,f893a0052963bc103533e276ece687b0ecaa6d1c,5fe27a8338fb6881fc5ffd6e06b7165e11a2cb6d1ad93d25cf380ead800eda23,oci-a1-2ocpu-12g-zfs-product-baseline-continuation-f893a005/raw/P8-hotspot-50-50-c16-parallel-blink-rep1.jsonl;oci-a1-2ocpu-12g-zfs-product-baseline-continuation-f893a005/raw/P8-hotspot-50-50-c16-parallel-blink-rep2.jsonl;oci-a1-2ocpu-12g-zfs-product-baseline-continuation-f893a005/raw/P8-hotspot-50-50-c16-parallel-blink-rep3.jsonl
P8-hotspot-50-50-c16,hotspot,rocksdb,tx/s,16707.60731942161,16040.792544867814,16751.82815098614,8369.399559314863,16707.60731942161,8338.20776010675,0.0,260.36199999999997,2360.2599999999998,2762.8230000000003,3.44,9.08,13.84,1988.4569999999999,2504.7810000000004,3202.4269999999997,16.49451373669372,0,0,0,,,,,,3,f893a0052963bc103533e276ece687b0ecaa6d1c,8f94708c5b330828f330f0a2aed9e519e37bb3e68f49c378839e653783dd20be,oci-a1-2ocpu-12g-zfs-product-baseline-continuation-f893a005/raw/P8-hotspot-50-50-c16-rocksdb-rep1.jsonl;oci-a1-2ocpu-12g-zfs-product-baseline-continuation-f893a005/raw/P8-hotspot-50-50-c16-rocksdb-rep2.jsonl;oci-a1-2ocpu-12g-zfs-product-baseline-continuation-f893a005/raw/P8-hotspot-50-50-c16-rocksdb-rep3.jsonl
P8-hotspot-50-50-c16,hotspot,sqlite-wal,tx/s,2134.6977318371655,1905.1179946230345,2139.087133840764,1060.4848860734471,2134.6977318371655,1066.2322865274398,0.0,644.525,978.609,1253.291,22.16,58.400000000000006,76.19999999999999,807.007,1064.489,2200.0190000000002,6.449754396655895,0,0,0,,,,,,3,f893a0052963bc103533e276ece687b0ecaa6d1c,afb56e097ae2a02d4b7e05feffbd25ad721255ec62c27e6da2f527336ce8b8cd,oci-a1-2ocpu-12g-zfs-product-baseline-continuation-f893a005/raw/P8-hotspot-50-50-c16-sqlite-wal-rep1.jsonl;oci-a1-2ocpu-12g-zfs-product-baseline-continuation-f893a005/raw/P8-hotspot-50-50-c16-sqlite-wal-rep2.jsonl;oci-a1-2ocpu-12g-zfs-product-baseline-continuation-f893a005/raw/P8-hotspot-50-50-c16-sqlite-wal-rep3.jsonl
P8-hotspot-50-50-c16,hotspot,turso-mvcc,tx/s,561.360090581873,535.2314129762027,573.5100538603705,283.25691011352274,561.360090581873,278.1031804683502,0.0,832.4069999999999,138416.587,206736.532,116.881,225.962,574.965,43275.051,169218.17,227808.033,94.94755769375605,0,3603,3562,,,,,,3,f893a0052963bc103533e276ece687b0ecaa6d1c,82e7966ab5a33d19d12280253c3b8251cd426218272650b41fdf5d7e798a28ab,oci-a1-2ocpu-12g-zfs-product-baseline-turso-0.8.2-pre.2-tail-seedmatch-f893a005/raw/P8-hotspot-50-50-c16-turso-mvcc-rep1.jsonl;oci-a1-2ocpu-12g-zfs-product-baseline-turso-0.8.2-pre.2-tail-seedmatch-f893a005/raw/P8-hotspot-50-50-c16-turso-mvcc-rep2.jsonl;oci-a1-2ocpu-12g-zfs-product-baseline-turso-0.8.2-pre.2-tail-seedmatch-f893a005/raw/P8-hotspot-50-50-c16-turso-mvcc-rep3.jsonl
P8-hotspot-50-50-c16,hotspot,turso-wal,tx/s,1838.3304509356713,1816.994646850512,1844.0092785166632,970.8794146998049,1838.3304509356713,863.976375249066,0.0,445.32300000000004,94053.166,95207.176,100.561,165.921,438.884,1075.1689999999999,55380.115,94289.448,15.725523345879761,0,0,45220,,,,,,3,f893a0052963bc103533e276ece687b0ecaa6d1c,82e7966ab5a33d19d12280253c3b8251cd426218272650b41fdf5d7e798a28ab,oci-a1-2ocpu-12g-zfs-product-baseline-turso-0.8.2-pre.2-tail-seedmatch-f893a005/raw/P8-hotspot-50-50-c16-turso-wal-rep1.jsonl;oci-a1-2ocpu-12g-zfs-product-baseline-turso-0.8.2-pre.2-tail-seedmatch-f893a005/raw/P8-hotspot-50-50-c16-turso-wal-rep2.jsonl;oci-a1-2ocpu-12g-zfs-product-baseline-turso-0.8.2-pre.2-tail-seedmatch-f893a005/raw/P8-hotspot-50-50-c16-turso-wal-rep3.jsonl
P9-stress-w16-c64-different-leaf-heavy,architecture-stress,main-btree,tx/s,4267.24091,4255.304178,4341.381202,0.0,4267.24091,68275.854568,0.0,14058.241,20036.571,35915.027,0.0,0.0,0.0,14058.241,20036.571,35915.027,31.21567,0,0,,0,1020,63.06087,267535408,,3,f893a0052963bc103533e276ece687b0ecaa6d1c,5fe27a8338fb6881fc5ffd6e06b7165e11a2cb6d1ad93d25cf380ead800eda23,oci-a1-2ocpu-12g-zfs-product-baseline-continuation-f893a005/raw/P9-stress-w16-c64-different-leaf-heavy-main-btree-rep1.jsonl;oci-a1-2ocpu-12g-zfs-product-baseline-continuation-f893a005/raw/P9-stress-w16-c64-different-leaf-heavy-main-btree-rep2.jsonl;oci-a1-2ocpu-12g-zfs-product-baseline-continuation-f893a005/raw/P9-stress-w16-c64-different-leaf-heavy-main-btree-rep3.jsonl
P9-stress-w16-c64-different-leaf-heavy,architecture-stress,parallel-blink,tx/s,11851.938387,11592.659506,11852.712525,0.0,11851.938387,189631.0142,0.0,5758.81,7965.308,9677.082,0.0,0.0,0.0,5758.81,7965.308,9677.082,38.257295,0,0,,0,4384,39.779343,48947689,2.7774242506969213,3,f893a0052963bc103533e276ece687b0ecaa6d1c,5fe27a8338fb6881fc5ffd6e06b7165e11a2cb6d1ad93d25cf380ead800eda23,oci-a1-2ocpu-12g-zfs-product-baseline-continuation-f893a005/raw/P9-stress-w16-c64-different-leaf-heavy-parallel-blink-rep1.jsonl;oci-a1-2ocpu-12g-zfs-product-baseline-continuation-f893a005/raw/P9-stress-w16-c64-different-leaf-heavy-parallel-blink-rep2.jsonl;oci-a1-2ocpu-12g-zfs-product-baseline-continuation-f893a005/raw/P9-stress-w16-c64-different-leaf-heavy-parallel-blink-rep3.jsonl
P9-stress-w16-c64-different-leaf-heavy,architecture-stress,rocksdb,tx/s,10252.201304876788,10180.931389841744,10273.082474455754,0.0,10252.201304876788,164035.2208780286,0.0,6017.451,8909.556,11598.019,0.0,0.0,0.0,6017.451,8909.556,11598.019,39.96375349901095,0,0,0,,,,,,3,f893a0052963bc103533e276ece687b0ecaa6d1c,8f94708c5b330828f330f0a2aed9e519e37bb3e68f49c378839e653783dd20be,oci-a1-2ocpu-12g-zfs-product-baseline-continuation-f893a005/raw/P9-stress-w16-c64-different-leaf-heavy-rocksdb-rep1.jsonl;oci-a1-2ocpu-12g-zfs-product-baseline-continuation-f893a005/raw/P9-stress-w16-c64-different-leaf-heavy-rocksdb-rep2.jsonl;oci-a1-2ocpu-12g-zfs-product-baseline-continuation-f893a005/raw/P9-stress-w16-c64-different-leaf-heavy-rocksdb-rep3.jsonl
P9-stress-w16-c64-different-leaf-heavy,architecture-stress,sqlite-wal,tx/s,629.7868159991709,568.5572788570371,769.437083716635,0.0,629.7868159991709,10076.589055986735,0.0,987.768,1519.653,4034171.8149999995,0.0,0.0,0.0,987.768,1519.653,4034171.8149999995,6.9892358104287124,0,0,0,,,,,,3,f893a0052963bc103533e276ece687b0ecaa6d1c,afb56e097ae2a02d4b7e05feffbd25ad721255ec62c27e6da2f527336ce8b8cd,oci-a1-2ocpu-12g-zfs-product-baseline-continuation-f893a005/raw/P9-stress-w16-c64-different-leaf-heavy-sqlite-wal-rep1.jsonl;oci-a1-2ocpu-12g-zfs-product-baseline-continuation-f893a005/raw/P9-stress-w16-c64-different-leaf-heavy-sqlite-wal-rep2.jsonl;oci-a1-2ocpu-12g-zfs-product-baseline-continuation-f893a005/raw/P9-stress-w16-c64-different-leaf-heavy-sqlite-wal-rep3.jsonl
P9-stress-w16-c64-different-leaf-heavy,architecture-stress,turso-mvcc,tx/s,216.56410016121248,202.8842758694179,240.94911056775103,0.0,216.56410016121248,3465.0256025793997,0.0,129791.35399999999,1008012.771,1716440.251,0.0,0.0,0.0,129791.35399999999,1008012.771,1716440.251,97.10700383493506,0,60,59,,,,,,3,f893a0052963bc103533e276ece687b0ecaa6d1c,82e7966ab5a33d19d12280253c3b8251cd426218272650b41fdf5d7e798a28ab,oci-a1-2ocpu-12g-zfs-product-baseline-turso-0.8.2-pre.2-tail-seedmatch-f893a005/raw/P9-stress-w16-c64-different-leaf-heavy-turso-mvcc-rep1.jsonl;oci-a1-2ocpu-12g-zfs-product-baseline-turso-0.8.2-pre.2-tail-seedmatch-f893a005/raw/P9-stress-w16-c64-different-leaf-heavy-turso-mvcc-rep2.jsonl;oci-a1-2ocpu-12g-zfs-product-baseline-turso-0.8.2-pre.2-tail-seedmatch-f893a005/raw/P9-stress-w16-c64-different-leaf-heavy-turso-mvcc-rep3.jsonl
P9-stress-w16-c64-different-leaf-heavy,architecture-stress,turso-wal,tx/s,777.365141480068,776.6919073430148,784.9819164497738,0.0,777.365141480068,12437.842263681088,0.0,34659.456999999995,95973.784,98641.605,0.0,0.0,0.0,1275.011,75311.12700000001,95923.463,24.964887128009288,0,0,159350,,,,,,3,f893a0052963bc103533e276ece687b0ecaa6d1c,82e7966ab5a33d19d12280253c3b8251cd426218272650b41fdf5d7e798a28ab,oci-a1-2ocpu-12g-zfs-product-baseline-turso-0.8.2-pre.2-tail-seedmatch-f893a005/raw/P9-stress-w16-c64-different-leaf-heavy-turso-wal-rep1.jsonl;oci-a1-2ocpu-12g-zfs-product-baseline-turso-0.8.2-pre.2-tail-seedmatch-f893a005/raw/P9-stress-w16-c64-different-leaf-heavy-turso-wal-rep2.jsonl;oci-a1-2ocpu-12g-zfs-product-baseline-turso-0.8.2-pre.2-tail-seedmatch-f893a005/raw/P9-stress-w16-c64-different-leaf-heavy-turso-wal-rep3.jsonl
P9-stress-w16-c64-same-leaf-heavy,architecture-stress,main-btree,tx/s,4484.960436,4409.914302,4583.437778,0.0,4484.960436,71759.366982,0.0,13435.835,17857.273,29205.33,0.0,0.0,0.0,13435.835,17857.273,29205.33,29.857131,0,0,,0,1066,63.390805,281520952,,3,f893a0052963bc103533e276ece687b0ecaa6d1c,5fe27a8338fb6881fc5ffd6e06b7165e11a2cb6d1ad93d25cf380ead800eda23,oci-a1-2ocpu-12g-zfs-product-baseline-continuation-f893a005/raw/P9-stress-w16-c64-same-leaf-heavy-main-btree-rep1.jsonl;oci-a1-2ocpu-12g-zfs-product-baseline-continuation-f893a005/raw/P9-stress-w16-c64-same-leaf-heavy-main-btree-rep2.jsonl;oci-a1-2ocpu-12g-zfs-product-baseline-continuation-f893a005/raw/P9-stress-w16-c64-same-leaf-heavy-main-btree-rep3.jsonl
P9-stress-w16-c64-same-leaf-heavy,architecture-stress,parallel-blink,tx/s,15104.062339,14981.325264,15587.738649,0.0,15104.062339,241664.997418,0.0,4830.162,5644.648,7555.064,0.0,0.0,0.0,4830.162,5644.648,7555.064,42.05095,0,0,,0,5501,40.897783,32048231,3.3677136185555416,3,f893a0052963bc103533e276ece687b0ecaa6d1c,5fe27a8338fb6881fc5ffd6e06b7165e11a2cb6d1ad93d25cf380ead800eda23,oci-a1-2ocpu-12g-zfs-product-baseline-continuation-f893a005/raw/P9-stress-w16-c64-same-leaf-heavy-parallel-blink-rep1.jsonl;oci-a1-2ocpu-12g-zfs-product-baseline-continuation-f893a005/raw/P9-stress-w16-c64-same-leaf-heavy-parallel-blink-rep2.jsonl;oci-a1-2ocpu-12g-zfs-product-baseline-continuation-f893a005/raw/P9-stress-w16-c64-same-leaf-heavy-parallel-blink-rep3.jsonl
P9-stress-w16-c64-same-leaf-heavy,architecture-stress,rocksdb,tx/s,10877.129110939322,10475.896866971247,10942.350061499043,0.0,10877.129110939322,174034.06577502916,0.0,5707.009,8442.511999999999,11095.855,0.0,0.0,0.0,5707.009,8442.511999999999,11095.855,38.4085625403626,0,0,0,,,,,,3,f893a0052963bc103533e276ece687b0ecaa6d1c,8f94708c5b330828f330f0a2aed9e519e37bb3e68f49c378839e653783dd20be,oci-a1-2ocpu-12g-zfs-product-baseline-continuation-f893a005/raw/P9-stress-w16-c64-same-leaf-heavy-rocksdb-rep1.jsonl;oci-a1-2ocpu-12g-zfs-product-baseline-continuation-f893a005/raw/P9-stress-w16-c64-same-leaf-heavy-rocksdb-rep2.jsonl;oci-a1-2ocpu-12g-zfs-product-baseline-continuation-f893a005/raw/P9-stress-w16-c64-same-leaf-heavy-rocksdb-rep3.jsonl
P9-stress-w16-c64-same-leaf-heavy,architecture-stress,sqlite-wal,tx/s,835.4781664764361,734.630906280922,856.5325638289762,0.0,835.4781664764361,13367.650663622977,0.0,966.528,1280.651,4236174.465000001,0.0,0.0,0.0,966.528,1280.651,4236174.465000001,8.224492671941524,0,0,0,,,,,,3,f893a0052963bc103533e276ece687b0ecaa6d1c,afb56e097ae2a02d4b7e05feffbd25ad721255ec62c27e6da2f527336ce8b8cd,oci-a1-2ocpu-12g-zfs-product-baseline-continuation-f893a005/raw/P9-stress-w16-c64-same-leaf-heavy-sqlite-wal-rep1.jsonl;oci-a1-2ocpu-12g-zfs-product-baseline-continuation-f893a005/raw/P9-stress-w16-c64-same-leaf-heavy-sqlite-wal-rep2.jsonl;oci-a1-2ocpu-12g-zfs-product-baseline-continuation-f893a005/raw/P9-stress-w16-c64-same-leaf-heavy-sqlite-wal-rep3.jsonl
P9-stress-w16-c64-same-leaf-heavy,architecture-stress,turso-mvcc,tx/s,241.15024582253668,240.3510091857111,248.5596906803495,0.0,241.15024582253668,3858.403933160587,0.0,133387.625,218435.355,268681.426,0.0,0.0,0.0,46324.758,176001.311,241442.313,91.50274327243636,0,94460,90266,,,,,,3,f893a0052963bc103533e276ece687b0ecaa6d1c,82e7966ab5a33d19d12280253c3b8251cd426218272650b41fdf5d7e798a28ab,oci-a1-2ocpu-12g-zfs-product-baseline-turso-0.8.2-pre.2-tail-seedmatch-f893a005/raw/P9-stress-w16-c64-same-leaf-heavy-turso-mvcc-rep1.jsonl;oci-a1-2ocpu-12g-zfs-product-baseline-turso-0.8.2-pre.2-tail-seedmatch-f893a005/raw/P9-stress-w16-c64-same-leaf-heavy-turso-mvcc-rep2.jsonl;oci-a1-2ocpu-12g-zfs-product-baseline-turso-0.8.2-pre.2-tail-seedmatch-f893a005/raw/P9-stress-w16-c64-same-leaf-heavy-turso-mvcc-rep3.jsonl
P9-stress-w16-c64-same-leaf-heavy,architecture-stress,turso-wal,tx/s,823.0719791477917,809.8635109432138,837.7598444555659,0.0,823.0719791477917,13169.151666364667,0.0,14568.765,95721.541,97696.519,0.0,0.0,0.0,1248.8110000000001,75116.125,95795.422,24.36262211831383,0,0,157943,,,,,,3,f893a0052963bc103533e276ece687b0ecaa6d1c,82e7966ab5a33d19d12280253c3b8251cd426218272650b41fdf5d7e798a28ab,oci-a1-2ocpu-12g-zfs-product-baseline-turso-0.8.2-pre.2-tail-seedmatch-f893a005/raw/P9-stress-w16-c64-same-leaf-heavy-turso-wal-rep1.jsonl;oci-a1-2ocpu-12g-zfs-product-baseline-turso-0.8.2-pre.2-tail-seedmatch-f893a005/raw/P9-stress-w16-c64-same-leaf-heavy-turso-wal-rep2.jsonl;oci-a1-2ocpu-12g-zfs-product-baseline-turso-0.8.2-pre.2-tail-seedmatch-f893a005/raw/P9-stress-w16-c64-same-leaf-heavy-turso-wal-rep3.jsonl
P9-stress-w16-c64-uniform,architecture-stress,main-btree,tx/s,1166.746962,1157.715878,1198.725343,0.0,1166.746962,18667.951393,0.0,53644.86,80007.085,95129.014,0.0,0.0,0.0,53644.86,80007.085,95129.014,28.423308,0,0,,0,284,61.840426,410762600,,3,f893a0052963bc103533e276ece687b0ecaa6d1c,5fe27a8338fb6881fc5ffd6e06b7165e11a2cb6d1ad93d25cf380ead800eda23,oci-a1-2ocpu-12g-zfs-product-baseline-continuation-f893a005/raw/P9-stress-w16-c64-uniform-main-btree-rep1.jsonl;oci-a1-2ocpu-12g-zfs-product-baseline-continuation-f893a005/raw/P9-stress-w16-c64-uniform-main-btree-rep2.jsonl;oci-a1-2ocpu-12g-zfs-product-baseline-continuation-f893a005/raw/P9-stress-w16-c64-uniform-main-btree-rep3.jsonl
P9-stress-w16-c64-uniform,architecture-stress,parallel-blink,tx/s,5462.100078,5413.209118,5576.140218,0.0,5462.100078,87393.601249,0.0,12688.989,17335.109,22249.511,0.0,0.0,0.0,12688.989,17335.109,22249.511,44.04114,0,0,,0,2069,39.915714,70782345,4.681477866149353,3,f893a0052963bc103533e276ece687b0ecaa6d1c,5fe27a8338fb6881fc5ffd6e06b7165e11a2cb6d1ad93d25cf380ead800eda23,oci-a1-2ocpu-12g-zfs-product-baseline-continuation-f893a005/raw/P9-stress-w16-c64-uniform-parallel-blink-rep1.jsonl;oci-a1-2ocpu-12g-zfs-product-baseline-continuation-f893a005/raw/P9-stress-w16-c64-uniform-parallel-blink-rep2.jsonl;oci-a1-2ocpu-12g-zfs-product-baseline-continuation-f893a005/raw/P9-stress-w16-c64-uniform-parallel-blink-rep3.jsonl
P9-stress-w16-c64-uniform,architecture-stress,rocksdb,tx/s,9217.301513313598,9052.836197661272,9551.517666620433,0.0,9217.301513313598,147476.82421301756,0.0,6680.537,9919.764,13427.715,0.0,0.0,0.0,6680.537,9919.764,13427.715,42.987414866863844,0,0,0,,,,,,3,f893a0052963bc103533e276ece687b0ecaa6d1c,8f94708c5b330828f330f0a2aed9e519e37bb3e68f49c378839e653783dd20be,oci-a1-2ocpu-12g-zfs-product-baseline-continuation-f893a005/raw/P9-stress-w16-c64-uniform-rocksdb-rep1.jsonl;oci-a1-2ocpu-12g-zfs-product-baseline-continuation-f893a005/raw/P9-stress-w16-c64-uniform-rocksdb-rep2.jsonl;oci-a1-2ocpu-12g-zfs-product-baseline-continuation-f893a005/raw/P9-stress-w16-c64-uniform-rocksdb-rep3.jsonl
P9-stress-w16-c64-uniform,architecture-stress,sqlite-wal,tx/s,321.6115172042971,300.1032942194965,363.56854830589685,0.0,321.6115172042971,5145.784275268754,0.0,1946.496,533835.49,5438011.7930000005,0.0,0.0,0.0,1946.496,533835.49,5438011.7930000005,11.31366126587403,0,0,0,,,,,,3,f893a0052963bc103533e276ece687b0ecaa6d1c,afb56e097ae2a02d4b7e05feffbd25ad721255ec62c27e6da2f527336ce8b8cd,oci-a1-2ocpu-12g-zfs-product-baseline-continuation-f893a005/raw/P9-stress-w16-c64-uniform-sqlite-wal-rep1.jsonl;oci-a1-2ocpu-12g-zfs-product-baseline-continuation-f893a005/raw/P9-stress-w16-c64-uniform-sqlite-wal-rep2.jsonl;oci-a1-2ocpu-12g-zfs-product-baseline-continuation-f893a005/raw/P9-stress-w16-c64-uniform-sqlite-wal-rep3.jsonl
P9-stress-w16-c64-uniform,architecture-stress,turso-mvcc,tx/s,470.2702859881568,413.1418763017881,493.1848997649136,0.0,470.2702859881568,7524.324575810509,0.0,99205.17,303998.166,395852.99299999996,0.0,0.0,0.0,90853.819,304986.614,396970.563,93.89980700132529,0,33125,32585,,,,,,3,f893a0052963bc103533e276ece687b0ecaa6d1c,82e7966ab5a33d19d12280253c3b8251cd426218272650b41fdf5d7e798a28ab,oci-a1-2ocpu-12g-zfs-product-baseline-turso-0.8.2-pre.2-tail-seedmatch-f893a005/raw/P9-stress-w16-c64-uniform-turso-mvcc-rep1.jsonl;oci-a1-2ocpu-12g-zfs-product-baseline-turso-0.8.2-pre.2-tail-seedmatch-f893a005/raw/P9-stress-w16-c64-uniform-turso-mvcc-rep2.jsonl;oci-a1-2ocpu-12g-zfs-product-baseline-turso-0.8.2-pre.2-tail-seedmatch-f893a005/raw/P9-stress-w16-c64-uniform-turso-mvcc-rep3.jsonl
P9-stress-w16-c64-uniform,architecture-stress,turso-wal,tx/s,294.84926057990015,289.3236652701965,298.4351103995771,0.0,294.84926057990015,4717.588169278402,0.0,94648.571,97924.31899999999,101104.187,0.0,0.0,0.0,3495.5099999999998,77618.065,98897.528,25.916733271542224,0,0,152594,,,,,,3,f893a0052963bc103533e276ece687b0ecaa6d1c,82e7966ab5a33d19d12280253c3b8251cd426218272650b41fdf5d7e798a28ab,oci-a1-2ocpu-12g-zfs-product-baseline-turso-0.8.2-pre.2-tail-seedmatch-f893a005/raw/P9-stress-w16-c64-uniform-turso-wal-rep1.jsonl;oci-a1-2ocpu-12g-zfs-product-baseline-turso-0.8.2-pre.2-tail-seedmatch-f893a005/raw/P9-stress-w16-c64-uniform-turso-wal-rep2.jsonl;oci-a1-2ocpu-12g-zfs-product-baseline-turso-0.8.2-pre.2-tail-seedmatch-f893a005/raw/P9-stress-w16-c64-uniform-turso-wal-rep3.jsonl
cache-pressure-get-c16,cache-pressure,main-btree,ops/s,751248.511644,750094.446824,766576.193473,751248.511644,0.0,0.0,0.0,2.36,2.96,3.28,2.36,2.96,3.28,0.0,0.0,0.0,97.546243,0,0,,0,0,0.0,0,,3,f893a0052963bc103533e276ece687b0ecaa6d1c,5fe27a8338fb6881fc5ffd6e06b7165e11a2cb6d1ad93d25cf380ead800eda23,oci-a1-2ocpu-12g-zfs-product-baseline-continuation-f893a005/raw/cache-pressure-get-c16-main-btree-rep1.jsonl;oci-a1-2ocpu-12g-zfs-product-baseline-continuation-f893a005/raw/cache-pressure-get-c16-main-btree-rep2.jsonl;oci-a1-2ocpu-12g-zfs-product-baseline-continuation-f893a005/raw/cache-pressure-get-c16-main-btree-rep3.jsonl
cache-pressure-get-c16,cache-pressure,parallel-blink,ops/s,681931.341515,679592.813771,696490.208496,681931.341515,0.0,0.0,0.0,2.68,3.32,3.68,2.68,3.32,3.641,0.0,0.0,0.0,98.932817,0,0,,0,0,0.0,0,0.9077307055460127,3,f893a0052963bc103533e276ece687b0ecaa6d1c,5fe27a8338fb6881fc5ffd6e06b7165e11a2cb6d1ad93d25cf380ead800eda23,oci-a1-2ocpu-12g-zfs-product-baseline-continuation-f893a005/raw/cache-pressure-get-c16-parallel-blink-rep1.jsonl;oci-a1-2ocpu-12g-zfs-product-baseline-continuation-f893a005/raw/cache-pressure-get-c16-parallel-blink-rep2.jsonl;oci-a1-2ocpu-12g-zfs-product-baseline-continuation-f893a005/raw/cache-pressure-get-c16-parallel-blink-rep3.jsonl
cache-pressure-get-c16,cache-pressure,rocksdb,ops/s,170973.40538087135,167694.71448210906,172168.86757900874,170973.40538087135,170973.40538087135,0.0,0.0,9.28,18.76,25.599999999999998,9.28,18.76,25.599999999999998,0.0,0.0,0.0,99.09106038107845,0,0,0,,,,,,3,f893a0052963bc103533e276ece687b0ecaa6d1c,8f94708c5b330828f330f0a2aed9e519e37bb3e68f49c378839e653783dd20be,oci-a1-2ocpu-12g-zfs-product-baseline-continuation-f893a005/raw/cache-pressure-get-c16-rocksdb-rep1.jsonl;oci-a1-2ocpu-12g-zfs-product-baseline-continuation-f893a005/raw/cache-pressure-get-c16-rocksdb-rep2.jsonl;oci-a1-2ocpu-12g-zfs-product-baseline-continuation-f893a005/raw/cache-pressure-get-c16-rocksdb-rep3.jsonl
cache-pressure-get-c16,cache-pressure,sqlite-wal,ops/s,63056.69077452519,62075.17392832329,64869.33475601246,63056.69077452519,63056.69077452519,0.0,0.0,26.040000000000003,1135.65,3759.912,26.040000000000003,1135.65,3759.912,0.0,0.0,0.0,85.99139601048421,0,0,0,,,,,,3,f893a0052963bc103533e276ece687b0ecaa6d1c,afb56e097ae2a02d4b7e05feffbd25ad721255ec62c27e6da2f527336ce8b8cd,oci-a1-2ocpu-12g-zfs-product-baseline-continuation-f893a005/raw/cache-pressure-get-c16-sqlite-wal-rep1.jsonl;oci-a1-2ocpu-12g-zfs-product-baseline-continuation-f893a005/raw/cache-pressure-get-c16-sqlite-wal-rep2.jsonl;oci-a1-2ocpu-12g-zfs-product-baseline-continuation-f893a005/raw/cache-pressure-get-c16-sqlite-wal-rep3.jsonl
cache-pressure-get-c16,cache-pressure,turso-mvcc,ops/s,20520.982411210505,19573.428491568975,20840.348924780646,20520.982411210505,20520.982411210505,0.0,0.0,88.161,130.96099999999998,28136.642,88.161,130.96099999999998,28136.642,0.0,0.0,0.0,97.88089383448947,0,0,0,,,,,,3,f893a0052963bc103533e276ece687b0ecaa6d1c,82e7966ab5a33d19d12280253c3b8251cd426218272650b41fdf5d7e798a28ab,oci-a1-2ocpu-12g-zfs-product-baseline-turso-0.8.2-pre.2-tail-seedmatch-f893a005/raw/cache-pressure-get-c16-turso-mvcc-rep1.jsonl;oci-a1-2ocpu-12g-zfs-product-baseline-turso-0.8.2-pre.2-tail-seedmatch-f893a005/raw/cache-pressure-get-c16-turso-mvcc-rep2.jsonl;oci-a1-2ocpu-12g-zfs-product-baseline-turso-0.8.2-pre.2-tail-seedmatch-f893a005/raw/cache-pressure-get-c16-turso-mvcc-rep3.jsonl
cache-pressure-get-c16,cache-pressure,turso-wal,ops/s,27042.501223542542,25336.116475633007,27290.609716533767,27042.501223542542,27042.501223542542,0.0,0.0,63.239999999999995,92.321,28108.401,63.239999999999995,92.321,28108.401,0.0,0.0,0.0,97.59521620882799,0,0,0,,,,,,3,f893a0052963bc103533e276ece687b0ecaa6d1c,82e7966ab5a33d19d12280253c3b8251cd426218272650b41fdf5d7e798a28ab,oci-a1-2ocpu-12g-zfs-product-baseline-turso-0.8.2-pre.2-tail-seedmatch-f893a005/raw/cache-pressure-get-c16-turso-wal-rep1.jsonl;oci-a1-2ocpu-12g-zfs-product-baseline-turso-0.8.2-pre.2-tail-seedmatch-f893a005/raw/cache-pressure-get-c16-turso-wal-rep2.jsonl;oci-a1-2ocpu-12g-zfs-product-baseline-turso-0.8.2-pre.2-tail-seedmatch-f893a005/raw/cache-pressure-get-c16-turso-wal-rep3.jsonl
cache-pressure-mixed-50-50-c16,cache-pressure,main-btree,ops/s,2734.866797,2668.325496,2735.753323,1368.6322,1366.234596,1366.234596,0.0,25.72,8373.512,10776.692,4.0,6.4,9.96,5531.687,9710.243,12465.707,58.441594,0,0,,0,2601,7.841743,57285680,,3,f893a0052963bc103533e276ece687b0ecaa6d1c,5fe27a8338fb6881fc5ffd6e06b7165e11a2cb6d1ad93d25cf380ead800eda23,oci-a1-2ocpu-12g-zfs-product-baseline-continuation-f893a005/raw/cache-pressure-mixed-50-50-c16-main-btree-rep1.jsonl;oci-a1-2ocpu-12g-zfs-product-baseline-continuation-f893a005/raw/cache-pressure-mixed-50-50-c16-main-btree-rep2.jsonl;oci-a1-2ocpu-12g-zfs-product-baseline-continuation-f893a005/raw/cache-pressure-mixed-50-50-c16-main-btree-rep3.jsonl
cache-pressure-mixed-50-50-c16,cache-pressure,parallel-blink,ops/s,7008.199142,6677.252691,7096.328237,3507.897295,3500.301848,3500.301848,0.0,296.923,2587.262,5644.048,3.28,4.6,8.6,2179.619,3586.631,7164.382,57.165734,0,0,,0,12335,4.192483,11800605,2.5625376525422054,3,f893a0052963bc103533e276ece687b0ecaa6d1c,5fe27a8338fb6881fc5ffd6e06b7165e11a2cb6d1ad93d25cf380ead800eda23,oci-a1-2ocpu-12g-zfs-product-baseline-continuation-f893a005/raw/cache-pressure-mixed-50-50-c16-parallel-blink-rep1.jsonl;oci-a1-2ocpu-12g-zfs-product-baseline-continuation-f893a005/raw/cache-pressure-mixed-50-50-c16-parallel-blink-rep2.jsonl;oci-a1-2ocpu-12g-zfs-product-baseline-continuation-f893a005/raw/cache-pressure-mixed-50-50-c16-parallel-blink-rep3.jsonl
cache-pressure-mixed-50-50-c16,cache-pressure,rocksdb,ops/s,14846.65343581665,14842.099655460112,15072.31190683403,7409.831032559905,14846.65343581665,7436.822403256745,0.0,911.608,2578.862,3110.0260000000003,18.36,53.761,264.683,2102.058,2759.9429999999998,3801.073,21.793032636707853,0,0,0,,,,,,3,f893a0052963bc103533e276ece687b0ecaa6d1c,8f94708c5b330828f330f0a2aed9e519e37bb3e68f49c378839e653783dd20be,oci-a1-2ocpu-12g-zfs-product-baseline-continuation-f893a005/raw/cache-pressure-mixed-50-50-c16-rocksdb-rep1.jsonl;oci-a1-2ocpu-12g-zfs-product-baseline-continuation-f893a005/raw/cache-pressure-mixed-50-50-c16-rocksdb-rep2.jsonl;oci-a1-2ocpu-12g-zfs-product-baseline-continuation-f893a005/raw/cache-pressure-mixed-50-50-c16-rocksdb-rep3.jsonl
cache-pressure-mixed-50-50-c16,cache-pressure,sqlite-wal,ops/s,1751.635259150854,1739.558184780571,1828.218095497049,865.7418515360637,1751.635259150854,885.8934076147904,0.0,695.086,1160.37,6957.6990000000005,45.4,83.64,110.28099999999999,887.0870000000001,1387.612,180130.54200000002,8.965554360531677,0,0,0,,,,,,3,f893a0052963bc103533e276ece687b0ecaa6d1c,afb56e097ae2a02d4b7e05feffbd25ad721255ec62c27e6da2f527336ce8b8cd,oci-a1-2ocpu-12g-zfs-product-baseline-continuation-f893a005/raw/cache-pressure-mixed-50-50-c16-sqlite-wal-rep1.jsonl;oci-a1-2ocpu-12g-zfs-product-baseline-continuation-f893a005/raw/cache-pressure-mixed-50-50-c16-sqlite-wal-rep2.jsonl;oci-a1-2ocpu-12g-zfs-product-baseline-continuation-f893a005/raw/cache-pressure-mixed-50-50-c16-sqlite-wal-rep3.jsonl
cache-pressure-mixed-50-50-c16,cache-pressure,turso-mvcc,ops/s,932.0895192379905,912.7393531237801,981.8170630836823,466.6443026202204,932.0895192379905,465.44521661777014,0.0,1436.252,60062.55499999999,96012.945,159.281,607.765,12076.783000000001,31301.988,75966.652,107886.84599999999,95.23890215960859,0,0,0,,,,,,3,f893a0052963bc103533e276ece687b0ecaa6d1c,82e7966ab5a33d19d12280253c3b8251cd426218272650b41fdf5d7e798a28ab,oci-a1-2ocpu-12g-zfs-product-baseline-turso-0.8.2-pre.2-tail-seedmatch-f893a005/raw/cache-pressure-mixed-50-50-c16-turso-mvcc-rep1.jsonl;oci-a1-2ocpu-12g-zfs-product-baseline-turso-0.8.2-pre.2-tail-seedmatch-f893a005/raw/cache-pressure-mixed-50-50-c16-turso-mvcc-rep2.jsonl;oci-a1-2ocpu-12g-zfs-product-baseline-turso-0.8.2-pre.2-tail-seedmatch-f893a005/raw/cache-pressure-mixed-50-50-c16-turso-mvcc-rep3.jsonl
cache-pressure-mixed-50-50-c16,cache-pressure,turso-wal,ops/s,1645.5113385991863,1633.5937063981344,1647.4480199602278,866.3783120383328,1645.5113385991863,772.1520282789959,0.0,820.207,94274.009,96908.31199999999,128.161,360.32300000000004,694.926,1146.209,55963.88,88065.916,17.26477164232142,0,0,44858,,,,,,3,f893a0052963bc103533e276ece687b0ecaa6d1c,82e7966ab5a33d19d12280253c3b8251cd426218272650b41fdf5d7e798a28ab,oci-a1-2ocpu-12g-zfs-product-baseline-turso-0.8.2-pre.2-tail-seedmatch-f893a005/raw/cache-pressure-mixed-50-50-c16-turso-wal-rep1.jsonl;oci-a1-2ocpu-12g-zfs-product-baseline-turso-0.8.2-pre.2-tail-seedmatch-f893a005/raw/cache-pressure-mixed-50-50-c16-turso-wal-rep2.jsonl;oci-a1-2ocpu-12g-zfs-product-baseline-turso-0.8.2-pre.2-tail-seedmatch-f893a005/raw/cache-pressure-mixed-50-50-c16-turso-wal-rep3.jsonl
cache-pressure-query16-c16,cache-pressure,main-btree,queries/s,536880.019599,530473.633471,544191.624372,536880.019599,0.0,0.0,8590080.313588,3.24,3.36,3.44,3.24,3.36,3.44,0.0,0.0,0.0,97.952525,0,0,,0,0,0.0,0,,3,f893a0052963bc103533e276ece687b0ecaa6d1c,5fe27a8338fb6881fc5ffd6e06b7165e11a2cb6d1ad93d25cf380ead800eda23,oci-a1-2ocpu-12g-zfs-product-baseline-continuation-f893a005/raw/cache-pressure-query16-c16-main-btree-rep1.jsonl;oci-a1-2ocpu-12g-zfs-product-baseline-continuation-f893a005/raw/cache-pressure-query16-c16-main-btree-rep2.jsonl;oci-a1-2ocpu-12g-zfs-product-baseline-continuation-f893a005/raw/cache-pressure-query16-c16-main-btree-rep3.jsonl
cache-pressure-query16-c16,cache-pressure,parallel-blink,queries/s,422299.343919,422099.616318,431074.977817,422299.343919,0.0,0.0,6756789.502696,4.24,4.8,5.0,4.24,4.8,5.0,0.0,0.0,0.0,99.222316,0,0,,0,0,0.0,0,0.7865804807458076,3,f893a0052963bc103533e276ece687b0ecaa6d1c,5fe27a8338fb6881fc5ffd6e06b7165e11a2cb6d1ad93d25cf380ead800eda23,oci-a1-2ocpu-12g-zfs-product-baseline-continuation-f893a005/raw/cache-pressure-query16-c16-parallel-blink-rep1.jsonl;oci-a1-2ocpu-12g-zfs-product-baseline-continuation-f893a005/raw/cache-pressure-query16-c16-parallel-blink-rep2.jsonl;oci-a1-2ocpu-12g-zfs-product-baseline-continuation-f893a005/raw/cache-pressure-query16-c16-parallel-blink-rep3.jsonl
cache-pressure-query16-c16,cache-pressure,rocksdb,queries/s,143683.14295891317,141010.61684228398,155955.80302889302,143683.14295891317,143683.14295891317,0.0,2298930.287342611,11.600000000000001,12.0,16.04,11.600000000000001,12.0,16.04,0.0,0.0,0.0,89.88857834374818,0,0,0,,,,,,3,f893a0052963bc103533e276ece687b0ecaa6d1c,8f94708c5b330828f330f0a2aed9e519e37bb3e68f49c378839e653783dd20be,oci-a1-2ocpu-12g-zfs-product-baseline-continuation-f893a005/raw/cache-pressure-query16-c16-rocksdb-rep1.jsonl;oci-a1-2ocpu-12g-zfs-product-baseline-continuation-f893a005/raw/cache-pressure-query16-c16-rocksdb-rep2.jsonl;oci-a1-2ocpu-12g-zfs-product-baseline-continuation-f893a005/raw/cache-pressure-query16-c16-rocksdb-rep3.jsonl
cache-pressure-query16-c16,cache-pressure,sqlite-wal,queries/s,87269.01545540529,86891.31200029486,87354.97175398206,87269.01545540529,87269.01545540529,0.0,1396304.2472864846,20.8,23.04,44.76,20.8,23.04,44.76,0.0,0.0,0.0,96.58078417128435,0,0,0,,,,,,3,f893a0052963bc103533e276ece687b0ecaa6d1c,afb56e097ae2a02d4b7e05feffbd25ad721255ec62c27e6da2f527336ce8b8cd,oci-a1-2ocpu-12g-zfs-product-baseline-continuation-f893a005/raw/cache-pressure-query16-c16-sqlite-wal-rep1.jsonl;oci-a1-2ocpu-12g-zfs-product-baseline-continuation-f893a005/raw/cache-pressure-query16-c16-sqlite-wal-rep2.jsonl;oci-a1-2ocpu-12g-zfs-product-baseline-continuation-f893a005/raw/cache-pressure-query16-c16-sqlite-wal-rep3.jsonl
cache-pressure-query16-c16,cache-pressure,turso-mvcc,queries/s,15091.795945316908,14948.362885655315,15123.529120007237,15091.795945316908,15091.795945316908,0.0,241468.73512507053,122.841,186.202,28194.681999999997,122.841,186.202,28194.681999999997,0.0,0.0,0.0,98.47909245536373,0,0,0,,,,,,3,f893a0052963bc103533e276ece687b0ecaa6d1c,82e7966ab5a33d19d12280253c3b8251cd426218272650b41fdf5d7e798a28ab,oci-a1-2ocpu-12g-zfs-product-baseline-turso-0.8.2-pre.2-tail-seedmatch-f893a005/raw/cache-pressure-query16-c16-turso-mvcc-rep1.jsonl;oci-a1-2ocpu-12g-zfs-product-baseline-turso-0.8.2-pre.2-tail-seedmatch-f893a005/raw/cache-pressure-query16-c16-turso-mvcc-rep2.jsonl;oci-a1-2ocpu-12g-zfs-product-baseline-turso-0.8.2-pre.2-tail-seedmatch-f893a005/raw/cache-pressure-query16-c16-turso-mvcc-rep3.jsonl
cache-pressure-query16-c16,cache-pressure,turso-wal,queries/s,44258.08627681119,43602.75563105447,46399.28478992406,44258.08627681119,44258.08627681119,0.0,708129.380428979,39.56,52.88,20096.932,39.56,52.88,20096.932,0.0,0.0,0.0,98.17108105745534,0,0,0,,,,,,3,f893a0052963bc103533e276ece687b0ecaa6d1c,82e7966ab5a33d19d12280253c3b8251cd426218272650b41fdf5d7e798a28ab,oci-a1-2ocpu-12g-zfs-product-baseline-turso-0.8.2-pre.2-tail-seedmatch-f893a005/raw/cache-pressure-query16-c16-turso-wal-rep1.jsonl;oci-a1-2ocpu-12g-zfs-product-baseline-turso-0.8.2-pre.2-tail-seedmatch-f893a005/raw/cache-pressure-query16-c16-turso-wal-rep2.jsonl;oci-a1-2ocpu-12g-zfs-product-baseline-turso-0.8.2-pre.2-tail-seedmatch-f893a005/raw/cache-pressure-query16-c16-turso-wal-rep3.jsonl
cache-pressure-write-w1-c16,cache-pressure,main-btree,tx/s,2408.912168,2264.958763,2488.167052,0.0,2408.912168,2408.912168,0.0,6196.813,10219.127,12382.146,0.0,0.0,0.0,6196.813,10219.127,12382.146,28.679905,0,0,,0,2372,15.085106,101004140,,3,f893a0052963bc103533e276ece687b0ecaa6d1c,5fe27a8338fb6881fc5ffd6e06b7165e11a2cb6d1ad93d25cf380ead800eda23,oci-a1-2ocpu-12g-zfs-product-baseline-continuation-f893a005/raw/cache-pressure-write-w1-c16-main-btree-rep1.jsonl;oci-a1-2ocpu-12g-zfs-product-baseline-continuation-f893a005/raw/cache-pressure-write-w1-c16-main-btree-rep2.jsonl;oci-a1-2ocpu-12g-zfs-product-baseline-continuation-f893a005/raw/cache-pressure-write-w1-c16-main-btree-rep3.jsonl
cache-pressure-write-w1-c16,cache-pressure,parallel-blink,tx/s,6527.654274,6438.078597,6662.469878,0.0,6527.654274,6527.654274,0.0,2302.219,3532.39,4331.877,0.0,0.0,0.0,2302.219,3532.39,4331.877,13.992781,0,0,,0,12818,7.634791,21996250,2.7097933916866666,3,f893a0052963bc103533e276ece687b0ecaa6d1c,5fe27a8338fb6881fc5ffd6e06b7165e11a2cb6d1ad93d25cf380ead800eda23,oci-a1-2ocpu-12g-zfs-product-baseline-continuation-f893a005/raw/cache-pressure-write-w1-c16-parallel-blink-rep1.jsonl;oci-a1-2ocpu-12g-zfs-product-baseline-continuation-f893a005/raw/cache-pressure-write-w1-c16-parallel-blink-rep2.jsonl;oci-a1-2ocpu-12g-zfs-product-baseline-continuation-f893a005/raw/cache-pressure-write-w1-c16-parallel-blink-rep3.jsonl
cache-pressure-write-w1-c16,cache-pressure,rocksdb,tx/s,8153.493300538874,7745.176088660616,8157.512424683801,0.0,8153.493300538874,8153.493300538874,0.0,2008.497,2425.781,3250.548,0.0,0.0,0.0,2008.497,2425.781,3250.548,14.194591480230978,0,0,0,,,,,,3,f893a0052963bc103533e276ece687b0ecaa6d1c,8f94708c5b330828f330f0a2aed9e519e37bb3e68f49c378839e653783dd20be,oci-a1-2ocpu-12g-zfs-product-baseline-continuation-f893a005/raw/cache-pressure-write-w1-c16-rocksdb-rep1.jsonl;oci-a1-2ocpu-12g-zfs-product-baseline-continuation-f893a005/raw/cache-pressure-write-w1-c16-rocksdb-rep2.jsonl;oci-a1-2ocpu-12g-zfs-product-baseline-continuation-f893a005/raw/cache-pressure-write-w1-c16-rocksdb-rep3.jsonl
cache-pressure-write-w1-c16,cache-pressure,sqlite-wal,tx/s,834.1894179837218,689.6148706725421,920.5757554588735,0.0,834.1894179837218,834.1894179837218,0.0,923.447,1245.01,3020.226,0.0,0.0,0.0,923.447,1245.01,3020.226,6.352936399407372,0,0,0,,,,,,3,f893a0052963bc103533e276ece687b0ecaa6d1c,afb56e097ae2a02d4b7e05feffbd25ad721255ec62c27e6da2f527336ce8b8cd,oci-a1-2ocpu-12g-zfs-product-baseline-continuation-f893a005/raw/cache-pressure-write-w1-c16-sqlite-wal-rep1.jsonl;oci-a1-2ocpu-12g-zfs-product-baseline-continuation-f893a005/raw/cache-pressure-write-w1-c16-sqlite-wal-rep2.jsonl;oci-a1-2ocpu-12g-zfs-product-baseline-continuation-f893a005/raw/cache-pressure-write-w1-c16-sqlite-wal-rep3.jsonl
cache-pressure-write-w1-c16,cache-pressure,turso-mvcc,tx/s,480.19864349742994,435.92488661549766,519.410676734044,0.0,480.19864349742994,480.19864349742994,0.0,30727.424,77735.98800000001,112935.569,0.0,0.0,0.0,30727.424,77735.98800000001,112935.569,94.9529471304027,0,0,0,,,,,,3,f893a0052963bc103533e276ece687b0ecaa6d1c,82e7966ab5a33d19d12280253c3b8251cd426218272650b41fdf5d7e798a28ab,oci-a1-2ocpu-12g-zfs-product-baseline-turso-0.8.2-pre.2-tail-seedmatch-f893a005/raw/cache-pressure-write-w1-c16-turso-mvcc-rep1.jsonl;oci-a1-2ocpu-12g-zfs-product-baseline-turso-0.8.2-pre.2-tail-seedmatch-f893a005/raw/cache-pressure-write-w1-c16-turso-mvcc-rep2.jsonl;oci-a1-2ocpu-12g-zfs-product-baseline-turso-0.8.2-pre.2-tail-seedmatch-f893a005/raw/cache-pressure-write-w1-c16-turso-mvcc-rep3.jsonl
cache-pressure-write-w1-c16,cache-pressure,turso-wal,tx/s,892.9275288826252,842.7107474113002,919.525153944083,0.0,892.9275288826252,892.9275288826252,0.0,1062.049,94257.449,94829.21399999999,0.0,0.0,0.0,1031.769,2095.7380000000003,65055.437999999995,12.02058595799849,0,0,37312,,,,,,3,f893a0052963bc103533e276ece687b0ecaa6d1c,82e7966ab5a33d19d12280253c3b8251cd426218272650b41fdf5d7e798a28ab,oci-a1-2ocpu-12g-zfs-product-baseline-turso-0.8.2-pre.2-tail-seedmatch-f893a005/raw/cache-pressure-write-w1-c16-turso-wal-rep1.jsonl;oci-a1-2ocpu-12g-zfs-product-baseline-turso-0.8.2-pre.2-tail-seedmatch-f893a005/raw/cache-pressure-write-w1-c16-turso-wal-rep2.jsonl;oci-a1-2ocpu-12g-zfs-product-baseline-turso-0.8.2-pre.2-tail-seedmatch-f893a005/raw/cache-pressure-write-w1-c16-turso-wal-rep3.jsonl
large-overflow-get-c16-2k,large-value-focused,main-btree,ops/s,1066157.053935,1058384.12296,1070060.401247,1066157.053935,0.0,0.0,0.0,1.64,2.16,2.44,1.64,2.16,2.44,0.0,0.0,0.0,97.668919,0,0,,0,0,0.0,0,,3,f893a0052963bc103533e276ece687b0ecaa6d1c,5fe27a8338fb6881fc5ffd6e06b7165e11a2cb6d1ad93d25cf380ead800eda23,oci-a1-2ocpu-12g-zfs-product-baseline-continuation-f893a005/raw/large-overflow-get-c16-2k-main-btree-rep1.jsonl;oci-a1-2ocpu-12g-zfs-product-baseline-continuation-f893a005/raw/large-overflow-get-c16-2k-main-btree-rep2.jsonl;oci-a1-2ocpu-12g-zfs-product-baseline-continuation-f893a005/raw/large-overflow-get-c16-2k-main-btree-rep3.jsonl
large-overflow-get-c16-2k,large-value-focused,parallel-blink,ops/s,962180.236339,921950.889891,977174.012272,962180.236339,0.0,0.0,0.0,1.88,2.36,2.56,1.88,2.36,2.561,0.0,0.0,0.0,98.495555,0,0,,0,0,0.0,0,0.902475139837757,3,f893a0052963bc103533e276ece687b0ecaa6d1c,5fe27a8338fb6881fc5ffd6e06b7165e11a2cb6d1ad93d25cf380ead800eda23,oci-a1-2ocpu-12g-zfs-product-baseline-continuation-f893a005/raw/large-overflow-get-c16-2k-parallel-blink-rep1.jsonl;oci-a1-2ocpu-12g-zfs-product-baseline-continuation-f893a005/raw/large-overflow-get-c16-2k-parallel-blink-rep2.jsonl;oci-a1-2ocpu-12g-zfs-product-baseline-continuation-f893a005/raw/large-overflow-get-c16-2k-parallel-blink-rep3.jsonl
large-overflow-get-c16-2k,large-value-focused,rocksdb,ops/s,855824.6045670828,807997.2638582388,873277.3660383751,855824.6045670828,855824.6045670828,0.0,0.0,1.96,2.68,3.1999999999999997,1.96,2.68,3.1999999999999997,0.0,0.0,0.0,98.7667176309994,0,0,0,,,,,,3,f893a0052963bc103533e276ece687b0ecaa6d1c,8f94708c5b330828f330f0a2aed9e519e37bb3e68f49c378839e653783dd20be,oci-a1-2ocpu-12g-zfs-product-baseline-continuation-f893a005/raw/large-overflow-get-c16-2k-rocksdb-rep1.jsonl;oci-a1-2ocpu-12g-zfs-product-baseline-continuation-f893a005/raw/large-overflow-get-c16-2k-rocksdb-rep2.jsonl;oci-a1-2ocpu-12g-zfs-product-baseline-continuation-f893a005/raw/large-overflow-get-c16-2k-rocksdb-rep3.jsonl
large-overflow-get-c16-2k,large-value-focused,sqlite-wal,ops/s,23316.126146488827,22063.798427623628,23402.615939610427,23316.126146488827,23316.126146488827,0.0,0.0,82.32,1699.654,18950.922,82.32,1699.654,18950.922,0.0,0.0,0.0,98.98695017420812,0,0,0,,,,,,3,f893a0052963bc103533e276ece687b0ecaa6d1c,afb56e097ae2a02d4b7e05feffbd25ad721255ec62c27e6da2f527336ce8b8cd,oci-a1-2ocpu-12g-zfs-product-baseline-continuation-f893a005/raw/large-overflow-get-c16-2k-sqlite-wal-rep1.jsonl;oci-a1-2ocpu-12g-zfs-product-baseline-continuation-f893a005/raw/large-overflow-get-c16-2k-sqlite-wal-rep2.jsonl;oci-a1-2ocpu-12g-zfs-product-baseline-continuation-f893a005/raw/large-overflow-get-c16-2k-sqlite-wal-rep3.jsonl
large-overflow-get-c16-2k,large-value-focused,turso-mvcc,ops/s,28533.211809862645,27792.807853886556,30040.65485938826,28533.211809862645,28533.211809862645,0.0,0.0,61.35999999999999,97.761,24119.647,61.35999999999999,97.761,24119.647,0.0,0.0,0.0,98.48811727374115,0,0,0,,,,,,3,f893a0052963bc103533e276ece687b0ecaa6d1c,82e7966ab5a33d19d12280253c3b8251cd426218272650b41fdf5d7e798a28ab,oci-a1-2ocpu-12g-zfs-product-baseline-turso-0.8.2-pre.2-tail-seedmatch-f893a005/raw/large-overflow-get-c16-2k-turso-mvcc-rep1.jsonl;oci-a1-2ocpu-12g-zfs-product-baseline-turso-0.8.2-pre.2-tail-seedmatch-f893a005/raw/large-overflow-get-c16-2k-turso-mvcc-rep2.jsonl;oci-a1-2ocpu-12g-zfs-product-baseline-turso-0.8.2-pre.2-tail-seedmatch-f893a005/raw/large-overflow-get-c16-2k-turso-mvcc-rep3.jsonl
large-overflow-get-c16-2k,large-value-focused,turso-wal,ops/s,39907.75114354958,37797.260028446224,41153.53406050059,39907.75114354958,39907.75114354958,0.0,0.0,42.88,70.0,22021.749,42.88,70.0,22021.749,0.0,0.0,0.0,98.16179397463624,0,0,0,,,,,,3,f893a0052963bc103533e276ece687b0ecaa6d1c,82e7966ab5a33d19d12280253c3b8251cd426218272650b41fdf5d7e798a28ab,oci-a1-2ocpu-12g-zfs-product-baseline-turso-0.8.2-pre.2-tail-seedmatch-f893a005/raw/large-overflow-get-c16-2k-turso-wal-rep1.jsonl;oci-a1-2ocpu-12g-zfs-product-baseline-turso-0.8.2-pre.2-tail-seedmatch-f893a005/raw/large-overflow-get-c16-2k-turso-wal-rep2.jsonl;oci-a1-2ocpu-12g-zfs-product-baseline-turso-0.8.2-pre.2-tail-seedmatch-f893a005/raw/large-overflow-get-c16-2k-turso-wal-rep3.jsonl
large-overflow-write-w1-c16-2k,large-value-focused,main-btree,tx/s,3265.615455,3229.96696,3421.463423,0.0,3265.615455,3265.615455,0.0,4575.919,7206.102,13000.311,0.0,0.0,0.0,4575.919,7206.102,13000.311,16.288106,0,0,,0,3236,15.342723,272747280,,3,f893a0052963bc103533e276ece687b0ecaa6d1c,5fe27a8338fb6881fc5ffd6e06b7165e11a2cb6d1ad93d25cf380ead800eda23,oci-a1-2ocpu-12g-zfs-product-baseline-continuation-f893a005/raw/large-overflow-write-w1-c16-2k-main-btree-rep1.jsonl;oci-a1-2ocpu-12g-zfs-product-baseline-continuation-f893a005/raw/large-overflow-write-w1-c16-2k-main-btree-rep2.jsonl;oci-a1-2ocpu-12g-zfs-product-baseline-continuation-f893a005/raw/large-overflow-write-w1-c16-2k-main-btree-rep3.jsonl
large-overflow-write-w1-c16-2k,large-value-focused,parallel-blink,tx/s,2443.100157,2399.136093,2539.657534,0.0,2443.100157,2443.100157,0.0,6295.374,9824.604,11123.135,0.0,0.0,0.0,6295.374,9824.604,11123.135,11.287526,0,0,,0,4740,7.829065,204126468,0.7481285505491337,3,f893a0052963bc103533e276ece687b0ecaa6d1c,5fe27a8338fb6881fc5ffd6e06b7165e11a2cb6d1ad93d25cf380ead800eda23,oci-a1-2ocpu-12g-zfs-product-baseline-continuation-f893a005/raw/large-overflow-write-w1-c16-2k-parallel-blink-rep1.jsonl;oci-a1-2ocpu-12g-zfs-product-baseline-continuation-f893a005/raw/large-overflow-write-w1-c16-2k-parallel-blink-rep2.jsonl;oci-a1-2ocpu-12g-zfs-product-baseline-continuation-f893a005/raw/large-overflow-write-w1-c16-2k-parallel-blink-rep3.jsonl
large-overflow-write-w1-c16-2k,large-value-focused,rocksdb,tx/s,6599.872020660515,6434.345166133815,6665.825923004921,0.0,6599.872020660515,6599.872020660515,0.0,2319.699,3175.868,4171.836,0.0,0.0,0.0,2319.699,3175.868,4171.836,15.092813230975304,0,0,0,,,,,,3,f893a0052963bc103533e276ece687b0ecaa6d1c,8f94708c5b330828f330f0a2aed9e519e37bb3e68f49c378839e653783dd20be,oci-a1-2ocpu-12g-zfs-product-baseline-continuation-f893a005/raw/large-overflow-write-w1-c16-2k-rocksdb-rep1.jsonl;oci-a1-2ocpu-12g-zfs-product-baseline-continuation-f893a005/raw/large-overflow-write-w1-c16-2k-rocksdb-rep2.jsonl;oci-a1-2ocpu-12g-zfs-product-baseline-continuation-f893a005/raw/large-overflow-write-w1-c16-2k-rocksdb-rep3.jsonl
large-overflow-write-w1-c16-2k,large-value-focused,sqlite-wal,tx/s,795.2572181570118,723.8203465290175,811.3365270558138,0.0,795.2572181570118,795.2572181570118,0.0,1024.769,1532.5729999999999,6722.378000000001,0.0,0.0,0.0,1024.769,1532.5729999999999,6722.378000000001,10.10308625607819,0,0,0,,,,,,3,f893a0052963bc103533e276ece687b0ecaa6d1c,afb56e097ae2a02d4b7e05feffbd25ad721255ec62c27e6da2f527336ce8b8cd,oci-a1-2ocpu-12g-zfs-product-baseline-continuation-f893a005/raw/large-overflow-write-w1-c16-2k-sqlite-wal-rep1.jsonl;oci-a1-2ocpu-12g-zfs-product-baseline-continuation-f893a005/raw/large-overflow-write-w1-c16-2k-sqlite-wal-rep2.jsonl;oci-a1-2ocpu-12g-zfs-product-baseline-continuation-f893a005/raw/large-overflow-write-w1-c16-2k-sqlite-wal-rep3.jsonl
large-overflow-write-w1-c16-2k,large-value-focused,turso-mvcc,tx/s,464.39085435617295,459.87402839014544,465.18077710061317,0.0,464.39085435617295,464.39085435617295,0.0,29686.895,76004.49200000001,112018.201,0.0,0.0,0.0,29686.895,76004.49200000001,112018.201,90.68200168985638,0,10,10,,,,,,3,f893a0052963bc103533e276ece687b0ecaa6d1c,82e7966ab5a33d19d12280253c3b8251cd426218272650b41fdf5d7e798a28ab,oci-a1-2ocpu-12g-zfs-product-baseline-turso-0.8.2-pre.2-tail-seedmatch-f893a005/raw/large-overflow-write-w1-c16-2k-turso-mvcc-rep1.jsonl;oci-a1-2ocpu-12g-zfs-product-baseline-turso-0.8.2-pre.2-tail-seedmatch-f893a005/raw/large-overflow-write-w1-c16-2k-turso-mvcc-rep2.jsonl;oci-a1-2ocpu-12g-zfs-product-baseline-turso-0.8.2-pre.2-tail-seedmatch-f893a005/raw/large-overflow-write-w1-c16-2k-turso-mvcc-rep3.jsonl
large-overflow-write-w1-c16-2k,large-value-focused,turso-wal,tx/s,939.3802497669463,939.2876028447095,954.4527722769637,0.0,939.3802497669463,939.3802497669463,0.0,1015.4879999999999,94198.489,94881.97399999999,0.0,0.0,0.0,983.929,2329.1800000000003,65477.842,11.888381140269304,0,0,37917,,,,,,3,f893a0052963bc103533e276ece687b0ecaa6d1c,82e7966ab5a33d19d12280253c3b8251cd426218272650b41fdf5d7e798a28ab,oci-a1-2ocpu-12g-zfs-product-baseline-turso-0.8.2-pre.2-tail-seedmatch-f893a005/raw/large-overflow-write-w1-c16-2k-turso-wal-rep1.jsonl;oci-a1-2ocpu-12g-zfs-product-baseline-turso-0.8.2-pre.2-tail-seedmatch-f893a005/raw/large-overflow-write-w1-c16-2k-turso-wal-rep2.jsonl;oci-a1-2ocpu-12g-zfs-product-baseline-turso-0.8.2-pre.2-tail-seedmatch-f893a005/raw/large-overflow-write-w1-c16-2k-turso-wal-rep3.jsonl
