engine	width	seed	case	transaction	revision
main-btree	4	d0db2026	main-btree-w4-returned-d0db2026	seed	282
main-btree	4	d0db2026	main-btree-w4-returned-d0db2026	prefix-000	288
main-btree	4	d0db2026	main-btree-w4-returned-d0db2026	prefix-001	294
main-btree	4	d0db2026	main-btree-w4-returned-d0db2026	prefix-002	300
main-btree	4	d0db2026	main-btree-w4-returned-d0db2026	prefix-003	306
main-btree	4	d0db2026	main-btree-w4-returned-d0db2026	prefix-004	312
main-btree	4	d0db2026	main-btree-w4-returned-d0db2026	prefix-005	318
main-btree	4	d0db2026	main-btree-w4-returned-d0db2026	prefix-006	324
main-btree	4	d0db2026	main-btree-w4-returned-d0db2026	prefix-007	330
main-btree	4	d0db2026	main-btree-w4-returned-d0db2026	prefix-008	336
main-btree	4	d0db2026	main-btree-w4-returned-d0db2026	prefix-009	342
main-btree	4	d0db2026	main-btree-w4-returned-d0db2026	prefix-010	348
main-btree	4	d0db2026	main-btree-w4-returned-d0db2026	prefix-011	354
main-btree	4	d0db2026	main-btree-w4-returned-d0db2026	prefix-012	360
main-btree	4	d0db2026	main-btree-w4-returned-d0db2026	prefix-013	366
main-btree	4	d0db2026	main-btree-w4-returned-d0db2026	prefix-014	372
main-btree	4	d0db2026	main-btree-w4-returned-d0db2026	prefix-015	378
main-btree	4	d0db2026	main-btree-w4-returned-d0db2026	prefix-016	384
main-btree	4	d0db2026	main-btree-w4-returned-d0db2026	prefix-017	390
main-btree	4	d0db2026	main-btree-w4-returned-d0db2026	prefix-018	396
main-btree	4	d0db2026	main-btree-w4-returned-d0db2026	prefix-019	402
main-btree	4	d0db2026	main-btree-w4-returned-d0db2026	prefix-020	408
main-btree	4	d0db2026	main-btree-w4-returned-d0db2026	prefix-021	414
main-btree	4	d0db2026	main-btree-w4-returned-d0db2026	prefix-022	420
main-btree	4	d0db2026	main-btree-w4-returned-d0db2026	prefix-023	426
main-btree	4	d0db2026	main-btree-w4-returned-d0db2026	prefix-024	432
main-btree	4	d0db2026	main-btree-w4-returned-d0db2026	prefix-025	438
main-btree	4	d0db2026	main-btree-w4-returned-d0db2026	prefix-026	444
main-btree	4	d0db2026	main-btree-w4-returned-d0db2026	prefix-027	450
main-btree	4	d0db2026	main-btree-w4-returned-d0db2026	prefix-028	456
main-btree	4	d0db2026	main-btree-w4-returned-d0db2026	prefix-029	462
main-btree	4	d0db2026	main-btree-w4-returned-d0db2026	prefix-030	468
main-btree	4	d0db2026	main-btree-w4-returned-d0db2026	prefix-031	474
main-btree	4	d0db2026	main-btree-w4-returned-d0db2026	prefix-032	480
main-btree	4	d0db2026	main-btree-w4-returned-d0db2026	prefix-033	486
main-btree	4	d0db2026	main-btree-w4-returned-d0db2026	prefix-034	492
main-btree	4	d0db2026	main-btree-w4-returned-d0db2026	prefix-035	498
main-btree	4	d0db2026	main-btree-w4-returned-d0db2026	prefix-036	504
main-btree	4	d0db2026	main-btree-w4-returned-d0db2026	prefix-037	510
main-btree	4	d0db2026	main-btree-w4-returned-d0db2026	prefix-038	516
main-btree	4	d0db2026	main-btree-w4-returned-d0db2026	prefix-039	522
main-btree	4	d0db2026	main-btree-w4-returned-d0db2026	prefix-040	528
main-btree	4	d0db2026	main-btree-w4-returned-d0db2026	prefix-041	534
main-btree	4	d0db2026	main-btree-w4-returned-d0db2026	prefix-042	540
main-btree	4	d0db2026	main-btree-w4-returned-d0db2026	prefix-043	546
main-btree	4	d0db2026	main-btree-w4-returned-d0db2026	prefix-044	552
main-btree	4	d0db2026	main-btree-w4-returned-d0db2026	prefix-045	558
main-btree	4	d0db2026	main-btree-w4-returned-d0db2026	prefix-046	564
main-btree	4	d0db2026	main-btree-w4-returned-d0db2026	prefix-047	570
main-btree	4	d0db2026	main-btree-w4-returned-d0db2026	prefix-048	576
main-btree	4	d0db2026	main-btree-w4-returned-d0db2026	prefix-049	582
main-btree	4	d0db2026	main-btree-w4-returned-d0db2026	prefix-050	588
main-btree	4	d0db2026	main-btree-w4-returned-d0db2026	prefix-051	594
main-btree	4	d0db2026	main-btree-w4-returned-d0db2026	prefix-052	600
main-btree	4	d0db2026	main-btree-w4-returned-d0db2026	prefix-053	606
main-btree	4	d0db2026	main-btree-w4-returned-d0db2026	prefix-054	612
main-btree	4	d0db2026	main-btree-w4-returned-d0db2026	prefix-055	618
main-btree	4	d0db2026	main-btree-w4-returned-d0db2026	prefix-056	624
main-btree	4	d0db2026	main-btree-w4-returned-d0db2026	prefix-057	630
main-btree	4	d0db2026	main-btree-w4-returned-d0db2026	prefix-058	636
main-btree	4	d0db2026	main-btree-w4-returned-d0db2026	prefix-059	642
main-btree	4	d0db2026	main-btree-w4-returned-d0db2026	prefix-060	648
main-btree	4	d0db2026	main-btree-w4-returned-d0db2026	prefix-061	654
main-btree	4	d0db2026	main-btree-w4-returned-d0db2026	prefix-062	660
main-btree	4	d0db2026	main-btree-w4-returned-d0db2026	prefix-063	666
main-btree	4	d0db2026	main-btree-w4-returned-d0db2026	prefix-064	672
main-btree	4	d0db2026	main-btree-w4-returned-d0db2026	prefix-065	678
main-btree	4	d0db2026	main-btree-w4-returned-d0db2026	prefix-066	684
main-btree	4	d0db2026	main-btree-w4-returned-d0db2026	prefix-067	690
main-btree	4	d0db2026	main-btree-w4-returned-d0db2026	prefix-068	696
main-btree	4	d0db2026	main-btree-w4-returned-d0db2026	prefix-069	702
main-btree	4	d0db2026	main-btree-w4-returned-d0db2026	prefix-070	708
main-btree	4	d0db2026	main-btree-w4-returned-d0db2026	prefix-071	714
main-btree	4	d0db2026	main-btree-w4-returned-d0db2026	prefix-072	720
main-btree	4	d0db2026	main-btree-w4-returned-d0db2026	prefix-073	726
main-btree	4	d0db2026	main-btree-w4-returned-d0db2026	prefix-074	732
main-btree	4	d0db2026	main-btree-w4-returned-d0db2026	prefix-075	738
main-btree	4	d0db2026	main-btree-w4-returned-d0db2026	prefix-076	744
main-btree	4	d0db2026	main-btree-w4-returned-d0db2026	prefix-077	750
main-btree	4	d0db2026	main-btree-w4-returned-d0db2026	prefix-078	756
main-btree	4	d0db2026	main-btree-w4-returned-d0db2026	prefix-079	762
main-btree	4	d0db2026	main-btree-w4-returned-d0db2026	prefix-080	768
main-btree	4	d0db2026	main-btree-w4-returned-d0db2026	prefix-081	774
main-btree	4	d0db2026	main-btree-w4-returned-d0db2026	prefix-082	780
main-btree	4	d0db2026	main-btree-w4-returned-d0db2026	prefix-083	786
main-btree	4	d0db2026	main-btree-w4-returned-d0db2026	prefix-084	792
main-btree	4	d0db2026	main-btree-w4-returned-d0db2026	prefix-085	798
main-btree	4	d0db2026	main-btree-w4-returned-d0db2026	prefix-086	804
main-btree	4	d0db2026	main-btree-w4-returned-d0db2026	prefix-087	810
main-btree	4	d0db2026	main-btree-w4-returned-d0db2026	prefix-088	816
main-btree	4	d0db2026	main-btree-w4-returned-d0db2026	prefix-089	822
main-btree	4	d0db2026	main-btree-w4-returned-d0db2026	prefix-090	828
main-btree	4	d0db2026	main-btree-w4-returned-d0db2026	prefix-091	834
main-btree	4	d0db2026	main-btree-w4-returned-d0db2026	prefix-092	840
main-btree	4	d0db2026	main-btree-w4-returned-d0db2026	prefix-093	846
main-btree	4	d0db2026	main-btree-w4-returned-d0db2026	prefix-094	852
main-btree	4	d0db2026	main-btree-w4-returned-d0db2026	prefix-095	858
main-btree	4	d0db2026	main-btree-w4-returned-d0db2026	prefix-096	864
main-btree	4	d0db2026	main-btree-w4-returned-d0db2026	prefix-097	870
main-btree	4	d0db2026	main-btree-w4-returned-d0db2026	prefix-098	876
main-btree	4	d0db2026	main-btree-w4-returned-d0db2026	prefix-099	882
main-btree	4	d0db2026	main-btree-w4-returned-d0db2026	prefix-100	888
main-btree	4	d0db2026	main-btree-w4-returned-d0db2026	prefix-101	894
main-btree	4	d0db2026	main-btree-w4-returned-d0db2026	prefix-102	900
main-btree	4	d0db2026	main-btree-w4-returned-d0db2026	prefix-103	906
main-btree	4	d0db2026	main-btree-w4-returned-d0db2026	prefix-104	912
main-btree	4	d0db2026	main-btree-w4-returned-d0db2026	prefix-105	918
main-btree	4	d0db2026	main-btree-w4-returned-d0db2026	prefix-106	924
main-btree	4	d0db2026	main-btree-w4-returned-d0db2026	prefix-107	930
main-btree	4	d0db2026	main-btree-w4-returned-d0db2026	prefix-108	936
main-btree	4	d0db2026	main-btree-w4-returned-d0db2026	prefix-109	942
main-btree	4	d0db2026	main-btree-w4-returned-d0db2026	prefix-110	948
main-btree	4	d0db2026	main-btree-w4-returned-d0db2026	prefix-111	954
main-btree	4	d0db2026	main-btree-w4-returned-d0db2026	prefix-112	960
main-btree	4	d0db2026	main-btree-w4-returned-d0db2026	prefix-113	966
main-btree	4	d0db2026	main-btree-w4-returned-d0db2026	prefix-114	972
main-btree	4	d0db2026	main-btree-w4-returned-d0db2026	prefix-115	978
main-btree	4	d0db2026	main-btree-w4-returned-d0db2026	prefix-116	984
main-btree	4	d0db2026	main-btree-w4-returned-d0db2026	prefix-117	990
main-btree	4	d0db2026	main-btree-w4-returned-d0db2026	prefix-118	996
main-btree	4	d0db2026	main-btree-w4-returned-d0db2026	prefix-119	1002
main-btree	4	d0db2026	main-btree-w4-returned-d0db2026	prefix-120	1008
main-btree	4	d0db2026	main-btree-w4-returned-d0db2026	prefix-121	1014
main-btree	4	d0db2026	main-btree-w4-returned-d0db2026	prefix-122	1020
main-btree	4	d0db2026	main-btree-w4-returned-d0db2026	prefix-123	1026
main-btree	4	d0db2026	main-btree-w4-returned-d0db2026	prefix-124	1032
main-btree	4	d0db2026	main-btree-w4-returned-d0db2026	prefix-125	1038
main-btree	4	d0db2026	main-btree-w4-returned-d0db2026	prefix-126	1044
main-btree	4	d0db2026	main-btree-w4-returned-d0db2026	prefix-127	1050
main-btree	4	d0db2026	main-btree-w4-returned-d0db2026	target	1056
main-btree	4	d0db2026	main-btree-w4-returned-d0db2026	post-recovery	1059
main-btree	4	d0db2027	main-btree-w4-returned-d0db2027	seed	282
main-btree	4	d0db2027	main-btree-w4-returned-d0db2027	prefix-000	288
main-btree	4	d0db2027	main-btree-w4-returned-d0db2027	prefix-001	294
main-btree	4	d0db2027	main-btree-w4-returned-d0db2027	prefix-002	300
main-btree	4	d0db2027	main-btree-w4-returned-d0db2027	prefix-003	306
main-btree	4	d0db2027	main-btree-w4-returned-d0db2027	prefix-004	312
main-btree	4	d0db2027	main-btree-w4-returned-d0db2027	prefix-005	318
main-btree	4	d0db2027	main-btree-w4-returned-d0db2027	prefix-006	324
main-btree	4	d0db2027	main-btree-w4-returned-d0db2027	prefix-007	330
main-btree	4	d0db2027	main-btree-w4-returned-d0db2027	prefix-008	336
main-btree	4	d0db2027	main-btree-w4-returned-d0db2027	prefix-009	342
main-btree	4	d0db2027	main-btree-w4-returned-d0db2027	prefix-010	348
main-btree	4	d0db2027	main-btree-w4-returned-d0db2027	prefix-011	354
main-btree	4	d0db2027	main-btree-w4-returned-d0db2027	prefix-012	360
main-btree	4	d0db2027	main-btree-w4-returned-d0db2027	prefix-013	366
main-btree	4	d0db2027	main-btree-w4-returned-d0db2027	prefix-014	372
main-btree	4	d0db2027	main-btree-w4-returned-d0db2027	prefix-015	378
main-btree	4	d0db2027	main-btree-w4-returned-d0db2027	prefix-016	384
main-btree	4	d0db2027	main-btree-w4-returned-d0db2027	prefix-017	390
main-btree	4	d0db2027	main-btree-w4-returned-d0db2027	prefix-018	396
main-btree	4	d0db2027	main-btree-w4-returned-d0db2027	prefix-019	402
main-btree	4	d0db2027	main-btree-w4-returned-d0db2027	prefix-020	408
main-btree	4	d0db2027	main-btree-w4-returned-d0db2027	prefix-021	414
main-btree	4	d0db2027	main-btree-w4-returned-d0db2027	prefix-022	420
main-btree	4	d0db2027	main-btree-w4-returned-d0db2027	prefix-023	426
main-btree	4	d0db2027	main-btree-w4-returned-d0db2027	prefix-024	432
main-btree	4	d0db2027	main-btree-w4-returned-d0db2027	prefix-025	438
main-btree	4	d0db2027	main-btree-w4-returned-d0db2027	prefix-026	444
main-btree	4	d0db2027	main-btree-w4-returned-d0db2027	prefix-027	450
main-btree	4	d0db2027	main-btree-w4-returned-d0db2027	prefix-028	456
main-btree	4	d0db2027	main-btree-w4-returned-d0db2027	prefix-029	462
main-btree	4	d0db2027	main-btree-w4-returned-d0db2027	prefix-030	468
main-btree	4	d0db2027	main-btree-w4-returned-d0db2027	prefix-031	474
main-btree	4	d0db2027	main-btree-w4-returned-d0db2027	prefix-032	480
main-btree	4	d0db2027	main-btree-w4-returned-d0db2027	prefix-033	486
main-btree	4	d0db2027	main-btree-w4-returned-d0db2027	prefix-034	492
main-btree	4	d0db2027	main-btree-w4-returned-d0db2027	prefix-035	498
main-btree	4	d0db2027	main-btree-w4-returned-d0db2027	prefix-036	504
main-btree	4	d0db2027	main-btree-w4-returned-d0db2027	prefix-037	510
main-btree	4	d0db2027	main-btree-w4-returned-d0db2027	prefix-038	516
main-btree	4	d0db2027	main-btree-w4-returned-d0db2027	prefix-039	522
main-btree	4	d0db2027	main-btree-w4-returned-d0db2027	prefix-040	528
main-btree	4	d0db2027	main-btree-w4-returned-d0db2027	prefix-041	534
main-btree	4	d0db2027	main-btree-w4-returned-d0db2027	prefix-042	540
main-btree	4	d0db2027	main-btree-w4-returned-d0db2027	prefix-043	546
main-btree	4	d0db2027	main-btree-w4-returned-d0db2027	prefix-044	552
main-btree	4	d0db2027	main-btree-w4-returned-d0db2027	prefix-045	558
main-btree	4	d0db2027	main-btree-w4-returned-d0db2027	prefix-046	564
main-btree	4	d0db2027	main-btree-w4-returned-d0db2027	prefix-047	570
main-btree	4	d0db2027	main-btree-w4-returned-d0db2027	prefix-048	576
main-btree	4	d0db2027	main-btree-w4-returned-d0db2027	prefix-049	582
main-btree	4	d0db2027	main-btree-w4-returned-d0db2027	prefix-050	588
main-btree	4	d0db2027	main-btree-w4-returned-d0db2027	prefix-051	594
main-btree	4	d0db2027	main-btree-w4-returned-d0db2027	prefix-052	600
main-btree	4	d0db2027	main-btree-w4-returned-d0db2027	prefix-053	606
main-btree	4	d0db2027	main-btree-w4-returned-d0db2027	prefix-054	612
main-btree	4	d0db2027	main-btree-w4-returned-d0db2027	prefix-055	618
main-btree	4	d0db2027	main-btree-w4-returned-d0db2027	prefix-056	624
main-btree	4	d0db2027	main-btree-w4-returned-d0db2027	prefix-057	630
main-btree	4	d0db2027	main-btree-w4-returned-d0db2027	prefix-058	636
main-btree	4	d0db2027	main-btree-w4-returned-d0db2027	prefix-059	642
main-btree	4	d0db2027	main-btree-w4-returned-d0db2027	prefix-060	648
main-btree	4	d0db2027	main-btree-w4-returned-d0db2027	prefix-061	654
main-btree	4	d0db2027	main-btree-w4-returned-d0db2027	prefix-062	660
main-btree	4	d0db2027	main-btree-w4-returned-d0db2027	prefix-063	666
main-btree	4	d0db2027	main-btree-w4-returned-d0db2027	prefix-064	672
main-btree	4	d0db2027	main-btree-w4-returned-d0db2027	prefix-065	678
main-btree	4	d0db2027	main-btree-w4-returned-d0db2027	prefix-066	684
main-btree	4	d0db2027	main-btree-w4-returned-d0db2027	prefix-067	690
main-btree	4	d0db2027	main-btree-w4-returned-d0db2027	prefix-068	696
main-btree	4	d0db2027	main-btree-w4-returned-d0db2027	prefix-069	702
main-btree	4	d0db2027	main-btree-w4-returned-d0db2027	prefix-070	708
main-btree	4	d0db2027	main-btree-w4-returned-d0db2027	prefix-071	714
main-btree	4	d0db2027	main-btree-w4-returned-d0db2027	prefix-072	720
main-btree	4	d0db2027	main-btree-w4-returned-d0db2027	prefix-073	726
main-btree	4	d0db2027	main-btree-w4-returned-d0db2027	prefix-074	732
main-btree	4	d0db2027	main-btree-w4-returned-d0db2027	prefix-075	738
main-btree	4	d0db2027	main-btree-w4-returned-d0db2027	prefix-076	744
main-btree	4	d0db2027	main-btree-w4-returned-d0db2027	prefix-077	750
main-btree	4	d0db2027	main-btree-w4-returned-d0db2027	prefix-078	756
main-btree	4	d0db2027	main-btree-w4-returned-d0db2027	prefix-079	762
main-btree	4	d0db2027	main-btree-w4-returned-d0db2027	prefix-080	768
main-btree	4	d0db2027	main-btree-w4-returned-d0db2027	prefix-081	774
main-btree	4	d0db2027	main-btree-w4-returned-d0db2027	prefix-082	780
main-btree	4	d0db2027	main-btree-w4-returned-d0db2027	prefix-083	786
main-btree	4	d0db2027	main-btree-w4-returned-d0db2027	prefix-084	792
main-btree	4	d0db2027	main-btree-w4-returned-d0db2027	prefix-085	798
main-btree	4	d0db2027	main-btree-w4-returned-d0db2027	prefix-086	804
main-btree	4	d0db2027	main-btree-w4-returned-d0db2027	prefix-087	810
main-btree	4	d0db2027	main-btree-w4-returned-d0db2027	prefix-088	816
main-btree	4	d0db2027	main-btree-w4-returned-d0db2027	prefix-089	822
main-btree	4	d0db2027	main-btree-w4-returned-d0db2027	prefix-090	828
main-btree	4	d0db2027	main-btree-w4-returned-d0db2027	prefix-091	834
main-btree	4	d0db2027	main-btree-w4-returned-d0db2027	prefix-092	840
main-btree	4	d0db2027	main-btree-w4-returned-d0db2027	prefix-093	846
main-btree	4	d0db2027	main-btree-w4-returned-d0db2027	prefix-094	852
main-btree	4	d0db2027	main-btree-w4-returned-d0db2027	prefix-095	858
main-btree	4	d0db2027	main-btree-w4-returned-d0db2027	prefix-096	864
main-btree	4	d0db2027	main-btree-w4-returned-d0db2027	prefix-097	870
main-btree	4	d0db2027	main-btree-w4-returned-d0db2027	prefix-098	876
main-btree	4	d0db2027	main-btree-w4-returned-d0db2027	prefix-099	882
main-btree	4	d0db2027	main-btree-w4-returned-d0db2027	prefix-100	888
main-btree	4	d0db2027	main-btree-w4-returned-d0db2027	prefix-101	894
main-btree	4	d0db2027	main-btree-w4-returned-d0db2027	prefix-102	900
main-btree	4	d0db2027	main-btree-w4-returned-d0db2027	prefix-103	906
main-btree	4	d0db2027	main-btree-w4-returned-d0db2027	prefix-104	912
main-btree	4	d0db2027	main-btree-w4-returned-d0db2027	prefix-105	918
main-btree	4	d0db2027	main-btree-w4-returned-d0db2027	prefix-106	924
main-btree	4	d0db2027	main-btree-w4-returned-d0db2027	prefix-107	930
main-btree	4	d0db2027	main-btree-w4-returned-d0db2027	prefix-108	936
main-btree	4	d0db2027	main-btree-w4-returned-d0db2027	prefix-109	942
main-btree	4	d0db2027	main-btree-w4-returned-d0db2027	prefix-110	948
main-btree	4	d0db2027	main-btree-w4-returned-d0db2027	prefix-111	954
main-btree	4	d0db2027	main-btree-w4-returned-d0db2027	prefix-112	960
main-btree	4	d0db2027	main-btree-w4-returned-d0db2027	prefix-113	966
main-btree	4	d0db2027	main-btree-w4-returned-d0db2027	prefix-114	972
main-btree	4	d0db2027	main-btree-w4-returned-d0db2027	prefix-115	978
main-btree	4	d0db2027	main-btree-w4-returned-d0db2027	prefix-116	984
main-btree	4	d0db2027	main-btree-w4-returned-d0db2027	prefix-117	990
main-btree	4	d0db2027	main-btree-w4-returned-d0db2027	prefix-118	996
main-btree	4	d0db2027	main-btree-w4-returned-d0db2027	prefix-119	1002
main-btree	4	d0db2027	main-btree-w4-returned-d0db2027	prefix-120	1008
main-btree	4	d0db2027	main-btree-w4-returned-d0db2027	prefix-121	1014
main-btree	4	d0db2027	main-btree-w4-returned-d0db2027	prefix-122	1020
main-btree	4	d0db2027	main-btree-w4-returned-d0db2027	prefix-123	1026
main-btree	4	d0db2027	main-btree-w4-returned-d0db2027	prefix-124	1032
main-btree	4	d0db2027	main-btree-w4-returned-d0db2027	prefix-125	1038
main-btree	4	d0db2027	main-btree-w4-returned-d0db2027	prefix-126	1044
main-btree	4	d0db2027	main-btree-w4-returned-d0db2027	prefix-127	1050
main-btree	4	d0db2027	main-btree-w4-returned-d0db2027	target	1056
main-btree	4	d0db2027	main-btree-w4-returned-d0db2027	post-recovery	1059
main-btree	4	d0db2028	main-btree-w4-returned-d0db2028	seed	282
main-btree	4	d0db2028	main-btree-w4-returned-d0db2028	prefix-000	288
main-btree	4	d0db2028	main-btree-w4-returned-d0db2028	prefix-001	294
main-btree	4	d0db2028	main-btree-w4-returned-d0db2028	prefix-002	300
main-btree	4	d0db2028	main-btree-w4-returned-d0db2028	prefix-003	306
main-btree	4	d0db2028	main-btree-w4-returned-d0db2028	prefix-004	312
main-btree	4	d0db2028	main-btree-w4-returned-d0db2028	prefix-005	318
main-btree	4	d0db2028	main-btree-w4-returned-d0db2028	prefix-006	324
main-btree	4	d0db2028	main-btree-w4-returned-d0db2028	prefix-007	330
main-btree	4	d0db2028	main-btree-w4-returned-d0db2028	prefix-008	336
main-btree	4	d0db2028	main-btree-w4-returned-d0db2028	prefix-009	342
main-btree	4	d0db2028	main-btree-w4-returned-d0db2028	prefix-010	348
main-btree	4	d0db2028	main-btree-w4-returned-d0db2028	prefix-011	354
main-btree	4	d0db2028	main-btree-w4-returned-d0db2028	prefix-012	360
main-btree	4	d0db2028	main-btree-w4-returned-d0db2028	prefix-013	366
main-btree	4	d0db2028	main-btree-w4-returned-d0db2028	prefix-014	372
main-btree	4	d0db2028	main-btree-w4-returned-d0db2028	prefix-015	378
main-btree	4	d0db2028	main-btree-w4-returned-d0db2028	prefix-016	384
main-btree	4	d0db2028	main-btree-w4-returned-d0db2028	prefix-017	390
main-btree	4	d0db2028	main-btree-w4-returned-d0db2028	prefix-018	396
main-btree	4	d0db2028	main-btree-w4-returned-d0db2028	prefix-019	402
main-btree	4	d0db2028	main-btree-w4-returned-d0db2028	prefix-020	408
main-btree	4	d0db2028	main-btree-w4-returned-d0db2028	prefix-021	414
main-btree	4	d0db2028	main-btree-w4-returned-d0db2028	prefix-022	420
main-btree	4	d0db2028	main-btree-w4-returned-d0db2028	prefix-023	426
main-btree	4	d0db2028	main-btree-w4-returned-d0db2028	prefix-024	432
main-btree	4	d0db2028	main-btree-w4-returned-d0db2028	prefix-025	438
main-btree	4	d0db2028	main-btree-w4-returned-d0db2028	prefix-026	444
main-btree	4	d0db2028	main-btree-w4-returned-d0db2028	prefix-027	450
main-btree	4	d0db2028	main-btree-w4-returned-d0db2028	prefix-028	456
main-btree	4	d0db2028	main-btree-w4-returned-d0db2028	prefix-029	462
main-btree	4	d0db2028	main-btree-w4-returned-d0db2028	prefix-030	468
main-btree	4	d0db2028	main-btree-w4-returned-d0db2028	prefix-031	474
main-btree	4	d0db2028	main-btree-w4-returned-d0db2028	prefix-032	480
main-btree	4	d0db2028	main-btree-w4-returned-d0db2028	prefix-033	486
main-btree	4	d0db2028	main-btree-w4-returned-d0db2028	prefix-034	492
main-btree	4	d0db2028	main-btree-w4-returned-d0db2028	prefix-035	498
main-btree	4	d0db2028	main-btree-w4-returned-d0db2028	prefix-036	504
main-btree	4	d0db2028	main-btree-w4-returned-d0db2028	prefix-037	510
main-btree	4	d0db2028	main-btree-w4-returned-d0db2028	prefix-038	516
main-btree	4	d0db2028	main-btree-w4-returned-d0db2028	prefix-039	522
main-btree	4	d0db2028	main-btree-w4-returned-d0db2028	prefix-040	528
main-btree	4	d0db2028	main-btree-w4-returned-d0db2028	prefix-041	534
main-btree	4	d0db2028	main-btree-w4-returned-d0db2028	prefix-042	540
main-btree	4	d0db2028	main-btree-w4-returned-d0db2028	prefix-043	546
main-btree	4	d0db2028	main-btree-w4-returned-d0db2028	prefix-044	552
main-btree	4	d0db2028	main-btree-w4-returned-d0db2028	prefix-045	558
main-btree	4	d0db2028	main-btree-w4-returned-d0db2028	prefix-046	564
main-btree	4	d0db2028	main-btree-w4-returned-d0db2028	prefix-047	570
main-btree	4	d0db2028	main-btree-w4-returned-d0db2028	prefix-048	576
main-btree	4	d0db2028	main-btree-w4-returned-d0db2028	prefix-049	582
main-btree	4	d0db2028	main-btree-w4-returned-d0db2028	prefix-050	588
main-btree	4	d0db2028	main-btree-w4-returned-d0db2028	prefix-051	594
main-btree	4	d0db2028	main-btree-w4-returned-d0db2028	prefix-052	600
main-btree	4	d0db2028	main-btree-w4-returned-d0db2028	prefix-053	606
main-btree	4	d0db2028	main-btree-w4-returned-d0db2028	prefix-054	612
main-btree	4	d0db2028	main-btree-w4-returned-d0db2028	prefix-055	618
main-btree	4	d0db2028	main-btree-w4-returned-d0db2028	prefix-056	624
main-btree	4	d0db2028	main-btree-w4-returned-d0db2028	prefix-057	630
main-btree	4	d0db2028	main-btree-w4-returned-d0db2028	prefix-058	636
main-btree	4	d0db2028	main-btree-w4-returned-d0db2028	prefix-059	642
main-btree	4	d0db2028	main-btree-w4-returned-d0db2028	prefix-060	648
main-btree	4	d0db2028	main-btree-w4-returned-d0db2028	prefix-061	654
main-btree	4	d0db2028	main-btree-w4-returned-d0db2028	prefix-062	660
main-btree	4	d0db2028	main-btree-w4-returned-d0db2028	prefix-063	666
main-btree	4	d0db2028	main-btree-w4-returned-d0db2028	prefix-064	672
main-btree	4	d0db2028	main-btree-w4-returned-d0db2028	prefix-065	678
main-btree	4	d0db2028	main-btree-w4-returned-d0db2028	prefix-066	684
main-btree	4	d0db2028	main-btree-w4-returned-d0db2028	prefix-067	690
main-btree	4	d0db2028	main-btree-w4-returned-d0db2028	prefix-068	696
main-btree	4	d0db2028	main-btree-w4-returned-d0db2028	prefix-069	702
main-btree	4	d0db2028	main-btree-w4-returned-d0db2028	prefix-070	708
main-btree	4	d0db2028	main-btree-w4-returned-d0db2028	prefix-071	714
main-btree	4	d0db2028	main-btree-w4-returned-d0db2028	prefix-072	720
main-btree	4	d0db2028	main-btree-w4-returned-d0db2028	prefix-073	726
main-btree	4	d0db2028	main-btree-w4-returned-d0db2028	prefix-074	732
main-btree	4	d0db2028	main-btree-w4-returned-d0db2028	prefix-075	738
main-btree	4	d0db2028	main-btree-w4-returned-d0db2028	prefix-076	744
main-btree	4	d0db2028	main-btree-w4-returned-d0db2028	prefix-077	750
main-btree	4	d0db2028	main-btree-w4-returned-d0db2028	prefix-078	756
main-btree	4	d0db2028	main-btree-w4-returned-d0db2028	prefix-079	762
main-btree	4	d0db2028	main-btree-w4-returned-d0db2028	prefix-080	768
main-btree	4	d0db2028	main-btree-w4-returned-d0db2028	prefix-081	774
main-btree	4	d0db2028	main-btree-w4-returned-d0db2028	prefix-082	780
main-btree	4	d0db2028	main-btree-w4-returned-d0db2028	prefix-083	786
main-btree	4	d0db2028	main-btree-w4-returned-d0db2028	prefix-084	792
main-btree	4	d0db2028	main-btree-w4-returned-d0db2028	prefix-085	798
main-btree	4	d0db2028	main-btree-w4-returned-d0db2028	prefix-086	804
main-btree	4	d0db2028	main-btree-w4-returned-d0db2028	prefix-087	810
main-btree	4	d0db2028	main-btree-w4-returned-d0db2028	prefix-088	816
main-btree	4	d0db2028	main-btree-w4-returned-d0db2028	prefix-089	822
main-btree	4	d0db2028	main-btree-w4-returned-d0db2028	prefix-090	828
main-btree	4	d0db2028	main-btree-w4-returned-d0db2028	prefix-091	834
main-btree	4	d0db2028	main-btree-w4-returned-d0db2028	prefix-092	840
main-btree	4	d0db2028	main-btree-w4-returned-d0db2028	prefix-093	846
main-btree	4	d0db2028	main-btree-w4-returned-d0db2028	prefix-094	852
main-btree	4	d0db2028	main-btree-w4-returned-d0db2028	prefix-095	858
main-btree	4	d0db2028	main-btree-w4-returned-d0db2028	prefix-096	864
main-btree	4	d0db2028	main-btree-w4-returned-d0db2028	prefix-097	870
main-btree	4	d0db2028	main-btree-w4-returned-d0db2028	prefix-098	876
main-btree	4	d0db2028	main-btree-w4-returned-d0db2028	prefix-099	882
main-btree	4	d0db2028	main-btree-w4-returned-d0db2028	prefix-100	888
main-btree	4	d0db2028	main-btree-w4-returned-d0db2028	prefix-101	894
main-btree	4	d0db2028	main-btree-w4-returned-d0db2028	prefix-102	900
main-btree	4	d0db2028	main-btree-w4-returned-d0db2028	prefix-103	906
main-btree	4	d0db2028	main-btree-w4-returned-d0db2028	prefix-104	912
main-btree	4	d0db2028	main-btree-w4-returned-d0db2028	prefix-105	918
main-btree	4	d0db2028	main-btree-w4-returned-d0db2028	prefix-106	924
main-btree	4	d0db2028	main-btree-w4-returned-d0db2028	prefix-107	930
main-btree	4	d0db2028	main-btree-w4-returned-d0db2028	prefix-108	936
main-btree	4	d0db2028	main-btree-w4-returned-d0db2028	prefix-109	942
main-btree	4	d0db2028	main-btree-w4-returned-d0db2028	prefix-110	948
main-btree	4	d0db2028	main-btree-w4-returned-d0db2028	prefix-111	954
main-btree	4	d0db2028	main-btree-w4-returned-d0db2028	prefix-112	960
main-btree	4	d0db2028	main-btree-w4-returned-d0db2028	prefix-113	966
main-btree	4	d0db2028	main-btree-w4-returned-d0db2028	prefix-114	972
main-btree	4	d0db2028	main-btree-w4-returned-d0db2028	prefix-115	978
main-btree	4	d0db2028	main-btree-w4-returned-d0db2028	prefix-116	984
main-btree	4	d0db2028	main-btree-w4-returned-d0db2028	prefix-117	990
main-btree	4	d0db2028	main-btree-w4-returned-d0db2028	prefix-118	996
main-btree	4	d0db2028	main-btree-w4-returned-d0db2028	prefix-119	1002
main-btree	4	d0db2028	main-btree-w4-returned-d0db2028	prefix-120	1008
main-btree	4	d0db2028	main-btree-w4-returned-d0db2028	prefix-121	1014
main-btree	4	d0db2028	main-btree-w4-returned-d0db2028	prefix-122	1020
main-btree	4	d0db2028	main-btree-w4-returned-d0db2028	prefix-123	1026
main-btree	4	d0db2028	main-btree-w4-returned-d0db2028	prefix-124	1032
main-btree	4	d0db2028	main-btree-w4-returned-d0db2028	prefix-125	1038
main-btree	4	d0db2028	main-btree-w4-returned-d0db2028	prefix-126	1044
main-btree	4	d0db2028	main-btree-w4-returned-d0db2028	prefix-127	1050
main-btree	4	d0db2028	main-btree-w4-returned-d0db2028	target	1056
main-btree	4	d0db2028	main-btree-w4-returned-d0db2028	post-recovery	1059
main-btree	4	d0db2026	main-btree-w4-before_wal_append-d0db2026	seed	282
main-btree	4	d0db2026	main-btree-w4-before_wal_append-d0db2026	prefix-000	288
main-btree	4	d0db2026	main-btree-w4-before_wal_append-d0db2026	prefix-001	294
main-btree	4	d0db2026	main-btree-w4-before_wal_append-d0db2026	prefix-002	300
main-btree	4	d0db2026	main-btree-w4-before_wal_append-d0db2026	prefix-003	306
main-btree	4	d0db2026	main-btree-w4-before_wal_append-d0db2026	prefix-004	312
main-btree	4	d0db2026	main-btree-w4-before_wal_append-d0db2026	prefix-005	318
main-btree	4	d0db2026	main-btree-w4-before_wal_append-d0db2026	prefix-006	324
main-btree	4	d0db2026	main-btree-w4-before_wal_append-d0db2026	prefix-007	330
main-btree	4	d0db2026	main-btree-w4-before_wal_append-d0db2026	prefix-008	336
main-btree	4	d0db2026	main-btree-w4-before_wal_append-d0db2026	prefix-009	342
main-btree	4	d0db2026	main-btree-w4-before_wal_append-d0db2026	prefix-010	348
main-btree	4	d0db2026	main-btree-w4-before_wal_append-d0db2026	prefix-011	354
main-btree	4	d0db2026	main-btree-w4-before_wal_append-d0db2026	prefix-012	360
main-btree	4	d0db2026	main-btree-w4-before_wal_append-d0db2026	prefix-013	366
main-btree	4	d0db2026	main-btree-w4-before_wal_append-d0db2026	prefix-014	372
main-btree	4	d0db2026	main-btree-w4-before_wal_append-d0db2026	prefix-015	378
main-btree	4	d0db2026	main-btree-w4-before_wal_append-d0db2026	prefix-016	384
main-btree	4	d0db2026	main-btree-w4-before_wal_append-d0db2026	prefix-017	390
main-btree	4	d0db2026	main-btree-w4-before_wal_append-d0db2026	prefix-018	396
main-btree	4	d0db2026	main-btree-w4-before_wal_append-d0db2026	prefix-019	402
main-btree	4	d0db2026	main-btree-w4-before_wal_append-d0db2026	prefix-020	408
main-btree	4	d0db2026	main-btree-w4-before_wal_append-d0db2026	prefix-021	414
main-btree	4	d0db2026	main-btree-w4-before_wal_append-d0db2026	prefix-022	420
main-btree	4	d0db2026	main-btree-w4-before_wal_append-d0db2026	prefix-023	426
main-btree	4	d0db2026	main-btree-w4-before_wal_append-d0db2026	prefix-024	432
main-btree	4	d0db2026	main-btree-w4-before_wal_append-d0db2026	prefix-025	438
main-btree	4	d0db2026	main-btree-w4-before_wal_append-d0db2026	prefix-026	444
main-btree	4	d0db2026	main-btree-w4-before_wal_append-d0db2026	prefix-027	450
main-btree	4	d0db2026	main-btree-w4-before_wal_append-d0db2026	prefix-028	456
main-btree	4	d0db2026	main-btree-w4-before_wal_append-d0db2026	prefix-029	462
main-btree	4	d0db2026	main-btree-w4-before_wal_append-d0db2026	prefix-030	468
main-btree	4	d0db2026	main-btree-w4-before_wal_append-d0db2026	prefix-031	474
main-btree	4	d0db2026	main-btree-w4-before_wal_append-d0db2026	prefix-032	480
main-btree	4	d0db2026	main-btree-w4-before_wal_append-d0db2026	prefix-033	486
main-btree	4	d0db2026	main-btree-w4-before_wal_append-d0db2026	prefix-034	492
main-btree	4	d0db2026	main-btree-w4-before_wal_append-d0db2026	prefix-035	498
main-btree	4	d0db2026	main-btree-w4-before_wal_append-d0db2026	prefix-036	504
main-btree	4	d0db2026	main-btree-w4-before_wal_append-d0db2026	prefix-037	510
main-btree	4	d0db2026	main-btree-w4-before_wal_append-d0db2026	prefix-038	516
main-btree	4	d0db2026	main-btree-w4-before_wal_append-d0db2026	prefix-039	522
main-btree	4	d0db2026	main-btree-w4-before_wal_append-d0db2026	prefix-040	528
main-btree	4	d0db2026	main-btree-w4-before_wal_append-d0db2026	prefix-041	534
main-btree	4	d0db2026	main-btree-w4-before_wal_append-d0db2026	prefix-042	540
main-btree	4	d0db2026	main-btree-w4-before_wal_append-d0db2026	prefix-043	546
main-btree	4	d0db2026	main-btree-w4-before_wal_append-d0db2026	prefix-044	552
main-btree	4	d0db2026	main-btree-w4-before_wal_append-d0db2026	prefix-045	558
main-btree	4	d0db2026	main-btree-w4-before_wal_append-d0db2026	prefix-046	564
main-btree	4	d0db2026	main-btree-w4-before_wal_append-d0db2026	prefix-047	570
main-btree	4	d0db2026	main-btree-w4-before_wal_append-d0db2026	prefix-048	576
main-btree	4	d0db2026	main-btree-w4-before_wal_append-d0db2026	prefix-049	582
main-btree	4	d0db2026	main-btree-w4-before_wal_append-d0db2026	prefix-050	588
main-btree	4	d0db2026	main-btree-w4-before_wal_append-d0db2026	prefix-051	594
main-btree	4	d0db2026	main-btree-w4-before_wal_append-d0db2026	prefix-052	600
main-btree	4	d0db2026	main-btree-w4-before_wal_append-d0db2026	prefix-053	606
main-btree	4	d0db2026	main-btree-w4-before_wal_append-d0db2026	prefix-054	612
main-btree	4	d0db2026	main-btree-w4-before_wal_append-d0db2026	prefix-055	618
main-btree	4	d0db2026	main-btree-w4-before_wal_append-d0db2026	prefix-056	624
main-btree	4	d0db2026	main-btree-w4-before_wal_append-d0db2026	prefix-057	630
main-btree	4	d0db2026	main-btree-w4-before_wal_append-d0db2026	prefix-058	636
main-btree	4	d0db2026	main-btree-w4-before_wal_append-d0db2026	prefix-059	642
main-btree	4	d0db2026	main-btree-w4-before_wal_append-d0db2026	prefix-060	648
main-btree	4	d0db2026	main-btree-w4-before_wal_append-d0db2026	prefix-061	654
main-btree	4	d0db2026	main-btree-w4-before_wal_append-d0db2026	prefix-062	660
main-btree	4	d0db2026	main-btree-w4-before_wal_append-d0db2026	prefix-063	666
main-btree	4	d0db2026	main-btree-w4-before_wal_append-d0db2026	prefix-064	672
main-btree	4	d0db2026	main-btree-w4-before_wal_append-d0db2026	prefix-065	678
main-btree	4	d0db2026	main-btree-w4-before_wal_append-d0db2026	prefix-066	684
main-btree	4	d0db2026	main-btree-w4-before_wal_append-d0db2026	prefix-067	690
main-btree	4	d0db2026	main-btree-w4-before_wal_append-d0db2026	prefix-068	696
main-btree	4	d0db2026	main-btree-w4-before_wal_append-d0db2026	prefix-069	702
main-btree	4	d0db2026	main-btree-w4-before_wal_append-d0db2026	prefix-070	708
main-btree	4	d0db2026	main-btree-w4-before_wal_append-d0db2026	prefix-071	714
main-btree	4	d0db2026	main-btree-w4-before_wal_append-d0db2026	prefix-072	720
main-btree	4	d0db2026	main-btree-w4-before_wal_append-d0db2026	prefix-073	726
main-btree	4	d0db2026	main-btree-w4-before_wal_append-d0db2026	prefix-074	732
main-btree	4	d0db2026	main-btree-w4-before_wal_append-d0db2026	prefix-075	738
main-btree	4	d0db2026	main-btree-w4-before_wal_append-d0db2026	prefix-076	744
main-btree	4	d0db2026	main-btree-w4-before_wal_append-d0db2026	prefix-077	750
main-btree	4	d0db2026	main-btree-w4-before_wal_append-d0db2026	prefix-078	756
main-btree	4	d0db2026	main-btree-w4-before_wal_append-d0db2026	prefix-079	762
main-btree	4	d0db2026	main-btree-w4-before_wal_append-d0db2026	prefix-080	768
main-btree	4	d0db2026	main-btree-w4-before_wal_append-d0db2026	prefix-081	774
main-btree	4	d0db2026	main-btree-w4-before_wal_append-d0db2026	prefix-082	780
main-btree	4	d0db2026	main-btree-w4-before_wal_append-d0db2026	prefix-083	786
main-btree	4	d0db2026	main-btree-w4-before_wal_append-d0db2026	prefix-084	792
main-btree	4	d0db2026	main-btree-w4-before_wal_append-d0db2026	prefix-085	798
main-btree	4	d0db2026	main-btree-w4-before_wal_append-d0db2026	prefix-086	804
main-btree	4	d0db2026	main-btree-w4-before_wal_append-d0db2026	prefix-087	810
main-btree	4	d0db2026	main-btree-w4-before_wal_append-d0db2026	prefix-088	816
main-btree	4	d0db2026	main-btree-w4-before_wal_append-d0db2026	prefix-089	822
main-btree	4	d0db2026	main-btree-w4-before_wal_append-d0db2026	prefix-090	828
main-btree	4	d0db2026	main-btree-w4-before_wal_append-d0db2026	prefix-091	834
main-btree	4	d0db2026	main-btree-w4-before_wal_append-d0db2026	prefix-092	840
main-btree	4	d0db2026	main-btree-w4-before_wal_append-d0db2026	prefix-093	846
main-btree	4	d0db2026	main-btree-w4-before_wal_append-d0db2026	prefix-094	852
main-btree	4	d0db2026	main-btree-w4-before_wal_append-d0db2026	prefix-095	858
main-btree	4	d0db2026	main-btree-w4-before_wal_append-d0db2026	prefix-096	864
main-btree	4	d0db2026	main-btree-w4-before_wal_append-d0db2026	prefix-097	870
main-btree	4	d0db2026	main-btree-w4-before_wal_append-d0db2026	prefix-098	876
main-btree	4	d0db2026	main-btree-w4-before_wal_append-d0db2026	prefix-099	882
main-btree	4	d0db2026	main-btree-w4-before_wal_append-d0db2026	prefix-100	888
main-btree	4	d0db2026	main-btree-w4-before_wal_append-d0db2026	prefix-101	894
main-btree	4	d0db2026	main-btree-w4-before_wal_append-d0db2026	prefix-102	900
main-btree	4	d0db2026	main-btree-w4-before_wal_append-d0db2026	prefix-103	906
main-btree	4	d0db2026	main-btree-w4-before_wal_append-d0db2026	prefix-104	912
main-btree	4	d0db2026	main-btree-w4-before_wal_append-d0db2026	prefix-105	918
main-btree	4	d0db2026	main-btree-w4-before_wal_append-d0db2026	prefix-106	924
main-btree	4	d0db2026	main-btree-w4-before_wal_append-d0db2026	prefix-107	930
main-btree	4	d0db2026	main-btree-w4-before_wal_append-d0db2026	prefix-108	936
main-btree	4	d0db2026	main-btree-w4-before_wal_append-d0db2026	prefix-109	942
main-btree	4	d0db2026	main-btree-w4-before_wal_append-d0db2026	prefix-110	948
main-btree	4	d0db2026	main-btree-w4-before_wal_append-d0db2026	prefix-111	954
main-btree	4	d0db2026	main-btree-w4-before_wal_append-d0db2026	prefix-112	960
main-btree	4	d0db2026	main-btree-w4-before_wal_append-d0db2026	prefix-113	966
main-btree	4	d0db2026	main-btree-w4-before_wal_append-d0db2026	prefix-114	972
main-btree	4	d0db2026	main-btree-w4-before_wal_append-d0db2026	prefix-115	978
main-btree	4	d0db2026	main-btree-w4-before_wal_append-d0db2026	prefix-116	984
main-btree	4	d0db2026	main-btree-w4-before_wal_append-d0db2026	prefix-117	990
main-btree	4	d0db2026	main-btree-w4-before_wal_append-d0db2026	prefix-118	996
main-btree	4	d0db2026	main-btree-w4-before_wal_append-d0db2026	prefix-119	1002
main-btree	4	d0db2026	main-btree-w4-before_wal_append-d0db2026	prefix-120	1008
main-btree	4	d0db2026	main-btree-w4-before_wal_append-d0db2026	prefix-121	1014
main-btree	4	d0db2026	main-btree-w4-before_wal_append-d0db2026	prefix-122	1020
main-btree	4	d0db2026	main-btree-w4-before_wal_append-d0db2026	prefix-123	1026
main-btree	4	d0db2026	main-btree-w4-before_wal_append-d0db2026	prefix-124	1032
main-btree	4	d0db2026	main-btree-w4-before_wal_append-d0db2026	prefix-125	1038
main-btree	4	d0db2026	main-btree-w4-before_wal_append-d0db2026	prefix-126	1044
main-btree	4	d0db2026	main-btree-w4-before_wal_append-d0db2026	prefix-127	1050
main-btree	4	d0db2026	main-btree-w4-before_wal_append-d0db2026	post-recovery	1053
main-btree	4	d0db2027	main-btree-w4-before_wal_append-d0db2027	seed	282
main-btree	4	d0db2027	main-btree-w4-before_wal_append-d0db2027	prefix-000	288
main-btree	4	d0db2027	main-btree-w4-before_wal_append-d0db2027	prefix-001	294
main-btree	4	d0db2027	main-btree-w4-before_wal_append-d0db2027	prefix-002	300
main-btree	4	d0db2027	main-btree-w4-before_wal_append-d0db2027	prefix-003	306
main-btree	4	d0db2027	main-btree-w4-before_wal_append-d0db2027	prefix-004	312
main-btree	4	d0db2027	main-btree-w4-before_wal_append-d0db2027	prefix-005	318
main-btree	4	d0db2027	main-btree-w4-before_wal_append-d0db2027	prefix-006	324
main-btree	4	d0db2027	main-btree-w4-before_wal_append-d0db2027	prefix-007	330
main-btree	4	d0db2027	main-btree-w4-before_wal_append-d0db2027	prefix-008	336
main-btree	4	d0db2027	main-btree-w4-before_wal_append-d0db2027	prefix-009	342
main-btree	4	d0db2027	main-btree-w4-before_wal_append-d0db2027	prefix-010	348
main-btree	4	d0db2027	main-btree-w4-before_wal_append-d0db2027	prefix-011	354
main-btree	4	d0db2027	main-btree-w4-before_wal_append-d0db2027	prefix-012	360
main-btree	4	d0db2027	main-btree-w4-before_wal_append-d0db2027	prefix-013	366
main-btree	4	d0db2027	main-btree-w4-before_wal_append-d0db2027	prefix-014	372
main-btree	4	d0db2027	main-btree-w4-before_wal_append-d0db2027	prefix-015	378
main-btree	4	d0db2027	main-btree-w4-before_wal_append-d0db2027	prefix-016	384
main-btree	4	d0db2027	main-btree-w4-before_wal_append-d0db2027	prefix-017	390
main-btree	4	d0db2027	main-btree-w4-before_wal_append-d0db2027	prefix-018	396
main-btree	4	d0db2027	main-btree-w4-before_wal_append-d0db2027	prefix-019	402
main-btree	4	d0db2027	main-btree-w4-before_wal_append-d0db2027	prefix-020	408
main-btree	4	d0db2027	main-btree-w4-before_wal_append-d0db2027	prefix-021	414
main-btree	4	d0db2027	main-btree-w4-before_wal_append-d0db2027	prefix-022	420
main-btree	4	d0db2027	main-btree-w4-before_wal_append-d0db2027	prefix-023	426
main-btree	4	d0db2027	main-btree-w4-before_wal_append-d0db2027	prefix-024	432
main-btree	4	d0db2027	main-btree-w4-before_wal_append-d0db2027	prefix-025	438
main-btree	4	d0db2027	main-btree-w4-before_wal_append-d0db2027	prefix-026	444
main-btree	4	d0db2027	main-btree-w4-before_wal_append-d0db2027	prefix-027	450
main-btree	4	d0db2027	main-btree-w4-before_wal_append-d0db2027	prefix-028	456
main-btree	4	d0db2027	main-btree-w4-before_wal_append-d0db2027	prefix-029	462
main-btree	4	d0db2027	main-btree-w4-before_wal_append-d0db2027	prefix-030	468
main-btree	4	d0db2027	main-btree-w4-before_wal_append-d0db2027	prefix-031	474
main-btree	4	d0db2027	main-btree-w4-before_wal_append-d0db2027	prefix-032	480
main-btree	4	d0db2027	main-btree-w4-before_wal_append-d0db2027	prefix-033	486
main-btree	4	d0db2027	main-btree-w4-before_wal_append-d0db2027	prefix-034	492
main-btree	4	d0db2027	main-btree-w4-before_wal_append-d0db2027	prefix-035	498
main-btree	4	d0db2027	main-btree-w4-before_wal_append-d0db2027	prefix-036	504
main-btree	4	d0db2027	main-btree-w4-before_wal_append-d0db2027	prefix-037	510
main-btree	4	d0db2027	main-btree-w4-before_wal_append-d0db2027	prefix-038	516
main-btree	4	d0db2027	main-btree-w4-before_wal_append-d0db2027	prefix-039	522
main-btree	4	d0db2027	main-btree-w4-before_wal_append-d0db2027	prefix-040	528
main-btree	4	d0db2027	main-btree-w4-before_wal_append-d0db2027	prefix-041	534
main-btree	4	d0db2027	main-btree-w4-before_wal_append-d0db2027	prefix-042	540
main-btree	4	d0db2027	main-btree-w4-before_wal_append-d0db2027	prefix-043	546
main-btree	4	d0db2027	main-btree-w4-before_wal_append-d0db2027	prefix-044	552
main-btree	4	d0db2027	main-btree-w4-before_wal_append-d0db2027	prefix-045	558
main-btree	4	d0db2027	main-btree-w4-before_wal_append-d0db2027	prefix-046	564
main-btree	4	d0db2027	main-btree-w4-before_wal_append-d0db2027	prefix-047	570
main-btree	4	d0db2027	main-btree-w4-before_wal_append-d0db2027	prefix-048	576
main-btree	4	d0db2027	main-btree-w4-before_wal_append-d0db2027	prefix-049	582
main-btree	4	d0db2027	main-btree-w4-before_wal_append-d0db2027	prefix-050	588
main-btree	4	d0db2027	main-btree-w4-before_wal_append-d0db2027	prefix-051	594
main-btree	4	d0db2027	main-btree-w4-before_wal_append-d0db2027	prefix-052	600
main-btree	4	d0db2027	main-btree-w4-before_wal_append-d0db2027	prefix-053	606
main-btree	4	d0db2027	main-btree-w4-before_wal_append-d0db2027	prefix-054	612
main-btree	4	d0db2027	main-btree-w4-before_wal_append-d0db2027	prefix-055	618
main-btree	4	d0db2027	main-btree-w4-before_wal_append-d0db2027	prefix-056	624
main-btree	4	d0db2027	main-btree-w4-before_wal_append-d0db2027	prefix-057	630
main-btree	4	d0db2027	main-btree-w4-before_wal_append-d0db2027	prefix-058	636
main-btree	4	d0db2027	main-btree-w4-before_wal_append-d0db2027	prefix-059	642
main-btree	4	d0db2027	main-btree-w4-before_wal_append-d0db2027	prefix-060	648
main-btree	4	d0db2027	main-btree-w4-before_wal_append-d0db2027	prefix-061	654
main-btree	4	d0db2027	main-btree-w4-before_wal_append-d0db2027	prefix-062	660
main-btree	4	d0db2027	main-btree-w4-before_wal_append-d0db2027	prefix-063	666
main-btree	4	d0db2027	main-btree-w4-before_wal_append-d0db2027	prefix-064	672
main-btree	4	d0db2027	main-btree-w4-before_wal_append-d0db2027	prefix-065	678
main-btree	4	d0db2027	main-btree-w4-before_wal_append-d0db2027	prefix-066	684
main-btree	4	d0db2027	main-btree-w4-before_wal_append-d0db2027	prefix-067	690
main-btree	4	d0db2027	main-btree-w4-before_wal_append-d0db2027	prefix-068	696
main-btree	4	d0db2027	main-btree-w4-before_wal_append-d0db2027	prefix-069	702
main-btree	4	d0db2027	main-btree-w4-before_wal_append-d0db2027	prefix-070	708
main-btree	4	d0db2027	main-btree-w4-before_wal_append-d0db2027	prefix-071	714
main-btree	4	d0db2027	main-btree-w4-before_wal_append-d0db2027	prefix-072	720
main-btree	4	d0db2027	main-btree-w4-before_wal_append-d0db2027	prefix-073	726
main-btree	4	d0db2027	main-btree-w4-before_wal_append-d0db2027	prefix-074	732
main-btree	4	d0db2027	main-btree-w4-before_wal_append-d0db2027	prefix-075	738
main-btree	4	d0db2027	main-btree-w4-before_wal_append-d0db2027	prefix-076	744
main-btree	4	d0db2027	main-btree-w4-before_wal_append-d0db2027	prefix-077	750
main-btree	4	d0db2027	main-btree-w4-before_wal_append-d0db2027	prefix-078	756
main-btree	4	d0db2027	main-btree-w4-before_wal_append-d0db2027	prefix-079	762
main-btree	4	d0db2027	main-btree-w4-before_wal_append-d0db2027	prefix-080	768
main-btree	4	d0db2027	main-btree-w4-before_wal_append-d0db2027	prefix-081	774
main-btree	4	d0db2027	main-btree-w4-before_wal_append-d0db2027	prefix-082	780
main-btree	4	d0db2027	main-btree-w4-before_wal_append-d0db2027	prefix-083	786
main-btree	4	d0db2027	main-btree-w4-before_wal_append-d0db2027	prefix-084	792
main-btree	4	d0db2027	main-btree-w4-before_wal_append-d0db2027	prefix-085	798
main-btree	4	d0db2027	main-btree-w4-before_wal_append-d0db2027	prefix-086	804
main-btree	4	d0db2027	main-btree-w4-before_wal_append-d0db2027	prefix-087	810
main-btree	4	d0db2027	main-btree-w4-before_wal_append-d0db2027	prefix-088	816
main-btree	4	d0db2027	main-btree-w4-before_wal_append-d0db2027	prefix-089	822
main-btree	4	d0db2027	main-btree-w4-before_wal_append-d0db2027	prefix-090	828
main-btree	4	d0db2027	main-btree-w4-before_wal_append-d0db2027	prefix-091	834
main-btree	4	d0db2027	main-btree-w4-before_wal_append-d0db2027	prefix-092	840
main-btree	4	d0db2027	main-btree-w4-before_wal_append-d0db2027	prefix-093	846
main-btree	4	d0db2027	main-btree-w4-before_wal_append-d0db2027	prefix-094	852
main-btree	4	d0db2027	main-btree-w4-before_wal_append-d0db2027	prefix-095	858
main-btree	4	d0db2027	main-btree-w4-before_wal_append-d0db2027	prefix-096	864
main-btree	4	d0db2027	main-btree-w4-before_wal_append-d0db2027	prefix-097	870
main-btree	4	d0db2027	main-btree-w4-before_wal_append-d0db2027	prefix-098	876
main-btree	4	d0db2027	main-btree-w4-before_wal_append-d0db2027	prefix-099	882
main-btree	4	d0db2027	main-btree-w4-before_wal_append-d0db2027	prefix-100	888
main-btree	4	d0db2027	main-btree-w4-before_wal_append-d0db2027	prefix-101	894
main-btree	4	d0db2027	main-btree-w4-before_wal_append-d0db2027	prefix-102	900
main-btree	4	d0db2027	main-btree-w4-before_wal_append-d0db2027	prefix-103	906
main-btree	4	d0db2027	main-btree-w4-before_wal_append-d0db2027	prefix-104	912
main-btree	4	d0db2027	main-btree-w4-before_wal_append-d0db2027	prefix-105	918
main-btree	4	d0db2027	main-btree-w4-before_wal_append-d0db2027	prefix-106	924
main-btree	4	d0db2027	main-btree-w4-before_wal_append-d0db2027	prefix-107	930
main-btree	4	d0db2027	main-btree-w4-before_wal_append-d0db2027	prefix-108	936
main-btree	4	d0db2027	main-btree-w4-before_wal_append-d0db2027	prefix-109	942
main-btree	4	d0db2027	main-btree-w4-before_wal_append-d0db2027	prefix-110	948
main-btree	4	d0db2027	main-btree-w4-before_wal_append-d0db2027	prefix-111	954
main-btree	4	d0db2027	main-btree-w4-before_wal_append-d0db2027	prefix-112	960
main-btree	4	d0db2027	main-btree-w4-before_wal_append-d0db2027	prefix-113	966
main-btree	4	d0db2027	main-btree-w4-before_wal_append-d0db2027	prefix-114	972
main-btree	4	d0db2027	main-btree-w4-before_wal_append-d0db2027	prefix-115	978
main-btree	4	d0db2027	main-btree-w4-before_wal_append-d0db2027	prefix-116	984
main-btree	4	d0db2027	main-btree-w4-before_wal_append-d0db2027	prefix-117	990
main-btree	4	d0db2027	main-btree-w4-before_wal_append-d0db2027	prefix-118	996
main-btree	4	d0db2027	main-btree-w4-before_wal_append-d0db2027	prefix-119	1002
main-btree	4	d0db2027	main-btree-w4-before_wal_append-d0db2027	prefix-120	1008
main-btree	4	d0db2027	main-btree-w4-before_wal_append-d0db2027	prefix-121	1014
main-btree	4	d0db2027	main-btree-w4-before_wal_append-d0db2027	prefix-122	1020
main-btree	4	d0db2027	main-btree-w4-before_wal_append-d0db2027	prefix-123	1026
main-btree	4	d0db2027	main-btree-w4-before_wal_append-d0db2027	prefix-124	1032
main-btree	4	d0db2027	main-btree-w4-before_wal_append-d0db2027	prefix-125	1038
main-btree	4	d0db2027	main-btree-w4-before_wal_append-d0db2027	prefix-126	1044
main-btree	4	d0db2027	main-btree-w4-before_wal_append-d0db2027	prefix-127	1050
main-btree	4	d0db2027	main-btree-w4-before_wal_append-d0db2027	post-recovery	1053
main-btree	4	d0db2028	main-btree-w4-before_wal_append-d0db2028	seed	282
main-btree	4	d0db2028	main-btree-w4-before_wal_append-d0db2028	prefix-000	288
main-btree	4	d0db2028	main-btree-w4-before_wal_append-d0db2028	prefix-001	294
main-btree	4	d0db2028	main-btree-w4-before_wal_append-d0db2028	prefix-002	300
main-btree	4	d0db2028	main-btree-w4-before_wal_append-d0db2028	prefix-003	306
main-btree	4	d0db2028	main-btree-w4-before_wal_append-d0db2028	prefix-004	312
main-btree	4	d0db2028	main-btree-w4-before_wal_append-d0db2028	prefix-005	318
main-btree	4	d0db2028	main-btree-w4-before_wal_append-d0db2028	prefix-006	324
main-btree	4	d0db2028	main-btree-w4-before_wal_append-d0db2028	prefix-007	330
main-btree	4	d0db2028	main-btree-w4-before_wal_append-d0db2028	prefix-008	336
main-btree	4	d0db2028	main-btree-w4-before_wal_append-d0db2028	prefix-009	342
main-btree	4	d0db2028	main-btree-w4-before_wal_append-d0db2028	prefix-010	348
main-btree	4	d0db2028	main-btree-w4-before_wal_append-d0db2028	prefix-011	354
main-btree	4	d0db2028	main-btree-w4-before_wal_append-d0db2028	prefix-012	360
main-btree	4	d0db2028	main-btree-w4-before_wal_append-d0db2028	prefix-013	366
main-btree	4	d0db2028	main-btree-w4-before_wal_append-d0db2028	prefix-014	372
main-btree	4	d0db2028	main-btree-w4-before_wal_append-d0db2028	prefix-015	378
main-btree	4	d0db2028	main-btree-w4-before_wal_append-d0db2028	prefix-016	384
main-btree	4	d0db2028	main-btree-w4-before_wal_append-d0db2028	prefix-017	390
main-btree	4	d0db2028	main-btree-w4-before_wal_append-d0db2028	prefix-018	396
main-btree	4	d0db2028	main-btree-w4-before_wal_append-d0db2028	prefix-019	402
main-btree	4	d0db2028	main-btree-w4-before_wal_append-d0db2028	prefix-020	408
main-btree	4	d0db2028	main-btree-w4-before_wal_append-d0db2028	prefix-021	414
main-btree	4	d0db2028	main-btree-w4-before_wal_append-d0db2028	prefix-022	420
main-btree	4	d0db2028	main-btree-w4-before_wal_append-d0db2028	prefix-023	426
main-btree	4	d0db2028	main-btree-w4-before_wal_append-d0db2028	prefix-024	432
main-btree	4	d0db2028	main-btree-w4-before_wal_append-d0db2028	prefix-025	438
main-btree	4	d0db2028	main-btree-w4-before_wal_append-d0db2028	prefix-026	444
main-btree	4	d0db2028	main-btree-w4-before_wal_append-d0db2028	prefix-027	450
main-btree	4	d0db2028	main-btree-w4-before_wal_append-d0db2028	prefix-028	456
main-btree	4	d0db2028	main-btree-w4-before_wal_append-d0db2028	prefix-029	462
main-btree	4	d0db2028	main-btree-w4-before_wal_append-d0db2028	prefix-030	468
main-btree	4	d0db2028	main-btree-w4-before_wal_append-d0db2028	prefix-031	474
main-btree	4	d0db2028	main-btree-w4-before_wal_append-d0db2028	prefix-032	480
main-btree	4	d0db2028	main-btree-w4-before_wal_append-d0db2028	prefix-033	486
main-btree	4	d0db2028	main-btree-w4-before_wal_append-d0db2028	prefix-034	492
main-btree	4	d0db2028	main-btree-w4-before_wal_append-d0db2028	prefix-035	498
main-btree	4	d0db2028	main-btree-w4-before_wal_append-d0db2028	prefix-036	504
main-btree	4	d0db2028	main-btree-w4-before_wal_append-d0db2028	prefix-037	510
main-btree	4	d0db2028	main-btree-w4-before_wal_append-d0db2028	prefix-038	516
main-btree	4	d0db2028	main-btree-w4-before_wal_append-d0db2028	prefix-039	522
main-btree	4	d0db2028	main-btree-w4-before_wal_append-d0db2028	prefix-040	528
main-btree	4	d0db2028	main-btree-w4-before_wal_append-d0db2028	prefix-041	534
main-btree	4	d0db2028	main-btree-w4-before_wal_append-d0db2028	prefix-042	540
main-btree	4	d0db2028	main-btree-w4-before_wal_append-d0db2028	prefix-043	546
main-btree	4	d0db2028	main-btree-w4-before_wal_append-d0db2028	prefix-044	552
main-btree	4	d0db2028	main-btree-w4-before_wal_append-d0db2028	prefix-045	558
main-btree	4	d0db2028	main-btree-w4-before_wal_append-d0db2028	prefix-046	564
main-btree	4	d0db2028	main-btree-w4-before_wal_append-d0db2028	prefix-047	570
main-btree	4	d0db2028	main-btree-w4-before_wal_append-d0db2028	prefix-048	576
main-btree	4	d0db2028	main-btree-w4-before_wal_append-d0db2028	prefix-049	582
main-btree	4	d0db2028	main-btree-w4-before_wal_append-d0db2028	prefix-050	588
main-btree	4	d0db2028	main-btree-w4-before_wal_append-d0db2028	prefix-051	594
main-btree	4	d0db2028	main-btree-w4-before_wal_append-d0db2028	prefix-052	600
main-btree	4	d0db2028	main-btree-w4-before_wal_append-d0db2028	prefix-053	606
main-btree	4	d0db2028	main-btree-w4-before_wal_append-d0db2028	prefix-054	612
main-btree	4	d0db2028	main-btree-w4-before_wal_append-d0db2028	prefix-055	618
main-btree	4	d0db2028	main-btree-w4-before_wal_append-d0db2028	prefix-056	624
main-btree	4	d0db2028	main-btree-w4-before_wal_append-d0db2028	prefix-057	630
main-btree	4	d0db2028	main-btree-w4-before_wal_append-d0db2028	prefix-058	636
main-btree	4	d0db2028	main-btree-w4-before_wal_append-d0db2028	prefix-059	642
main-btree	4	d0db2028	main-btree-w4-before_wal_append-d0db2028	prefix-060	648
main-btree	4	d0db2028	main-btree-w4-before_wal_append-d0db2028	prefix-061	654
main-btree	4	d0db2028	main-btree-w4-before_wal_append-d0db2028	prefix-062	660
main-btree	4	d0db2028	main-btree-w4-before_wal_append-d0db2028	prefix-063	666
main-btree	4	d0db2028	main-btree-w4-before_wal_append-d0db2028	prefix-064	672
main-btree	4	d0db2028	main-btree-w4-before_wal_append-d0db2028	prefix-065	678
main-btree	4	d0db2028	main-btree-w4-before_wal_append-d0db2028	prefix-066	684
main-btree	4	d0db2028	main-btree-w4-before_wal_append-d0db2028	prefix-067	690
main-btree	4	d0db2028	main-btree-w4-before_wal_append-d0db2028	prefix-068	696
main-btree	4	d0db2028	main-btree-w4-before_wal_append-d0db2028	prefix-069	702
main-btree	4	d0db2028	main-btree-w4-before_wal_append-d0db2028	prefix-070	708
main-btree	4	d0db2028	main-btree-w4-before_wal_append-d0db2028	prefix-071	714
main-btree	4	d0db2028	main-btree-w4-before_wal_append-d0db2028	prefix-072	720
main-btree	4	d0db2028	main-btree-w4-before_wal_append-d0db2028	prefix-073	726
main-btree	4	d0db2028	main-btree-w4-before_wal_append-d0db2028	prefix-074	732
main-btree	4	d0db2028	main-btree-w4-before_wal_append-d0db2028	prefix-075	738
main-btree	4	d0db2028	main-btree-w4-before_wal_append-d0db2028	prefix-076	744
main-btree	4	d0db2028	main-btree-w4-before_wal_append-d0db2028	prefix-077	750
main-btree	4	d0db2028	main-btree-w4-before_wal_append-d0db2028	prefix-078	756
main-btree	4	d0db2028	main-btree-w4-before_wal_append-d0db2028	prefix-079	762
main-btree	4	d0db2028	main-btree-w4-before_wal_append-d0db2028	prefix-080	768
main-btree	4	d0db2028	main-btree-w4-before_wal_append-d0db2028	prefix-081	774
main-btree	4	d0db2028	main-btree-w4-before_wal_append-d0db2028	prefix-082	780
main-btree	4	d0db2028	main-btree-w4-before_wal_append-d0db2028	prefix-083	786
main-btree	4	d0db2028	main-btree-w4-before_wal_append-d0db2028	prefix-084	792
main-btree	4	d0db2028	main-btree-w4-before_wal_append-d0db2028	prefix-085	798
main-btree	4	d0db2028	main-btree-w4-before_wal_append-d0db2028	prefix-086	804
main-btree	4	d0db2028	main-btree-w4-before_wal_append-d0db2028	prefix-087	810
main-btree	4	d0db2028	main-btree-w4-before_wal_append-d0db2028	prefix-088	816
main-btree	4	d0db2028	main-btree-w4-before_wal_append-d0db2028	prefix-089	822
main-btree	4	d0db2028	main-btree-w4-before_wal_append-d0db2028	prefix-090	828
main-btree	4	d0db2028	main-btree-w4-before_wal_append-d0db2028	prefix-091	834
main-btree	4	d0db2028	main-btree-w4-before_wal_append-d0db2028	prefix-092	840
main-btree	4	d0db2028	main-btree-w4-before_wal_append-d0db2028	prefix-093	846
main-btree	4	d0db2028	main-btree-w4-before_wal_append-d0db2028	prefix-094	852
main-btree	4	d0db2028	main-btree-w4-before_wal_append-d0db2028	prefix-095	858
main-btree	4	d0db2028	main-btree-w4-before_wal_append-d0db2028	prefix-096	864
main-btree	4	d0db2028	main-btree-w4-before_wal_append-d0db2028	prefix-097	870
main-btree	4	d0db2028	main-btree-w4-before_wal_append-d0db2028	prefix-098	876
main-btree	4	d0db2028	main-btree-w4-before_wal_append-d0db2028	prefix-099	882
main-btree	4	d0db2028	main-btree-w4-before_wal_append-d0db2028	prefix-100	888
main-btree	4	d0db2028	main-btree-w4-before_wal_append-d0db2028	prefix-101	894
main-btree	4	d0db2028	main-btree-w4-before_wal_append-d0db2028	prefix-102	900
main-btree	4	d0db2028	main-btree-w4-before_wal_append-d0db2028	prefix-103	906
main-btree	4	d0db2028	main-btree-w4-before_wal_append-d0db2028	prefix-104	912
main-btree	4	d0db2028	main-btree-w4-before_wal_append-d0db2028	prefix-105	918
main-btree	4	d0db2028	main-btree-w4-before_wal_append-d0db2028	prefix-106	924
main-btree	4	d0db2028	main-btree-w4-before_wal_append-d0db2028	prefix-107	930
main-btree	4	d0db2028	main-btree-w4-before_wal_append-d0db2028	prefix-108	936
main-btree	4	d0db2028	main-btree-w4-before_wal_append-d0db2028	prefix-109	942
main-btree	4	d0db2028	main-btree-w4-before_wal_append-d0db2028	prefix-110	948
main-btree	4	d0db2028	main-btree-w4-before_wal_append-d0db2028	prefix-111	954
main-btree	4	d0db2028	main-btree-w4-before_wal_append-d0db2028	prefix-112	960
main-btree	4	d0db2028	main-btree-w4-before_wal_append-d0db2028	prefix-113	966
main-btree	4	d0db2028	main-btree-w4-before_wal_append-d0db2028	prefix-114	972
main-btree	4	d0db2028	main-btree-w4-before_wal_append-d0db2028	prefix-115	978
main-btree	4	d0db2028	main-btree-w4-before_wal_append-d0db2028	prefix-116	984
main-btree	4	d0db2028	main-btree-w4-before_wal_append-d0db2028	prefix-117	990
main-btree	4	d0db2028	main-btree-w4-before_wal_append-d0db2028	prefix-118	996
main-btree	4	d0db2028	main-btree-w4-before_wal_append-d0db2028	prefix-119	1002
main-btree	4	d0db2028	main-btree-w4-before_wal_append-d0db2028	prefix-120	1008
main-btree	4	d0db2028	main-btree-w4-before_wal_append-d0db2028	prefix-121	1014
main-btree	4	d0db2028	main-btree-w4-before_wal_append-d0db2028	prefix-122	1020
main-btree	4	d0db2028	main-btree-w4-before_wal_append-d0db2028	prefix-123	1026
main-btree	4	d0db2028	main-btree-w4-before_wal_append-d0db2028	prefix-124	1032
main-btree	4	d0db2028	main-btree-w4-before_wal_append-d0db2028	prefix-125	1038
main-btree	4	d0db2028	main-btree-w4-before_wal_append-d0db2028	prefix-126	1044
main-btree	4	d0db2028	main-btree-w4-before_wal_append-d0db2028	prefix-127	1050
main-btree	4	d0db2028	main-btree-w4-before_wal_append-d0db2028	post-recovery	1053
main-btree	4	d0db2026	main-btree-w4-before_wal_sync-d0db2026	seed	282
main-btree	4	d0db2026	main-btree-w4-before_wal_sync-d0db2026	prefix-000	288
main-btree	4	d0db2026	main-btree-w4-before_wal_sync-d0db2026	prefix-001	294
main-btree	4	d0db2026	main-btree-w4-before_wal_sync-d0db2026	prefix-002	300
main-btree	4	d0db2026	main-btree-w4-before_wal_sync-d0db2026	prefix-003	306
main-btree	4	d0db2026	main-btree-w4-before_wal_sync-d0db2026	prefix-004	312
main-btree	4	d0db2026	main-btree-w4-before_wal_sync-d0db2026	prefix-005	318
main-btree	4	d0db2026	main-btree-w4-before_wal_sync-d0db2026	prefix-006	324
main-btree	4	d0db2026	main-btree-w4-before_wal_sync-d0db2026	prefix-007	330
main-btree	4	d0db2026	main-btree-w4-before_wal_sync-d0db2026	prefix-008	336
main-btree	4	d0db2026	main-btree-w4-before_wal_sync-d0db2026	prefix-009	342
main-btree	4	d0db2026	main-btree-w4-before_wal_sync-d0db2026	prefix-010	348
main-btree	4	d0db2026	main-btree-w4-before_wal_sync-d0db2026	prefix-011	354
main-btree	4	d0db2026	main-btree-w4-before_wal_sync-d0db2026	prefix-012	360
main-btree	4	d0db2026	main-btree-w4-before_wal_sync-d0db2026	prefix-013	366
main-btree	4	d0db2026	main-btree-w4-before_wal_sync-d0db2026	prefix-014	372
main-btree	4	d0db2026	main-btree-w4-before_wal_sync-d0db2026	prefix-015	378
main-btree	4	d0db2026	main-btree-w4-before_wal_sync-d0db2026	prefix-016	384
main-btree	4	d0db2026	main-btree-w4-before_wal_sync-d0db2026	prefix-017	390
main-btree	4	d0db2026	main-btree-w4-before_wal_sync-d0db2026	prefix-018	396
main-btree	4	d0db2026	main-btree-w4-before_wal_sync-d0db2026	prefix-019	402
main-btree	4	d0db2026	main-btree-w4-before_wal_sync-d0db2026	prefix-020	408
main-btree	4	d0db2026	main-btree-w4-before_wal_sync-d0db2026	prefix-021	414
main-btree	4	d0db2026	main-btree-w4-before_wal_sync-d0db2026	prefix-022	420
main-btree	4	d0db2026	main-btree-w4-before_wal_sync-d0db2026	prefix-023	426
main-btree	4	d0db2026	main-btree-w4-before_wal_sync-d0db2026	prefix-024	432
main-btree	4	d0db2026	main-btree-w4-before_wal_sync-d0db2026	prefix-025	438
main-btree	4	d0db2026	main-btree-w4-before_wal_sync-d0db2026	prefix-026	444
main-btree	4	d0db2026	main-btree-w4-before_wal_sync-d0db2026	prefix-027	450
main-btree	4	d0db2026	main-btree-w4-before_wal_sync-d0db2026	prefix-028	456
main-btree	4	d0db2026	main-btree-w4-before_wal_sync-d0db2026	prefix-029	462
main-btree	4	d0db2026	main-btree-w4-before_wal_sync-d0db2026	prefix-030	468
main-btree	4	d0db2026	main-btree-w4-before_wal_sync-d0db2026	prefix-031	474
main-btree	4	d0db2026	main-btree-w4-before_wal_sync-d0db2026	prefix-032	480
main-btree	4	d0db2026	main-btree-w4-before_wal_sync-d0db2026	prefix-033	486
main-btree	4	d0db2026	main-btree-w4-before_wal_sync-d0db2026	prefix-034	492
main-btree	4	d0db2026	main-btree-w4-before_wal_sync-d0db2026	prefix-035	498
main-btree	4	d0db2026	main-btree-w4-before_wal_sync-d0db2026	prefix-036	504
main-btree	4	d0db2026	main-btree-w4-before_wal_sync-d0db2026	prefix-037	510
main-btree	4	d0db2026	main-btree-w4-before_wal_sync-d0db2026	prefix-038	516
main-btree	4	d0db2026	main-btree-w4-before_wal_sync-d0db2026	prefix-039	522
main-btree	4	d0db2026	main-btree-w4-before_wal_sync-d0db2026	prefix-040	528
main-btree	4	d0db2026	main-btree-w4-before_wal_sync-d0db2026	prefix-041	534
main-btree	4	d0db2026	main-btree-w4-before_wal_sync-d0db2026	prefix-042	540
main-btree	4	d0db2026	main-btree-w4-before_wal_sync-d0db2026	prefix-043	546
main-btree	4	d0db2026	main-btree-w4-before_wal_sync-d0db2026	prefix-044	552
main-btree	4	d0db2026	main-btree-w4-before_wal_sync-d0db2026	prefix-045	558
main-btree	4	d0db2026	main-btree-w4-before_wal_sync-d0db2026	prefix-046	564
main-btree	4	d0db2026	main-btree-w4-before_wal_sync-d0db2026	prefix-047	570
main-btree	4	d0db2026	main-btree-w4-before_wal_sync-d0db2026	prefix-048	576
main-btree	4	d0db2026	main-btree-w4-before_wal_sync-d0db2026	prefix-049	582
main-btree	4	d0db2026	main-btree-w4-before_wal_sync-d0db2026	prefix-050	588
main-btree	4	d0db2026	main-btree-w4-before_wal_sync-d0db2026	prefix-051	594
main-btree	4	d0db2026	main-btree-w4-before_wal_sync-d0db2026	prefix-052	600
main-btree	4	d0db2026	main-btree-w4-before_wal_sync-d0db2026	prefix-053	606
main-btree	4	d0db2026	main-btree-w4-before_wal_sync-d0db2026	prefix-054	612
main-btree	4	d0db2026	main-btree-w4-before_wal_sync-d0db2026	prefix-055	618
main-btree	4	d0db2026	main-btree-w4-before_wal_sync-d0db2026	prefix-056	624
main-btree	4	d0db2026	main-btree-w4-before_wal_sync-d0db2026	prefix-057	630
main-btree	4	d0db2026	main-btree-w4-before_wal_sync-d0db2026	prefix-058	636
main-btree	4	d0db2026	main-btree-w4-before_wal_sync-d0db2026	prefix-059	642
main-btree	4	d0db2026	main-btree-w4-before_wal_sync-d0db2026	prefix-060	648
main-btree	4	d0db2026	main-btree-w4-before_wal_sync-d0db2026	prefix-061	654
main-btree	4	d0db2026	main-btree-w4-before_wal_sync-d0db2026	prefix-062	660
main-btree	4	d0db2026	main-btree-w4-before_wal_sync-d0db2026	prefix-063	666
main-btree	4	d0db2026	main-btree-w4-before_wal_sync-d0db2026	prefix-064	672
main-btree	4	d0db2026	main-btree-w4-before_wal_sync-d0db2026	prefix-065	678
main-btree	4	d0db2026	main-btree-w4-before_wal_sync-d0db2026	prefix-066	684
main-btree	4	d0db2026	main-btree-w4-before_wal_sync-d0db2026	prefix-067	690
main-btree	4	d0db2026	main-btree-w4-before_wal_sync-d0db2026	prefix-068	696
main-btree	4	d0db2026	main-btree-w4-before_wal_sync-d0db2026	prefix-069	702
main-btree	4	d0db2026	main-btree-w4-before_wal_sync-d0db2026	prefix-070	708
main-btree	4	d0db2026	main-btree-w4-before_wal_sync-d0db2026	prefix-071	714
main-btree	4	d0db2026	main-btree-w4-before_wal_sync-d0db2026	prefix-072	720
main-btree	4	d0db2026	main-btree-w4-before_wal_sync-d0db2026	prefix-073	726
main-btree	4	d0db2026	main-btree-w4-before_wal_sync-d0db2026	prefix-074	732
main-btree	4	d0db2026	main-btree-w4-before_wal_sync-d0db2026	prefix-075	738
main-btree	4	d0db2026	main-btree-w4-before_wal_sync-d0db2026	prefix-076	744
main-btree	4	d0db2026	main-btree-w4-before_wal_sync-d0db2026	prefix-077	750
main-btree	4	d0db2026	main-btree-w4-before_wal_sync-d0db2026	prefix-078	756
main-btree	4	d0db2026	main-btree-w4-before_wal_sync-d0db2026	prefix-079	762
main-btree	4	d0db2026	main-btree-w4-before_wal_sync-d0db2026	prefix-080	768
main-btree	4	d0db2026	main-btree-w4-before_wal_sync-d0db2026	prefix-081	774
main-btree	4	d0db2026	main-btree-w4-before_wal_sync-d0db2026	prefix-082	780
main-btree	4	d0db2026	main-btree-w4-before_wal_sync-d0db2026	prefix-083	786
main-btree	4	d0db2026	main-btree-w4-before_wal_sync-d0db2026	prefix-084	792
main-btree	4	d0db2026	main-btree-w4-before_wal_sync-d0db2026	prefix-085	798
main-btree	4	d0db2026	main-btree-w4-before_wal_sync-d0db2026	prefix-086	804
main-btree	4	d0db2026	main-btree-w4-before_wal_sync-d0db2026	prefix-087	810
main-btree	4	d0db2026	main-btree-w4-before_wal_sync-d0db2026	prefix-088	816
main-btree	4	d0db2026	main-btree-w4-before_wal_sync-d0db2026	prefix-089	822
main-btree	4	d0db2026	main-btree-w4-before_wal_sync-d0db2026	prefix-090	828
main-btree	4	d0db2026	main-btree-w4-before_wal_sync-d0db2026	prefix-091	834
main-btree	4	d0db2026	main-btree-w4-before_wal_sync-d0db2026	prefix-092	840
main-btree	4	d0db2026	main-btree-w4-before_wal_sync-d0db2026	prefix-093	846
main-btree	4	d0db2026	main-btree-w4-before_wal_sync-d0db2026	prefix-094	852
main-btree	4	d0db2026	main-btree-w4-before_wal_sync-d0db2026	prefix-095	858
main-btree	4	d0db2026	main-btree-w4-before_wal_sync-d0db2026	prefix-096	864
main-btree	4	d0db2026	main-btree-w4-before_wal_sync-d0db2026	prefix-097	870
main-btree	4	d0db2026	main-btree-w4-before_wal_sync-d0db2026	prefix-098	876
main-btree	4	d0db2026	main-btree-w4-before_wal_sync-d0db2026	prefix-099	882
main-btree	4	d0db2026	main-btree-w4-before_wal_sync-d0db2026	prefix-100	888
main-btree	4	d0db2026	main-btree-w4-before_wal_sync-d0db2026	prefix-101	894
main-btree	4	d0db2026	main-btree-w4-before_wal_sync-d0db2026	prefix-102	900
main-btree	4	d0db2026	main-btree-w4-before_wal_sync-d0db2026	prefix-103	906
main-btree	4	d0db2026	main-btree-w4-before_wal_sync-d0db2026	prefix-104	912
main-btree	4	d0db2026	main-btree-w4-before_wal_sync-d0db2026	prefix-105	918
main-btree	4	d0db2026	main-btree-w4-before_wal_sync-d0db2026	prefix-106	924
main-btree	4	d0db2026	main-btree-w4-before_wal_sync-d0db2026	prefix-107	930
main-btree	4	d0db2026	main-btree-w4-before_wal_sync-d0db2026	prefix-108	936
main-btree	4	d0db2026	main-btree-w4-before_wal_sync-d0db2026	prefix-109	942
main-btree	4	d0db2026	main-btree-w4-before_wal_sync-d0db2026	prefix-110	948
main-btree	4	d0db2026	main-btree-w4-before_wal_sync-d0db2026	prefix-111	954
main-btree	4	d0db2026	main-btree-w4-before_wal_sync-d0db2026	prefix-112	960
main-btree	4	d0db2026	main-btree-w4-before_wal_sync-d0db2026	prefix-113	966
main-btree	4	d0db2026	main-btree-w4-before_wal_sync-d0db2026	prefix-114	972
main-btree	4	d0db2026	main-btree-w4-before_wal_sync-d0db2026	prefix-115	978
main-btree	4	d0db2026	main-btree-w4-before_wal_sync-d0db2026	prefix-116	984
main-btree	4	d0db2026	main-btree-w4-before_wal_sync-d0db2026	prefix-117	990
main-btree	4	d0db2026	main-btree-w4-before_wal_sync-d0db2026	prefix-118	996
main-btree	4	d0db2026	main-btree-w4-before_wal_sync-d0db2026	prefix-119	1002
main-btree	4	d0db2026	main-btree-w4-before_wal_sync-d0db2026	prefix-120	1008
main-btree	4	d0db2026	main-btree-w4-before_wal_sync-d0db2026	prefix-121	1014
main-btree	4	d0db2026	main-btree-w4-before_wal_sync-d0db2026	prefix-122	1020
main-btree	4	d0db2026	main-btree-w4-before_wal_sync-d0db2026	prefix-123	1026
main-btree	4	d0db2026	main-btree-w4-before_wal_sync-d0db2026	prefix-124	1032
main-btree	4	d0db2026	main-btree-w4-before_wal_sync-d0db2026	prefix-125	1038
main-btree	4	d0db2026	main-btree-w4-before_wal_sync-d0db2026	prefix-126	1044
main-btree	4	d0db2026	main-btree-w4-before_wal_sync-d0db2026	prefix-127	1050
main-btree	4	d0db2026	main-btree-w4-before_wal_sync-d0db2026	post-recovery	1059
main-btree	4	d0db2027	main-btree-w4-before_wal_sync-d0db2027	seed	282
main-btree	4	d0db2027	main-btree-w4-before_wal_sync-d0db2027	prefix-000	288
main-btree	4	d0db2027	main-btree-w4-before_wal_sync-d0db2027	prefix-001	294
main-btree	4	d0db2027	main-btree-w4-before_wal_sync-d0db2027	prefix-002	300
main-btree	4	d0db2027	main-btree-w4-before_wal_sync-d0db2027	prefix-003	306
main-btree	4	d0db2027	main-btree-w4-before_wal_sync-d0db2027	prefix-004	312
main-btree	4	d0db2027	main-btree-w4-before_wal_sync-d0db2027	prefix-005	318
main-btree	4	d0db2027	main-btree-w4-before_wal_sync-d0db2027	prefix-006	324
main-btree	4	d0db2027	main-btree-w4-before_wal_sync-d0db2027	prefix-007	330
main-btree	4	d0db2027	main-btree-w4-before_wal_sync-d0db2027	prefix-008	336
main-btree	4	d0db2027	main-btree-w4-before_wal_sync-d0db2027	prefix-009	342
main-btree	4	d0db2027	main-btree-w4-before_wal_sync-d0db2027	prefix-010	348
main-btree	4	d0db2027	main-btree-w4-before_wal_sync-d0db2027	prefix-011	354
main-btree	4	d0db2027	main-btree-w4-before_wal_sync-d0db2027	prefix-012	360
main-btree	4	d0db2027	main-btree-w4-before_wal_sync-d0db2027	prefix-013	366
main-btree	4	d0db2027	main-btree-w4-before_wal_sync-d0db2027	prefix-014	372
main-btree	4	d0db2027	main-btree-w4-before_wal_sync-d0db2027	prefix-015	378
main-btree	4	d0db2027	main-btree-w4-before_wal_sync-d0db2027	prefix-016	384
main-btree	4	d0db2027	main-btree-w4-before_wal_sync-d0db2027	prefix-017	390
main-btree	4	d0db2027	main-btree-w4-before_wal_sync-d0db2027	prefix-018	396
main-btree	4	d0db2027	main-btree-w4-before_wal_sync-d0db2027	prefix-019	402
main-btree	4	d0db2027	main-btree-w4-before_wal_sync-d0db2027	prefix-020	408
main-btree	4	d0db2027	main-btree-w4-before_wal_sync-d0db2027	prefix-021	414
main-btree	4	d0db2027	main-btree-w4-before_wal_sync-d0db2027	prefix-022	420
main-btree	4	d0db2027	main-btree-w4-before_wal_sync-d0db2027	prefix-023	426
main-btree	4	d0db2027	main-btree-w4-before_wal_sync-d0db2027	prefix-024	432
main-btree	4	d0db2027	main-btree-w4-before_wal_sync-d0db2027	prefix-025	438
main-btree	4	d0db2027	main-btree-w4-before_wal_sync-d0db2027	prefix-026	444
main-btree	4	d0db2027	main-btree-w4-before_wal_sync-d0db2027	prefix-027	450
main-btree	4	d0db2027	main-btree-w4-before_wal_sync-d0db2027	prefix-028	456
main-btree	4	d0db2027	main-btree-w4-before_wal_sync-d0db2027	prefix-029	462
main-btree	4	d0db2027	main-btree-w4-before_wal_sync-d0db2027	prefix-030	468
main-btree	4	d0db2027	main-btree-w4-before_wal_sync-d0db2027	prefix-031	474
main-btree	4	d0db2027	main-btree-w4-before_wal_sync-d0db2027	prefix-032	480
main-btree	4	d0db2027	main-btree-w4-before_wal_sync-d0db2027	prefix-033	486
main-btree	4	d0db2027	main-btree-w4-before_wal_sync-d0db2027	prefix-034	492
main-btree	4	d0db2027	main-btree-w4-before_wal_sync-d0db2027	prefix-035	498
main-btree	4	d0db2027	main-btree-w4-before_wal_sync-d0db2027	prefix-036	504
main-btree	4	d0db2027	main-btree-w4-before_wal_sync-d0db2027	prefix-037	510
main-btree	4	d0db2027	main-btree-w4-before_wal_sync-d0db2027	prefix-038	516
main-btree	4	d0db2027	main-btree-w4-before_wal_sync-d0db2027	prefix-039	522
main-btree	4	d0db2027	main-btree-w4-before_wal_sync-d0db2027	prefix-040	528
main-btree	4	d0db2027	main-btree-w4-before_wal_sync-d0db2027	prefix-041	534
main-btree	4	d0db2027	main-btree-w4-before_wal_sync-d0db2027	prefix-042	540
main-btree	4	d0db2027	main-btree-w4-before_wal_sync-d0db2027	prefix-043	546
main-btree	4	d0db2027	main-btree-w4-before_wal_sync-d0db2027	prefix-044	552
main-btree	4	d0db2027	main-btree-w4-before_wal_sync-d0db2027	prefix-045	558
main-btree	4	d0db2027	main-btree-w4-before_wal_sync-d0db2027	prefix-046	564
main-btree	4	d0db2027	main-btree-w4-before_wal_sync-d0db2027	prefix-047	570
main-btree	4	d0db2027	main-btree-w4-before_wal_sync-d0db2027	prefix-048	576
main-btree	4	d0db2027	main-btree-w4-before_wal_sync-d0db2027	prefix-049	582
main-btree	4	d0db2027	main-btree-w4-before_wal_sync-d0db2027	prefix-050	588
main-btree	4	d0db2027	main-btree-w4-before_wal_sync-d0db2027	prefix-051	594
main-btree	4	d0db2027	main-btree-w4-before_wal_sync-d0db2027	prefix-052	600
main-btree	4	d0db2027	main-btree-w4-before_wal_sync-d0db2027	prefix-053	606
main-btree	4	d0db2027	main-btree-w4-before_wal_sync-d0db2027	prefix-054	612
main-btree	4	d0db2027	main-btree-w4-before_wal_sync-d0db2027	prefix-055	618
main-btree	4	d0db2027	main-btree-w4-before_wal_sync-d0db2027	prefix-056	624
main-btree	4	d0db2027	main-btree-w4-before_wal_sync-d0db2027	prefix-057	630
main-btree	4	d0db2027	main-btree-w4-before_wal_sync-d0db2027	prefix-058	636
main-btree	4	d0db2027	main-btree-w4-before_wal_sync-d0db2027	prefix-059	642
main-btree	4	d0db2027	main-btree-w4-before_wal_sync-d0db2027	prefix-060	648
main-btree	4	d0db2027	main-btree-w4-before_wal_sync-d0db2027	prefix-061	654
main-btree	4	d0db2027	main-btree-w4-before_wal_sync-d0db2027	prefix-062	660
main-btree	4	d0db2027	main-btree-w4-before_wal_sync-d0db2027	prefix-063	666
main-btree	4	d0db2027	main-btree-w4-before_wal_sync-d0db2027	prefix-064	672
main-btree	4	d0db2027	main-btree-w4-before_wal_sync-d0db2027	prefix-065	678
main-btree	4	d0db2027	main-btree-w4-before_wal_sync-d0db2027	prefix-066	684
main-btree	4	d0db2027	main-btree-w4-before_wal_sync-d0db2027	prefix-067	690
main-btree	4	d0db2027	main-btree-w4-before_wal_sync-d0db2027	prefix-068	696
main-btree	4	d0db2027	main-btree-w4-before_wal_sync-d0db2027	prefix-069	702
main-btree	4	d0db2027	main-btree-w4-before_wal_sync-d0db2027	prefix-070	708
main-btree	4	d0db2027	main-btree-w4-before_wal_sync-d0db2027	prefix-071	714
main-btree	4	d0db2027	main-btree-w4-before_wal_sync-d0db2027	prefix-072	720
main-btree	4	d0db2027	main-btree-w4-before_wal_sync-d0db2027	prefix-073	726
main-btree	4	d0db2027	main-btree-w4-before_wal_sync-d0db2027	prefix-074	732
main-btree	4	d0db2027	main-btree-w4-before_wal_sync-d0db2027	prefix-075	738
main-btree	4	d0db2027	main-btree-w4-before_wal_sync-d0db2027	prefix-076	744
main-btree	4	d0db2027	main-btree-w4-before_wal_sync-d0db2027	prefix-077	750
main-btree	4	d0db2027	main-btree-w4-before_wal_sync-d0db2027	prefix-078	756
main-btree	4	d0db2027	main-btree-w4-before_wal_sync-d0db2027	prefix-079	762
main-btree	4	d0db2027	main-btree-w4-before_wal_sync-d0db2027	prefix-080	768
main-btree	4	d0db2027	main-btree-w4-before_wal_sync-d0db2027	prefix-081	774
main-btree	4	d0db2027	main-btree-w4-before_wal_sync-d0db2027	prefix-082	780
main-btree	4	d0db2027	main-btree-w4-before_wal_sync-d0db2027	prefix-083	786
main-btree	4	d0db2027	main-btree-w4-before_wal_sync-d0db2027	prefix-084	792
main-btree	4	d0db2027	main-btree-w4-before_wal_sync-d0db2027	prefix-085	798
main-btree	4	d0db2027	main-btree-w4-before_wal_sync-d0db2027	prefix-086	804
main-btree	4	d0db2027	main-btree-w4-before_wal_sync-d0db2027	prefix-087	810
main-btree	4	d0db2027	main-btree-w4-before_wal_sync-d0db2027	prefix-088	816
main-btree	4	d0db2027	main-btree-w4-before_wal_sync-d0db2027	prefix-089	822
main-btree	4	d0db2027	main-btree-w4-before_wal_sync-d0db2027	prefix-090	828
main-btree	4	d0db2027	main-btree-w4-before_wal_sync-d0db2027	prefix-091	834
main-btree	4	d0db2027	main-btree-w4-before_wal_sync-d0db2027	prefix-092	840
main-btree	4	d0db2027	main-btree-w4-before_wal_sync-d0db2027	prefix-093	846
main-btree	4	d0db2027	main-btree-w4-before_wal_sync-d0db2027	prefix-094	852
main-btree	4	d0db2027	main-btree-w4-before_wal_sync-d0db2027	prefix-095	858
main-btree	4	d0db2027	main-btree-w4-before_wal_sync-d0db2027	prefix-096	864
main-btree	4	d0db2027	main-btree-w4-before_wal_sync-d0db2027	prefix-097	870
main-btree	4	d0db2027	main-btree-w4-before_wal_sync-d0db2027	prefix-098	876
main-btree	4	d0db2027	main-btree-w4-before_wal_sync-d0db2027	prefix-099	882
main-btree	4	d0db2027	main-btree-w4-before_wal_sync-d0db2027	prefix-100	888
main-btree	4	d0db2027	main-btree-w4-before_wal_sync-d0db2027	prefix-101	894
main-btree	4	d0db2027	main-btree-w4-before_wal_sync-d0db2027	prefix-102	900
main-btree	4	d0db2027	main-btree-w4-before_wal_sync-d0db2027	prefix-103	906
main-btree	4	d0db2027	main-btree-w4-before_wal_sync-d0db2027	prefix-104	912
main-btree	4	d0db2027	main-btree-w4-before_wal_sync-d0db2027	prefix-105	918
main-btree	4	d0db2027	main-btree-w4-before_wal_sync-d0db2027	prefix-106	924
main-btree	4	d0db2027	main-btree-w4-before_wal_sync-d0db2027	prefix-107	930
main-btree	4	d0db2027	main-btree-w4-before_wal_sync-d0db2027	prefix-108	936
main-btree	4	d0db2027	main-btree-w4-before_wal_sync-d0db2027	prefix-109	942
main-btree	4	d0db2027	main-btree-w4-before_wal_sync-d0db2027	prefix-110	948
main-btree	4	d0db2027	main-btree-w4-before_wal_sync-d0db2027	prefix-111	954
main-btree	4	d0db2027	main-btree-w4-before_wal_sync-d0db2027	prefix-112	960
main-btree	4	d0db2027	main-btree-w4-before_wal_sync-d0db2027	prefix-113	966
main-btree	4	d0db2027	main-btree-w4-before_wal_sync-d0db2027	prefix-114	972
main-btree	4	d0db2027	main-btree-w4-before_wal_sync-d0db2027	prefix-115	978
main-btree	4	d0db2027	main-btree-w4-before_wal_sync-d0db2027	prefix-116	984
main-btree	4	d0db2027	main-btree-w4-before_wal_sync-d0db2027	prefix-117	990
main-btree	4	d0db2027	main-btree-w4-before_wal_sync-d0db2027	prefix-118	996
main-btree	4	d0db2027	main-btree-w4-before_wal_sync-d0db2027	prefix-119	1002
main-btree	4	d0db2027	main-btree-w4-before_wal_sync-d0db2027	prefix-120	1008
main-btree	4	d0db2027	main-btree-w4-before_wal_sync-d0db2027	prefix-121	1014
main-btree	4	d0db2027	main-btree-w4-before_wal_sync-d0db2027	prefix-122	1020
main-btree	4	d0db2027	main-btree-w4-before_wal_sync-d0db2027	prefix-123	1026
main-btree	4	d0db2027	main-btree-w4-before_wal_sync-d0db2027	prefix-124	1032
main-btree	4	d0db2027	main-btree-w4-before_wal_sync-d0db2027	prefix-125	1038
main-btree	4	d0db2027	main-btree-w4-before_wal_sync-d0db2027	prefix-126	1044
main-btree	4	d0db2027	main-btree-w4-before_wal_sync-d0db2027	prefix-127	1050
main-btree	4	d0db2027	main-btree-w4-before_wal_sync-d0db2027	post-recovery	1059
main-btree	4	d0db2028	main-btree-w4-before_wal_sync-d0db2028	seed	282
main-btree	4	d0db2028	main-btree-w4-before_wal_sync-d0db2028	prefix-000	288
main-btree	4	d0db2028	main-btree-w4-before_wal_sync-d0db2028	prefix-001	294
main-btree	4	d0db2028	main-btree-w4-before_wal_sync-d0db2028	prefix-002	300
main-btree	4	d0db2028	main-btree-w4-before_wal_sync-d0db2028	prefix-003	306
main-btree	4	d0db2028	main-btree-w4-before_wal_sync-d0db2028	prefix-004	312
main-btree	4	d0db2028	main-btree-w4-before_wal_sync-d0db2028	prefix-005	318
main-btree	4	d0db2028	main-btree-w4-before_wal_sync-d0db2028	prefix-006	324
main-btree	4	d0db2028	main-btree-w4-before_wal_sync-d0db2028	prefix-007	330
main-btree	4	d0db2028	main-btree-w4-before_wal_sync-d0db2028	prefix-008	336
main-btree	4	d0db2028	main-btree-w4-before_wal_sync-d0db2028	prefix-009	342
main-btree	4	d0db2028	main-btree-w4-before_wal_sync-d0db2028	prefix-010	348
main-btree	4	d0db2028	main-btree-w4-before_wal_sync-d0db2028	prefix-011	354
main-btree	4	d0db2028	main-btree-w4-before_wal_sync-d0db2028	prefix-012	360
main-btree	4	d0db2028	main-btree-w4-before_wal_sync-d0db2028	prefix-013	366
main-btree	4	d0db2028	main-btree-w4-before_wal_sync-d0db2028	prefix-014	372
main-btree	4	d0db2028	main-btree-w4-before_wal_sync-d0db2028	prefix-015	378
main-btree	4	d0db2028	main-btree-w4-before_wal_sync-d0db2028	prefix-016	384
main-btree	4	d0db2028	main-btree-w4-before_wal_sync-d0db2028	prefix-017	390
main-btree	4	d0db2028	main-btree-w4-before_wal_sync-d0db2028	prefix-018	396
main-btree	4	d0db2028	main-btree-w4-before_wal_sync-d0db2028	prefix-019	402
main-btree	4	d0db2028	main-btree-w4-before_wal_sync-d0db2028	prefix-020	408
main-btree	4	d0db2028	main-btree-w4-before_wal_sync-d0db2028	prefix-021	414
main-btree	4	d0db2028	main-btree-w4-before_wal_sync-d0db2028	prefix-022	420
main-btree	4	d0db2028	main-btree-w4-before_wal_sync-d0db2028	prefix-023	426
main-btree	4	d0db2028	main-btree-w4-before_wal_sync-d0db2028	prefix-024	432
main-btree	4	d0db2028	main-btree-w4-before_wal_sync-d0db2028	prefix-025	438
main-btree	4	d0db2028	main-btree-w4-before_wal_sync-d0db2028	prefix-026	444
main-btree	4	d0db2028	main-btree-w4-before_wal_sync-d0db2028	prefix-027	450
main-btree	4	d0db2028	main-btree-w4-before_wal_sync-d0db2028	prefix-028	456
main-btree	4	d0db2028	main-btree-w4-before_wal_sync-d0db2028	prefix-029	462
main-btree	4	d0db2028	main-btree-w4-before_wal_sync-d0db2028	prefix-030	468
main-btree	4	d0db2028	main-btree-w4-before_wal_sync-d0db2028	prefix-031	474
main-btree	4	d0db2028	main-btree-w4-before_wal_sync-d0db2028	prefix-032	480
main-btree	4	d0db2028	main-btree-w4-before_wal_sync-d0db2028	prefix-033	486
main-btree	4	d0db2028	main-btree-w4-before_wal_sync-d0db2028	prefix-034	492
main-btree	4	d0db2028	main-btree-w4-before_wal_sync-d0db2028	prefix-035	498
main-btree	4	d0db2028	main-btree-w4-before_wal_sync-d0db2028	prefix-036	504
main-btree	4	d0db2028	main-btree-w4-before_wal_sync-d0db2028	prefix-037	510
main-btree	4	d0db2028	main-btree-w4-before_wal_sync-d0db2028	prefix-038	516
main-btree	4	d0db2028	main-btree-w4-before_wal_sync-d0db2028	prefix-039	522
main-btree	4	d0db2028	main-btree-w4-before_wal_sync-d0db2028	prefix-040	528
main-btree	4	d0db2028	main-btree-w4-before_wal_sync-d0db2028	prefix-041	534
main-btree	4	d0db2028	main-btree-w4-before_wal_sync-d0db2028	prefix-042	540
main-btree	4	d0db2028	main-btree-w4-before_wal_sync-d0db2028	prefix-043	546
main-btree	4	d0db2028	main-btree-w4-before_wal_sync-d0db2028	prefix-044	552
main-btree	4	d0db2028	main-btree-w4-before_wal_sync-d0db2028	prefix-045	558
main-btree	4	d0db2028	main-btree-w4-before_wal_sync-d0db2028	prefix-046	564
main-btree	4	d0db2028	main-btree-w4-before_wal_sync-d0db2028	prefix-047	570
main-btree	4	d0db2028	main-btree-w4-before_wal_sync-d0db2028	prefix-048	576
main-btree	4	d0db2028	main-btree-w4-before_wal_sync-d0db2028	prefix-049	582
main-btree	4	d0db2028	main-btree-w4-before_wal_sync-d0db2028	prefix-050	588
main-btree	4	d0db2028	main-btree-w4-before_wal_sync-d0db2028	prefix-051	594
main-btree	4	d0db2028	main-btree-w4-before_wal_sync-d0db2028	prefix-052	600
main-btree	4	d0db2028	main-btree-w4-before_wal_sync-d0db2028	prefix-053	606
main-btree	4	d0db2028	main-btree-w4-before_wal_sync-d0db2028	prefix-054	612
main-btree	4	d0db2028	main-btree-w4-before_wal_sync-d0db2028	prefix-055	618
main-btree	4	d0db2028	main-btree-w4-before_wal_sync-d0db2028	prefix-056	624
main-btree	4	d0db2028	main-btree-w4-before_wal_sync-d0db2028	prefix-057	630
main-btree	4	d0db2028	main-btree-w4-before_wal_sync-d0db2028	prefix-058	636
main-btree	4	d0db2028	main-btree-w4-before_wal_sync-d0db2028	prefix-059	642
main-btree	4	d0db2028	main-btree-w4-before_wal_sync-d0db2028	prefix-060	648
main-btree	4	d0db2028	main-btree-w4-before_wal_sync-d0db2028	prefix-061	654
main-btree	4	d0db2028	main-btree-w4-before_wal_sync-d0db2028	prefix-062	660
main-btree	4	d0db2028	main-btree-w4-before_wal_sync-d0db2028	prefix-063	666
main-btree	4	d0db2028	main-btree-w4-before_wal_sync-d0db2028	prefix-064	672
main-btree	4	d0db2028	main-btree-w4-before_wal_sync-d0db2028	prefix-065	678
main-btree	4	d0db2028	main-btree-w4-before_wal_sync-d0db2028	prefix-066	684
main-btree	4	d0db2028	main-btree-w4-before_wal_sync-d0db2028	prefix-067	690
main-btree	4	d0db2028	main-btree-w4-before_wal_sync-d0db2028	prefix-068	696
main-btree	4	d0db2028	main-btree-w4-before_wal_sync-d0db2028	prefix-069	702
main-btree	4	d0db2028	main-btree-w4-before_wal_sync-d0db2028	prefix-070	708
main-btree	4	d0db2028	main-btree-w4-before_wal_sync-d0db2028	prefix-071	714
main-btree	4	d0db2028	main-btree-w4-before_wal_sync-d0db2028	prefix-072	720
main-btree	4	d0db2028	main-btree-w4-before_wal_sync-d0db2028	prefix-073	726
main-btree	4	d0db2028	main-btree-w4-before_wal_sync-d0db2028	prefix-074	732
main-btree	4	d0db2028	main-btree-w4-before_wal_sync-d0db2028	prefix-075	738
main-btree	4	d0db2028	main-btree-w4-before_wal_sync-d0db2028	prefix-076	744
main-btree	4	d0db2028	main-btree-w4-before_wal_sync-d0db2028	prefix-077	750
main-btree	4	d0db2028	main-btree-w4-before_wal_sync-d0db2028	prefix-078	756
main-btree	4	d0db2028	main-btree-w4-before_wal_sync-d0db2028	prefix-079	762
main-btree	4	d0db2028	main-btree-w4-before_wal_sync-d0db2028	prefix-080	768
main-btree	4	d0db2028	main-btree-w4-before_wal_sync-d0db2028	prefix-081	774
main-btree	4	d0db2028	main-btree-w4-before_wal_sync-d0db2028	prefix-082	780
main-btree	4	d0db2028	main-btree-w4-before_wal_sync-d0db2028	prefix-083	786
main-btree	4	d0db2028	main-btree-w4-before_wal_sync-d0db2028	prefix-084	792
main-btree	4	d0db2028	main-btree-w4-before_wal_sync-d0db2028	prefix-085	798
main-btree	4	d0db2028	main-btree-w4-before_wal_sync-d0db2028	prefix-086	804
main-btree	4	d0db2028	main-btree-w4-before_wal_sync-d0db2028	prefix-087	810
main-btree	4	d0db2028	main-btree-w4-before_wal_sync-d0db2028	prefix-088	816
main-btree	4	d0db2028	main-btree-w4-before_wal_sync-d0db2028	prefix-089	822
main-btree	4	d0db2028	main-btree-w4-before_wal_sync-d0db2028	prefix-090	828
main-btree	4	d0db2028	main-btree-w4-before_wal_sync-d0db2028	prefix-091	834
main-btree	4	d0db2028	main-btree-w4-before_wal_sync-d0db2028	prefix-092	840
main-btree	4	d0db2028	main-btree-w4-before_wal_sync-d0db2028	prefix-093	846
main-btree	4	d0db2028	main-btree-w4-before_wal_sync-d0db2028	prefix-094	852
main-btree	4	d0db2028	main-btree-w4-before_wal_sync-d0db2028	prefix-095	858
main-btree	4	d0db2028	main-btree-w4-before_wal_sync-d0db2028	prefix-096	864
main-btree	4	d0db2028	main-btree-w4-before_wal_sync-d0db2028	prefix-097	870
main-btree	4	d0db2028	main-btree-w4-before_wal_sync-d0db2028	prefix-098	876
main-btree	4	d0db2028	main-btree-w4-before_wal_sync-d0db2028	prefix-099	882
main-btree	4	d0db2028	main-btree-w4-before_wal_sync-d0db2028	prefix-100	888
main-btree	4	d0db2028	main-btree-w4-before_wal_sync-d0db2028	prefix-101	894
main-btree	4	d0db2028	main-btree-w4-before_wal_sync-d0db2028	prefix-102	900
main-btree	4	d0db2028	main-btree-w4-before_wal_sync-d0db2028	prefix-103	906
main-btree	4	d0db2028	main-btree-w4-before_wal_sync-d0db2028	prefix-104	912
main-btree	4	d0db2028	main-btree-w4-before_wal_sync-d0db2028	prefix-105	918
main-btree	4	d0db2028	main-btree-w4-before_wal_sync-d0db2028	prefix-106	924
main-btree	4	d0db2028	main-btree-w4-before_wal_sync-d0db2028	prefix-107	930
main-btree	4	d0db2028	main-btree-w4-before_wal_sync-d0db2028	prefix-108	936
main-btree	4	d0db2028	main-btree-w4-before_wal_sync-d0db2028	prefix-109	942
main-btree	4	d0db2028	main-btree-w4-before_wal_sync-d0db2028	prefix-110	948
main-btree	4	d0db2028	main-btree-w4-before_wal_sync-d0db2028	prefix-111	954
main-btree	4	d0db2028	main-btree-w4-before_wal_sync-d0db2028	prefix-112	960
main-btree	4	d0db2028	main-btree-w4-before_wal_sync-d0db2028	prefix-113	966
main-btree	4	d0db2028	main-btree-w4-before_wal_sync-d0db2028	prefix-114	972
main-btree	4	d0db2028	main-btree-w4-before_wal_sync-d0db2028	prefix-115	978
main-btree	4	d0db2028	main-btree-w4-before_wal_sync-d0db2028	prefix-116	984
main-btree	4	d0db2028	main-btree-w4-before_wal_sync-d0db2028	prefix-117	990
main-btree	4	d0db2028	main-btree-w4-before_wal_sync-d0db2028	prefix-118	996
main-btree	4	d0db2028	main-btree-w4-before_wal_sync-d0db2028	prefix-119	1002
main-btree	4	d0db2028	main-btree-w4-before_wal_sync-d0db2028	prefix-120	1008
main-btree	4	d0db2028	main-btree-w4-before_wal_sync-d0db2028	prefix-121	1014
main-btree	4	d0db2028	main-btree-w4-before_wal_sync-d0db2028	prefix-122	1020
main-btree	4	d0db2028	main-btree-w4-before_wal_sync-d0db2028	prefix-123	1026
main-btree	4	d0db2028	main-btree-w4-before_wal_sync-d0db2028	prefix-124	1032
main-btree	4	d0db2028	main-btree-w4-before_wal_sync-d0db2028	prefix-125	1038
main-btree	4	d0db2028	main-btree-w4-before_wal_sync-d0db2028	prefix-126	1044
main-btree	4	d0db2028	main-btree-w4-before_wal_sync-d0db2028	prefix-127	1050
main-btree	4	d0db2028	main-btree-w4-before_wal_sync-d0db2028	post-recovery	1059
main-btree	4	d0db2026	main-btree-w4-after_wal_sync-d0db2026	seed	282
main-btree	4	d0db2026	main-btree-w4-after_wal_sync-d0db2026	prefix-000	288
main-btree	4	d0db2026	main-btree-w4-after_wal_sync-d0db2026	prefix-001	294
main-btree	4	d0db2026	main-btree-w4-after_wal_sync-d0db2026	prefix-002	300
main-btree	4	d0db2026	main-btree-w4-after_wal_sync-d0db2026	prefix-003	306
main-btree	4	d0db2026	main-btree-w4-after_wal_sync-d0db2026	prefix-004	312
main-btree	4	d0db2026	main-btree-w4-after_wal_sync-d0db2026	prefix-005	318
main-btree	4	d0db2026	main-btree-w4-after_wal_sync-d0db2026	prefix-006	324
main-btree	4	d0db2026	main-btree-w4-after_wal_sync-d0db2026	prefix-007	330
main-btree	4	d0db2026	main-btree-w4-after_wal_sync-d0db2026	prefix-008	336
main-btree	4	d0db2026	main-btree-w4-after_wal_sync-d0db2026	prefix-009	342
main-btree	4	d0db2026	main-btree-w4-after_wal_sync-d0db2026	prefix-010	348
main-btree	4	d0db2026	main-btree-w4-after_wal_sync-d0db2026	prefix-011	354
main-btree	4	d0db2026	main-btree-w4-after_wal_sync-d0db2026	prefix-012	360
main-btree	4	d0db2026	main-btree-w4-after_wal_sync-d0db2026	prefix-013	366
main-btree	4	d0db2026	main-btree-w4-after_wal_sync-d0db2026	prefix-014	372
main-btree	4	d0db2026	main-btree-w4-after_wal_sync-d0db2026	prefix-015	378
main-btree	4	d0db2026	main-btree-w4-after_wal_sync-d0db2026	prefix-016	384
main-btree	4	d0db2026	main-btree-w4-after_wal_sync-d0db2026	prefix-017	390
main-btree	4	d0db2026	main-btree-w4-after_wal_sync-d0db2026	prefix-018	396
main-btree	4	d0db2026	main-btree-w4-after_wal_sync-d0db2026	prefix-019	402
main-btree	4	d0db2026	main-btree-w4-after_wal_sync-d0db2026	prefix-020	408
main-btree	4	d0db2026	main-btree-w4-after_wal_sync-d0db2026	prefix-021	414
main-btree	4	d0db2026	main-btree-w4-after_wal_sync-d0db2026	prefix-022	420
main-btree	4	d0db2026	main-btree-w4-after_wal_sync-d0db2026	prefix-023	426
main-btree	4	d0db2026	main-btree-w4-after_wal_sync-d0db2026	prefix-024	432
main-btree	4	d0db2026	main-btree-w4-after_wal_sync-d0db2026	prefix-025	438
main-btree	4	d0db2026	main-btree-w4-after_wal_sync-d0db2026	prefix-026	444
main-btree	4	d0db2026	main-btree-w4-after_wal_sync-d0db2026	prefix-027	450
main-btree	4	d0db2026	main-btree-w4-after_wal_sync-d0db2026	prefix-028	456
main-btree	4	d0db2026	main-btree-w4-after_wal_sync-d0db2026	prefix-029	462
main-btree	4	d0db2026	main-btree-w4-after_wal_sync-d0db2026	prefix-030	468
main-btree	4	d0db2026	main-btree-w4-after_wal_sync-d0db2026	prefix-031	474
main-btree	4	d0db2026	main-btree-w4-after_wal_sync-d0db2026	prefix-032	480
main-btree	4	d0db2026	main-btree-w4-after_wal_sync-d0db2026	prefix-033	486
main-btree	4	d0db2026	main-btree-w4-after_wal_sync-d0db2026	prefix-034	492
main-btree	4	d0db2026	main-btree-w4-after_wal_sync-d0db2026	prefix-035	498
main-btree	4	d0db2026	main-btree-w4-after_wal_sync-d0db2026	prefix-036	504
main-btree	4	d0db2026	main-btree-w4-after_wal_sync-d0db2026	prefix-037	510
main-btree	4	d0db2026	main-btree-w4-after_wal_sync-d0db2026	prefix-038	516
main-btree	4	d0db2026	main-btree-w4-after_wal_sync-d0db2026	prefix-039	522
main-btree	4	d0db2026	main-btree-w4-after_wal_sync-d0db2026	prefix-040	528
main-btree	4	d0db2026	main-btree-w4-after_wal_sync-d0db2026	prefix-041	534
main-btree	4	d0db2026	main-btree-w4-after_wal_sync-d0db2026	prefix-042	540
main-btree	4	d0db2026	main-btree-w4-after_wal_sync-d0db2026	prefix-043	546
main-btree	4	d0db2026	main-btree-w4-after_wal_sync-d0db2026	prefix-044	552
main-btree	4	d0db2026	main-btree-w4-after_wal_sync-d0db2026	prefix-045	558
main-btree	4	d0db2026	main-btree-w4-after_wal_sync-d0db2026	prefix-046	564
main-btree	4	d0db2026	main-btree-w4-after_wal_sync-d0db2026	prefix-047	570
main-btree	4	d0db2026	main-btree-w4-after_wal_sync-d0db2026	prefix-048	576
main-btree	4	d0db2026	main-btree-w4-after_wal_sync-d0db2026	prefix-049	582
main-btree	4	d0db2026	main-btree-w4-after_wal_sync-d0db2026	prefix-050	588
main-btree	4	d0db2026	main-btree-w4-after_wal_sync-d0db2026	prefix-051	594
main-btree	4	d0db2026	main-btree-w4-after_wal_sync-d0db2026	prefix-052	600
main-btree	4	d0db2026	main-btree-w4-after_wal_sync-d0db2026	prefix-053	606
main-btree	4	d0db2026	main-btree-w4-after_wal_sync-d0db2026	prefix-054	612
main-btree	4	d0db2026	main-btree-w4-after_wal_sync-d0db2026	prefix-055	618
main-btree	4	d0db2026	main-btree-w4-after_wal_sync-d0db2026	prefix-056	624
main-btree	4	d0db2026	main-btree-w4-after_wal_sync-d0db2026	prefix-057	630
main-btree	4	d0db2026	main-btree-w4-after_wal_sync-d0db2026	prefix-058	636
main-btree	4	d0db2026	main-btree-w4-after_wal_sync-d0db2026	prefix-059	642
main-btree	4	d0db2026	main-btree-w4-after_wal_sync-d0db2026	prefix-060	648
main-btree	4	d0db2026	main-btree-w4-after_wal_sync-d0db2026	prefix-061	654
main-btree	4	d0db2026	main-btree-w4-after_wal_sync-d0db2026	prefix-062	660
main-btree	4	d0db2026	main-btree-w4-after_wal_sync-d0db2026	prefix-063	666
main-btree	4	d0db2026	main-btree-w4-after_wal_sync-d0db2026	prefix-064	672
main-btree	4	d0db2026	main-btree-w4-after_wal_sync-d0db2026	prefix-065	678
main-btree	4	d0db2026	main-btree-w4-after_wal_sync-d0db2026	prefix-066	684
main-btree	4	d0db2026	main-btree-w4-after_wal_sync-d0db2026	prefix-067	690
main-btree	4	d0db2026	main-btree-w4-after_wal_sync-d0db2026	prefix-068	696
main-btree	4	d0db2026	main-btree-w4-after_wal_sync-d0db2026	prefix-069	702
main-btree	4	d0db2026	main-btree-w4-after_wal_sync-d0db2026	prefix-070	708
main-btree	4	d0db2026	main-btree-w4-after_wal_sync-d0db2026	prefix-071	714
main-btree	4	d0db2026	main-btree-w4-after_wal_sync-d0db2026	prefix-072	720
main-btree	4	d0db2026	main-btree-w4-after_wal_sync-d0db2026	prefix-073	726
main-btree	4	d0db2026	main-btree-w4-after_wal_sync-d0db2026	prefix-074	732
main-btree	4	d0db2026	main-btree-w4-after_wal_sync-d0db2026	prefix-075	738
main-btree	4	d0db2026	main-btree-w4-after_wal_sync-d0db2026	prefix-076	744
main-btree	4	d0db2026	main-btree-w4-after_wal_sync-d0db2026	prefix-077	750
main-btree	4	d0db2026	main-btree-w4-after_wal_sync-d0db2026	prefix-078	756
main-btree	4	d0db2026	main-btree-w4-after_wal_sync-d0db2026	prefix-079	762
main-btree	4	d0db2026	main-btree-w4-after_wal_sync-d0db2026	prefix-080	768
main-btree	4	d0db2026	main-btree-w4-after_wal_sync-d0db2026	prefix-081	774
main-btree	4	d0db2026	main-btree-w4-after_wal_sync-d0db2026	prefix-082	780
main-btree	4	d0db2026	main-btree-w4-after_wal_sync-d0db2026	prefix-083	786
main-btree	4	d0db2026	main-btree-w4-after_wal_sync-d0db2026	prefix-084	792
main-btree	4	d0db2026	main-btree-w4-after_wal_sync-d0db2026	prefix-085	798
main-btree	4	d0db2026	main-btree-w4-after_wal_sync-d0db2026	prefix-086	804
main-btree	4	d0db2026	main-btree-w4-after_wal_sync-d0db2026	prefix-087	810
main-btree	4	d0db2026	main-btree-w4-after_wal_sync-d0db2026	prefix-088	816
main-btree	4	d0db2026	main-btree-w4-after_wal_sync-d0db2026	prefix-089	822
main-btree	4	d0db2026	main-btree-w4-after_wal_sync-d0db2026	prefix-090	828
main-btree	4	d0db2026	main-btree-w4-after_wal_sync-d0db2026	prefix-091	834
main-btree	4	d0db2026	main-btree-w4-after_wal_sync-d0db2026	prefix-092	840
main-btree	4	d0db2026	main-btree-w4-after_wal_sync-d0db2026	prefix-093	846
main-btree	4	d0db2026	main-btree-w4-after_wal_sync-d0db2026	prefix-094	852
main-btree	4	d0db2026	main-btree-w4-after_wal_sync-d0db2026	prefix-095	858
main-btree	4	d0db2026	main-btree-w4-after_wal_sync-d0db2026	prefix-096	864
main-btree	4	d0db2026	main-btree-w4-after_wal_sync-d0db2026	prefix-097	870
main-btree	4	d0db2026	main-btree-w4-after_wal_sync-d0db2026	prefix-098	876
main-btree	4	d0db2026	main-btree-w4-after_wal_sync-d0db2026	prefix-099	882
main-btree	4	d0db2026	main-btree-w4-after_wal_sync-d0db2026	prefix-100	888
main-btree	4	d0db2026	main-btree-w4-after_wal_sync-d0db2026	prefix-101	894
main-btree	4	d0db2026	main-btree-w4-after_wal_sync-d0db2026	prefix-102	900
main-btree	4	d0db2026	main-btree-w4-after_wal_sync-d0db2026	prefix-103	906
main-btree	4	d0db2026	main-btree-w4-after_wal_sync-d0db2026	prefix-104	912
main-btree	4	d0db2026	main-btree-w4-after_wal_sync-d0db2026	prefix-105	918
main-btree	4	d0db2026	main-btree-w4-after_wal_sync-d0db2026	prefix-106	924
main-btree	4	d0db2026	main-btree-w4-after_wal_sync-d0db2026	prefix-107	930
main-btree	4	d0db2026	main-btree-w4-after_wal_sync-d0db2026	prefix-108	936
main-btree	4	d0db2026	main-btree-w4-after_wal_sync-d0db2026	prefix-109	942
main-btree	4	d0db2026	main-btree-w4-after_wal_sync-d0db2026	prefix-110	948
main-btree	4	d0db2026	main-btree-w4-after_wal_sync-d0db2026	prefix-111	954
main-btree	4	d0db2026	main-btree-w4-after_wal_sync-d0db2026	prefix-112	960
main-btree	4	d0db2026	main-btree-w4-after_wal_sync-d0db2026	prefix-113	966
main-btree	4	d0db2026	main-btree-w4-after_wal_sync-d0db2026	prefix-114	972
main-btree	4	d0db2026	main-btree-w4-after_wal_sync-d0db2026	prefix-115	978
main-btree	4	d0db2026	main-btree-w4-after_wal_sync-d0db2026	prefix-116	984
main-btree	4	d0db2026	main-btree-w4-after_wal_sync-d0db2026	prefix-117	990
main-btree	4	d0db2026	main-btree-w4-after_wal_sync-d0db2026	prefix-118	996
main-btree	4	d0db2026	main-btree-w4-after_wal_sync-d0db2026	prefix-119	1002
main-btree	4	d0db2026	main-btree-w4-after_wal_sync-d0db2026	prefix-120	1008
main-btree	4	d0db2026	main-btree-w4-after_wal_sync-d0db2026	prefix-121	1014
main-btree	4	d0db2026	main-btree-w4-after_wal_sync-d0db2026	prefix-122	1020
main-btree	4	d0db2026	main-btree-w4-after_wal_sync-d0db2026	prefix-123	1026
main-btree	4	d0db2026	main-btree-w4-after_wal_sync-d0db2026	prefix-124	1032
main-btree	4	d0db2026	main-btree-w4-after_wal_sync-d0db2026	prefix-125	1038
main-btree	4	d0db2026	main-btree-w4-after_wal_sync-d0db2026	prefix-126	1044
main-btree	4	d0db2026	main-btree-w4-after_wal_sync-d0db2026	prefix-127	1050
main-btree	4	d0db2026	main-btree-w4-after_wal_sync-d0db2026	post-recovery	1059
main-btree	4	d0db2027	main-btree-w4-after_wal_sync-d0db2027	seed	282
main-btree	4	d0db2027	main-btree-w4-after_wal_sync-d0db2027	prefix-000	288
main-btree	4	d0db2027	main-btree-w4-after_wal_sync-d0db2027	prefix-001	294
main-btree	4	d0db2027	main-btree-w4-after_wal_sync-d0db2027	prefix-002	300
main-btree	4	d0db2027	main-btree-w4-after_wal_sync-d0db2027	prefix-003	306
main-btree	4	d0db2027	main-btree-w4-after_wal_sync-d0db2027	prefix-004	312
main-btree	4	d0db2027	main-btree-w4-after_wal_sync-d0db2027	prefix-005	318
main-btree	4	d0db2027	main-btree-w4-after_wal_sync-d0db2027	prefix-006	324
main-btree	4	d0db2027	main-btree-w4-after_wal_sync-d0db2027	prefix-007	330
main-btree	4	d0db2027	main-btree-w4-after_wal_sync-d0db2027	prefix-008	336
main-btree	4	d0db2027	main-btree-w4-after_wal_sync-d0db2027	prefix-009	342
main-btree	4	d0db2027	main-btree-w4-after_wal_sync-d0db2027	prefix-010	348
main-btree	4	d0db2027	main-btree-w4-after_wal_sync-d0db2027	prefix-011	354
main-btree	4	d0db2027	main-btree-w4-after_wal_sync-d0db2027	prefix-012	360
main-btree	4	d0db2027	main-btree-w4-after_wal_sync-d0db2027	prefix-013	366
main-btree	4	d0db2027	main-btree-w4-after_wal_sync-d0db2027	prefix-014	372
main-btree	4	d0db2027	main-btree-w4-after_wal_sync-d0db2027	prefix-015	378
main-btree	4	d0db2027	main-btree-w4-after_wal_sync-d0db2027	prefix-016	384
main-btree	4	d0db2027	main-btree-w4-after_wal_sync-d0db2027	prefix-017	390
main-btree	4	d0db2027	main-btree-w4-after_wal_sync-d0db2027	prefix-018	396
main-btree	4	d0db2027	main-btree-w4-after_wal_sync-d0db2027	prefix-019	402
main-btree	4	d0db2027	main-btree-w4-after_wal_sync-d0db2027	prefix-020	408
main-btree	4	d0db2027	main-btree-w4-after_wal_sync-d0db2027	prefix-021	414
main-btree	4	d0db2027	main-btree-w4-after_wal_sync-d0db2027	prefix-022	420
main-btree	4	d0db2027	main-btree-w4-after_wal_sync-d0db2027	prefix-023	426
main-btree	4	d0db2027	main-btree-w4-after_wal_sync-d0db2027	prefix-024	432
main-btree	4	d0db2027	main-btree-w4-after_wal_sync-d0db2027	prefix-025	438
main-btree	4	d0db2027	main-btree-w4-after_wal_sync-d0db2027	prefix-026	444
main-btree	4	d0db2027	main-btree-w4-after_wal_sync-d0db2027	prefix-027	450
main-btree	4	d0db2027	main-btree-w4-after_wal_sync-d0db2027	prefix-028	456
main-btree	4	d0db2027	main-btree-w4-after_wal_sync-d0db2027	prefix-029	462
main-btree	4	d0db2027	main-btree-w4-after_wal_sync-d0db2027	prefix-030	468
main-btree	4	d0db2027	main-btree-w4-after_wal_sync-d0db2027	prefix-031	474
main-btree	4	d0db2027	main-btree-w4-after_wal_sync-d0db2027	prefix-032	480
main-btree	4	d0db2027	main-btree-w4-after_wal_sync-d0db2027	prefix-033	486
main-btree	4	d0db2027	main-btree-w4-after_wal_sync-d0db2027	prefix-034	492
main-btree	4	d0db2027	main-btree-w4-after_wal_sync-d0db2027	prefix-035	498
main-btree	4	d0db2027	main-btree-w4-after_wal_sync-d0db2027	prefix-036	504
main-btree	4	d0db2027	main-btree-w4-after_wal_sync-d0db2027	prefix-037	510
main-btree	4	d0db2027	main-btree-w4-after_wal_sync-d0db2027	prefix-038	516
main-btree	4	d0db2027	main-btree-w4-after_wal_sync-d0db2027	prefix-039	522
main-btree	4	d0db2027	main-btree-w4-after_wal_sync-d0db2027	prefix-040	528
main-btree	4	d0db2027	main-btree-w4-after_wal_sync-d0db2027	prefix-041	534
main-btree	4	d0db2027	main-btree-w4-after_wal_sync-d0db2027	prefix-042	540
main-btree	4	d0db2027	main-btree-w4-after_wal_sync-d0db2027	prefix-043	546
main-btree	4	d0db2027	main-btree-w4-after_wal_sync-d0db2027	prefix-044	552
main-btree	4	d0db2027	main-btree-w4-after_wal_sync-d0db2027	prefix-045	558
main-btree	4	d0db2027	main-btree-w4-after_wal_sync-d0db2027	prefix-046	564
main-btree	4	d0db2027	main-btree-w4-after_wal_sync-d0db2027	prefix-047	570
main-btree	4	d0db2027	main-btree-w4-after_wal_sync-d0db2027	prefix-048	576
main-btree	4	d0db2027	main-btree-w4-after_wal_sync-d0db2027	prefix-049	582
main-btree	4	d0db2027	main-btree-w4-after_wal_sync-d0db2027	prefix-050	588
main-btree	4	d0db2027	main-btree-w4-after_wal_sync-d0db2027	prefix-051	594
main-btree	4	d0db2027	main-btree-w4-after_wal_sync-d0db2027	prefix-052	600
main-btree	4	d0db2027	main-btree-w4-after_wal_sync-d0db2027	prefix-053	606
main-btree	4	d0db2027	main-btree-w4-after_wal_sync-d0db2027	prefix-054	612
main-btree	4	d0db2027	main-btree-w4-after_wal_sync-d0db2027	prefix-055	618
main-btree	4	d0db2027	main-btree-w4-after_wal_sync-d0db2027	prefix-056	624
main-btree	4	d0db2027	main-btree-w4-after_wal_sync-d0db2027	prefix-057	630
main-btree	4	d0db2027	main-btree-w4-after_wal_sync-d0db2027	prefix-058	636
main-btree	4	d0db2027	main-btree-w4-after_wal_sync-d0db2027	prefix-059	642
main-btree	4	d0db2027	main-btree-w4-after_wal_sync-d0db2027	prefix-060	648
main-btree	4	d0db2027	main-btree-w4-after_wal_sync-d0db2027	prefix-061	654
main-btree	4	d0db2027	main-btree-w4-after_wal_sync-d0db2027	prefix-062	660
main-btree	4	d0db2027	main-btree-w4-after_wal_sync-d0db2027	prefix-063	666
main-btree	4	d0db2027	main-btree-w4-after_wal_sync-d0db2027	prefix-064	672
main-btree	4	d0db2027	main-btree-w4-after_wal_sync-d0db2027	prefix-065	678
main-btree	4	d0db2027	main-btree-w4-after_wal_sync-d0db2027	prefix-066	684
main-btree	4	d0db2027	main-btree-w4-after_wal_sync-d0db2027	prefix-067	690
main-btree	4	d0db2027	main-btree-w4-after_wal_sync-d0db2027	prefix-068	696
main-btree	4	d0db2027	main-btree-w4-after_wal_sync-d0db2027	prefix-069	702
main-btree	4	d0db2027	main-btree-w4-after_wal_sync-d0db2027	prefix-070	708
main-btree	4	d0db2027	main-btree-w4-after_wal_sync-d0db2027	prefix-071	714
main-btree	4	d0db2027	main-btree-w4-after_wal_sync-d0db2027	prefix-072	720
main-btree	4	d0db2027	main-btree-w4-after_wal_sync-d0db2027	prefix-073	726
main-btree	4	d0db2027	main-btree-w4-after_wal_sync-d0db2027	prefix-074	732
main-btree	4	d0db2027	main-btree-w4-after_wal_sync-d0db2027	prefix-075	738
main-btree	4	d0db2027	main-btree-w4-after_wal_sync-d0db2027	prefix-076	744
main-btree	4	d0db2027	main-btree-w4-after_wal_sync-d0db2027	prefix-077	750
main-btree	4	d0db2027	main-btree-w4-after_wal_sync-d0db2027	prefix-078	756
main-btree	4	d0db2027	main-btree-w4-after_wal_sync-d0db2027	prefix-079	762
main-btree	4	d0db2027	main-btree-w4-after_wal_sync-d0db2027	prefix-080	768
main-btree	4	d0db2027	main-btree-w4-after_wal_sync-d0db2027	prefix-081	774
main-btree	4	d0db2027	main-btree-w4-after_wal_sync-d0db2027	prefix-082	780
main-btree	4	d0db2027	main-btree-w4-after_wal_sync-d0db2027	prefix-083	786
main-btree	4	d0db2027	main-btree-w4-after_wal_sync-d0db2027	prefix-084	792
main-btree	4	d0db2027	main-btree-w4-after_wal_sync-d0db2027	prefix-085	798
main-btree	4	d0db2027	main-btree-w4-after_wal_sync-d0db2027	prefix-086	804
main-btree	4	d0db2027	main-btree-w4-after_wal_sync-d0db2027	prefix-087	810
main-btree	4	d0db2027	main-btree-w4-after_wal_sync-d0db2027	prefix-088	816
main-btree	4	d0db2027	main-btree-w4-after_wal_sync-d0db2027	prefix-089	822
main-btree	4	d0db2027	main-btree-w4-after_wal_sync-d0db2027	prefix-090	828
main-btree	4	d0db2027	main-btree-w4-after_wal_sync-d0db2027	prefix-091	834
main-btree	4	d0db2027	main-btree-w4-after_wal_sync-d0db2027	prefix-092	840
main-btree	4	d0db2027	main-btree-w4-after_wal_sync-d0db2027	prefix-093	846
main-btree	4	d0db2027	main-btree-w4-after_wal_sync-d0db2027	prefix-094	852
main-btree	4	d0db2027	main-btree-w4-after_wal_sync-d0db2027	prefix-095	858
main-btree	4	d0db2027	main-btree-w4-after_wal_sync-d0db2027	prefix-096	864
main-btree	4	d0db2027	main-btree-w4-after_wal_sync-d0db2027	prefix-097	870
main-btree	4	d0db2027	main-btree-w4-after_wal_sync-d0db2027	prefix-098	876
main-btree	4	d0db2027	main-btree-w4-after_wal_sync-d0db2027	prefix-099	882
main-btree	4	d0db2027	main-btree-w4-after_wal_sync-d0db2027	prefix-100	888
main-btree	4	d0db2027	main-btree-w4-after_wal_sync-d0db2027	prefix-101	894
main-btree	4	d0db2027	main-btree-w4-after_wal_sync-d0db2027	prefix-102	900
main-btree	4	d0db2027	main-btree-w4-after_wal_sync-d0db2027	prefix-103	906
main-btree	4	d0db2027	main-btree-w4-after_wal_sync-d0db2027	prefix-104	912
main-btree	4	d0db2027	main-btree-w4-after_wal_sync-d0db2027	prefix-105	918
main-btree	4	d0db2027	main-btree-w4-after_wal_sync-d0db2027	prefix-106	924
main-btree	4	d0db2027	main-btree-w4-after_wal_sync-d0db2027	prefix-107	930
main-btree	4	d0db2027	main-btree-w4-after_wal_sync-d0db2027	prefix-108	936
main-btree	4	d0db2027	main-btree-w4-after_wal_sync-d0db2027	prefix-109	942
main-btree	4	d0db2027	main-btree-w4-after_wal_sync-d0db2027	prefix-110	948
main-btree	4	d0db2027	main-btree-w4-after_wal_sync-d0db2027	prefix-111	954
main-btree	4	d0db2027	main-btree-w4-after_wal_sync-d0db2027	prefix-112	960
main-btree	4	d0db2027	main-btree-w4-after_wal_sync-d0db2027	prefix-113	966
main-btree	4	d0db2027	main-btree-w4-after_wal_sync-d0db2027	prefix-114	972
main-btree	4	d0db2027	main-btree-w4-after_wal_sync-d0db2027	prefix-115	978
main-btree	4	d0db2027	main-btree-w4-after_wal_sync-d0db2027	prefix-116	984
main-btree	4	d0db2027	main-btree-w4-after_wal_sync-d0db2027	prefix-117	990
main-btree	4	d0db2027	main-btree-w4-after_wal_sync-d0db2027	prefix-118	996
main-btree	4	d0db2027	main-btree-w4-after_wal_sync-d0db2027	prefix-119	1002
main-btree	4	d0db2027	main-btree-w4-after_wal_sync-d0db2027	prefix-120	1008
main-btree	4	d0db2027	main-btree-w4-after_wal_sync-d0db2027	prefix-121	1014
main-btree	4	d0db2027	main-btree-w4-after_wal_sync-d0db2027	prefix-122	1020
main-btree	4	d0db2027	main-btree-w4-after_wal_sync-d0db2027	prefix-123	1026
main-btree	4	d0db2027	main-btree-w4-after_wal_sync-d0db2027	prefix-124	1032
main-btree	4	d0db2027	main-btree-w4-after_wal_sync-d0db2027	prefix-125	1038
main-btree	4	d0db2027	main-btree-w4-after_wal_sync-d0db2027	prefix-126	1044
main-btree	4	d0db2027	main-btree-w4-after_wal_sync-d0db2027	prefix-127	1050
main-btree	4	d0db2027	main-btree-w4-after_wal_sync-d0db2027	post-recovery	1059
main-btree	4	d0db2028	main-btree-w4-after_wal_sync-d0db2028	seed	282
main-btree	4	d0db2028	main-btree-w4-after_wal_sync-d0db2028	prefix-000	288
main-btree	4	d0db2028	main-btree-w4-after_wal_sync-d0db2028	prefix-001	294
main-btree	4	d0db2028	main-btree-w4-after_wal_sync-d0db2028	prefix-002	300
main-btree	4	d0db2028	main-btree-w4-after_wal_sync-d0db2028	prefix-003	306
main-btree	4	d0db2028	main-btree-w4-after_wal_sync-d0db2028	prefix-004	312
main-btree	4	d0db2028	main-btree-w4-after_wal_sync-d0db2028	prefix-005	318
main-btree	4	d0db2028	main-btree-w4-after_wal_sync-d0db2028	prefix-006	324
main-btree	4	d0db2028	main-btree-w4-after_wal_sync-d0db2028	prefix-007	330
main-btree	4	d0db2028	main-btree-w4-after_wal_sync-d0db2028	prefix-008	336
main-btree	4	d0db2028	main-btree-w4-after_wal_sync-d0db2028	prefix-009	342
main-btree	4	d0db2028	main-btree-w4-after_wal_sync-d0db2028	prefix-010	348
main-btree	4	d0db2028	main-btree-w4-after_wal_sync-d0db2028	prefix-011	354
main-btree	4	d0db2028	main-btree-w4-after_wal_sync-d0db2028	prefix-012	360
main-btree	4	d0db2028	main-btree-w4-after_wal_sync-d0db2028	prefix-013	366
main-btree	4	d0db2028	main-btree-w4-after_wal_sync-d0db2028	prefix-014	372
main-btree	4	d0db2028	main-btree-w4-after_wal_sync-d0db2028	prefix-015	378
main-btree	4	d0db2028	main-btree-w4-after_wal_sync-d0db2028	prefix-016	384
main-btree	4	d0db2028	main-btree-w4-after_wal_sync-d0db2028	prefix-017	390
main-btree	4	d0db2028	main-btree-w4-after_wal_sync-d0db2028	prefix-018	396
main-btree	4	d0db2028	main-btree-w4-after_wal_sync-d0db2028	prefix-019	402
main-btree	4	d0db2028	main-btree-w4-after_wal_sync-d0db2028	prefix-020	408
main-btree	4	d0db2028	main-btree-w4-after_wal_sync-d0db2028	prefix-021	414
main-btree	4	d0db2028	main-btree-w4-after_wal_sync-d0db2028	prefix-022	420
main-btree	4	d0db2028	main-btree-w4-after_wal_sync-d0db2028	prefix-023	426
main-btree	4	d0db2028	main-btree-w4-after_wal_sync-d0db2028	prefix-024	432
main-btree	4	d0db2028	main-btree-w4-after_wal_sync-d0db2028	prefix-025	438
main-btree	4	d0db2028	main-btree-w4-after_wal_sync-d0db2028	prefix-026	444
main-btree	4	d0db2028	main-btree-w4-after_wal_sync-d0db2028	prefix-027	450
main-btree	4	d0db2028	main-btree-w4-after_wal_sync-d0db2028	prefix-028	456
main-btree	4	d0db2028	main-btree-w4-after_wal_sync-d0db2028	prefix-029	462
main-btree	4	d0db2028	main-btree-w4-after_wal_sync-d0db2028	prefix-030	468
main-btree	4	d0db2028	main-btree-w4-after_wal_sync-d0db2028	prefix-031	474
main-btree	4	d0db2028	main-btree-w4-after_wal_sync-d0db2028	prefix-032	480
main-btree	4	d0db2028	main-btree-w4-after_wal_sync-d0db2028	prefix-033	486
main-btree	4	d0db2028	main-btree-w4-after_wal_sync-d0db2028	prefix-034	492
main-btree	4	d0db2028	main-btree-w4-after_wal_sync-d0db2028	prefix-035	498
main-btree	4	d0db2028	main-btree-w4-after_wal_sync-d0db2028	prefix-036	504
main-btree	4	d0db2028	main-btree-w4-after_wal_sync-d0db2028	prefix-037	510
main-btree	4	d0db2028	main-btree-w4-after_wal_sync-d0db2028	prefix-038	516
main-btree	4	d0db2028	main-btree-w4-after_wal_sync-d0db2028	prefix-039	522
main-btree	4	d0db2028	main-btree-w4-after_wal_sync-d0db2028	prefix-040	528
main-btree	4	d0db2028	main-btree-w4-after_wal_sync-d0db2028	prefix-041	534
main-btree	4	d0db2028	main-btree-w4-after_wal_sync-d0db2028	prefix-042	540
main-btree	4	d0db2028	main-btree-w4-after_wal_sync-d0db2028	prefix-043	546
main-btree	4	d0db2028	main-btree-w4-after_wal_sync-d0db2028	prefix-044	552
main-btree	4	d0db2028	main-btree-w4-after_wal_sync-d0db2028	prefix-045	558
main-btree	4	d0db2028	main-btree-w4-after_wal_sync-d0db2028	prefix-046	564
main-btree	4	d0db2028	main-btree-w4-after_wal_sync-d0db2028	prefix-047	570
main-btree	4	d0db2028	main-btree-w4-after_wal_sync-d0db2028	prefix-048	576
main-btree	4	d0db2028	main-btree-w4-after_wal_sync-d0db2028	prefix-049	582
main-btree	4	d0db2028	main-btree-w4-after_wal_sync-d0db2028	prefix-050	588
main-btree	4	d0db2028	main-btree-w4-after_wal_sync-d0db2028	prefix-051	594
main-btree	4	d0db2028	main-btree-w4-after_wal_sync-d0db2028	prefix-052	600
main-btree	4	d0db2028	main-btree-w4-after_wal_sync-d0db2028	prefix-053	606
main-btree	4	d0db2028	main-btree-w4-after_wal_sync-d0db2028	prefix-054	612
main-btree	4	d0db2028	main-btree-w4-after_wal_sync-d0db2028	prefix-055	618
main-btree	4	d0db2028	main-btree-w4-after_wal_sync-d0db2028	prefix-056	624
main-btree	4	d0db2028	main-btree-w4-after_wal_sync-d0db2028	prefix-057	630
main-btree	4	d0db2028	main-btree-w4-after_wal_sync-d0db2028	prefix-058	636
main-btree	4	d0db2028	main-btree-w4-after_wal_sync-d0db2028	prefix-059	642
main-btree	4	d0db2028	main-btree-w4-after_wal_sync-d0db2028	prefix-060	648
main-btree	4	d0db2028	main-btree-w4-after_wal_sync-d0db2028	prefix-061	654
main-btree	4	d0db2028	main-btree-w4-after_wal_sync-d0db2028	prefix-062	660
main-btree	4	d0db2028	main-btree-w4-after_wal_sync-d0db2028	prefix-063	666
main-btree	4	d0db2028	main-btree-w4-after_wal_sync-d0db2028	prefix-064	672
main-btree	4	d0db2028	main-btree-w4-after_wal_sync-d0db2028	prefix-065	678
main-btree	4	d0db2028	main-btree-w4-after_wal_sync-d0db2028	prefix-066	684
main-btree	4	d0db2028	main-btree-w4-after_wal_sync-d0db2028	prefix-067	690
main-btree	4	d0db2028	main-btree-w4-after_wal_sync-d0db2028	prefix-068	696
main-btree	4	d0db2028	main-btree-w4-after_wal_sync-d0db2028	prefix-069	702
main-btree	4	d0db2028	main-btree-w4-after_wal_sync-d0db2028	prefix-070	708
main-btree	4	d0db2028	main-btree-w4-after_wal_sync-d0db2028	prefix-071	714
main-btree	4	d0db2028	main-btree-w4-after_wal_sync-d0db2028	prefix-072	720
main-btree	4	d0db2028	main-btree-w4-after_wal_sync-d0db2028	prefix-073	726
main-btree	4	d0db2028	main-btree-w4-after_wal_sync-d0db2028	prefix-074	732
main-btree	4	d0db2028	main-btree-w4-after_wal_sync-d0db2028	prefix-075	738
main-btree	4	d0db2028	main-btree-w4-after_wal_sync-d0db2028	prefix-076	744
main-btree	4	d0db2028	main-btree-w4-after_wal_sync-d0db2028	prefix-077	750
main-btree	4	d0db2028	main-btree-w4-after_wal_sync-d0db2028	prefix-078	756
main-btree	4	d0db2028	main-btree-w4-after_wal_sync-d0db2028	prefix-079	762
main-btree	4	d0db2028	main-btree-w4-after_wal_sync-d0db2028	prefix-080	768
main-btree	4	d0db2028	main-btree-w4-after_wal_sync-d0db2028	prefix-081	774
main-btree	4	d0db2028	main-btree-w4-after_wal_sync-d0db2028	prefix-082	780
main-btree	4	d0db2028	main-btree-w4-after_wal_sync-d0db2028	prefix-083	786
main-btree	4	d0db2028	main-btree-w4-after_wal_sync-d0db2028	prefix-084	792
main-btree	4	d0db2028	main-btree-w4-after_wal_sync-d0db2028	prefix-085	798
main-btree	4	d0db2028	main-btree-w4-after_wal_sync-d0db2028	prefix-086	804
main-btree	4	d0db2028	main-btree-w4-after_wal_sync-d0db2028	prefix-087	810
main-btree	4	d0db2028	main-btree-w4-after_wal_sync-d0db2028	prefix-088	816
main-btree	4	d0db2028	main-btree-w4-after_wal_sync-d0db2028	prefix-089	822
main-btree	4	d0db2028	main-btree-w4-after_wal_sync-d0db2028	prefix-090	828
main-btree	4	d0db2028	main-btree-w4-after_wal_sync-d0db2028	prefix-091	834
main-btree	4	d0db2028	main-btree-w4-after_wal_sync-d0db2028	prefix-092	840
main-btree	4	d0db2028	main-btree-w4-after_wal_sync-d0db2028	prefix-093	846
main-btree	4	d0db2028	main-btree-w4-after_wal_sync-d0db2028	prefix-094	852
main-btree	4	d0db2028	main-btree-w4-after_wal_sync-d0db2028	prefix-095	858
main-btree	4	d0db2028	main-btree-w4-after_wal_sync-d0db2028	prefix-096	864
main-btree	4	d0db2028	main-btree-w4-after_wal_sync-d0db2028	prefix-097	870
main-btree	4	d0db2028	main-btree-w4-after_wal_sync-d0db2028	prefix-098	876
main-btree	4	d0db2028	main-btree-w4-after_wal_sync-d0db2028	prefix-099	882
main-btree	4	d0db2028	main-btree-w4-after_wal_sync-d0db2028	prefix-100	888
main-btree	4	d0db2028	main-btree-w4-after_wal_sync-d0db2028	prefix-101	894
main-btree	4	d0db2028	main-btree-w4-after_wal_sync-d0db2028	prefix-102	900
main-btree	4	d0db2028	main-btree-w4-after_wal_sync-d0db2028	prefix-103	906
main-btree	4	d0db2028	main-btree-w4-after_wal_sync-d0db2028	prefix-104	912
main-btree	4	d0db2028	main-btree-w4-after_wal_sync-d0db2028	prefix-105	918
main-btree	4	d0db2028	main-btree-w4-after_wal_sync-d0db2028	prefix-106	924
main-btree	4	d0db2028	main-btree-w4-after_wal_sync-d0db2028	prefix-107	930
main-btree	4	d0db2028	main-btree-w4-after_wal_sync-d0db2028	prefix-108	936
main-btree	4	d0db2028	main-btree-w4-after_wal_sync-d0db2028	prefix-109	942
main-btree	4	d0db2028	main-btree-w4-after_wal_sync-d0db2028	prefix-110	948
main-btree	4	d0db2028	main-btree-w4-after_wal_sync-d0db2028	prefix-111	954
main-btree	4	d0db2028	main-btree-w4-after_wal_sync-d0db2028	prefix-112	960
main-btree	4	d0db2028	main-btree-w4-after_wal_sync-d0db2028	prefix-113	966
main-btree	4	d0db2028	main-btree-w4-after_wal_sync-d0db2028	prefix-114	972
main-btree	4	d0db2028	main-btree-w4-after_wal_sync-d0db2028	prefix-115	978
main-btree	4	d0db2028	main-btree-w4-after_wal_sync-d0db2028	prefix-116	984
main-btree	4	d0db2028	main-btree-w4-after_wal_sync-d0db2028	prefix-117	990
main-btree	4	d0db2028	main-btree-w4-after_wal_sync-d0db2028	prefix-118	996
main-btree	4	d0db2028	main-btree-w4-after_wal_sync-d0db2028	prefix-119	1002
main-btree	4	d0db2028	main-btree-w4-after_wal_sync-d0db2028	prefix-120	1008
main-btree	4	d0db2028	main-btree-w4-after_wal_sync-d0db2028	prefix-121	1014
main-btree	4	d0db2028	main-btree-w4-after_wal_sync-d0db2028	prefix-122	1020
main-btree	4	d0db2028	main-btree-w4-after_wal_sync-d0db2028	prefix-123	1026
main-btree	4	d0db2028	main-btree-w4-after_wal_sync-d0db2028	prefix-124	1032
main-btree	4	d0db2028	main-btree-w4-after_wal_sync-d0db2028	prefix-125	1038
main-btree	4	d0db2028	main-btree-w4-after_wal_sync-d0db2028	prefix-126	1044
main-btree	4	d0db2028	main-btree-w4-after_wal_sync-d0db2028	prefix-127	1050
main-btree	4	d0db2028	main-btree-w4-after_wal_sync-d0db2028	post-recovery	1059
main-btree	4	d0db2026	main-btree-w4-normal-d0db2026	seed	282
main-btree	4	d0db2026	main-btree-w4-normal-d0db2026	prefix-000	288
main-btree	4	d0db2026	main-btree-w4-normal-d0db2026	prefix-001	294
main-btree	4	d0db2026	main-btree-w4-normal-d0db2026	prefix-002	300
main-btree	4	d0db2026	main-btree-w4-normal-d0db2026	prefix-003	306
main-btree	4	d0db2026	main-btree-w4-normal-d0db2026	prefix-004	312
main-btree	4	d0db2026	main-btree-w4-normal-d0db2026	prefix-005	318
main-btree	4	d0db2026	main-btree-w4-normal-d0db2026	prefix-006	324
main-btree	4	d0db2026	main-btree-w4-normal-d0db2026	prefix-007	330
main-btree	4	d0db2026	main-btree-w4-normal-d0db2026	prefix-008	336
main-btree	4	d0db2026	main-btree-w4-normal-d0db2026	prefix-009	342
main-btree	4	d0db2026	main-btree-w4-normal-d0db2026	prefix-010	348
main-btree	4	d0db2026	main-btree-w4-normal-d0db2026	prefix-011	354
main-btree	4	d0db2026	main-btree-w4-normal-d0db2026	prefix-012	360
main-btree	4	d0db2026	main-btree-w4-normal-d0db2026	prefix-013	366
main-btree	4	d0db2026	main-btree-w4-normal-d0db2026	prefix-014	372
main-btree	4	d0db2026	main-btree-w4-normal-d0db2026	prefix-015	378
main-btree	4	d0db2026	main-btree-w4-normal-d0db2026	prefix-016	384
main-btree	4	d0db2026	main-btree-w4-normal-d0db2026	prefix-017	390
main-btree	4	d0db2026	main-btree-w4-normal-d0db2026	prefix-018	396
main-btree	4	d0db2026	main-btree-w4-normal-d0db2026	prefix-019	402
main-btree	4	d0db2026	main-btree-w4-normal-d0db2026	prefix-020	408
main-btree	4	d0db2026	main-btree-w4-normal-d0db2026	prefix-021	414
main-btree	4	d0db2026	main-btree-w4-normal-d0db2026	prefix-022	420
main-btree	4	d0db2026	main-btree-w4-normal-d0db2026	prefix-023	426
main-btree	4	d0db2026	main-btree-w4-normal-d0db2026	prefix-024	432
main-btree	4	d0db2026	main-btree-w4-normal-d0db2026	prefix-025	438
main-btree	4	d0db2026	main-btree-w4-normal-d0db2026	prefix-026	444
main-btree	4	d0db2026	main-btree-w4-normal-d0db2026	prefix-027	450
main-btree	4	d0db2026	main-btree-w4-normal-d0db2026	prefix-028	456
main-btree	4	d0db2026	main-btree-w4-normal-d0db2026	prefix-029	462
main-btree	4	d0db2026	main-btree-w4-normal-d0db2026	prefix-030	468
main-btree	4	d0db2026	main-btree-w4-normal-d0db2026	prefix-031	474
main-btree	4	d0db2026	main-btree-w4-normal-d0db2026	prefix-032	480
main-btree	4	d0db2026	main-btree-w4-normal-d0db2026	prefix-033	486
main-btree	4	d0db2026	main-btree-w4-normal-d0db2026	prefix-034	492
main-btree	4	d0db2026	main-btree-w4-normal-d0db2026	prefix-035	498
main-btree	4	d0db2026	main-btree-w4-normal-d0db2026	prefix-036	504
main-btree	4	d0db2026	main-btree-w4-normal-d0db2026	prefix-037	510
main-btree	4	d0db2026	main-btree-w4-normal-d0db2026	prefix-038	516
main-btree	4	d0db2026	main-btree-w4-normal-d0db2026	prefix-039	522
main-btree	4	d0db2026	main-btree-w4-normal-d0db2026	prefix-040	528
main-btree	4	d0db2026	main-btree-w4-normal-d0db2026	prefix-041	534
main-btree	4	d0db2026	main-btree-w4-normal-d0db2026	prefix-042	540
main-btree	4	d0db2026	main-btree-w4-normal-d0db2026	prefix-043	546
main-btree	4	d0db2026	main-btree-w4-normal-d0db2026	prefix-044	552
main-btree	4	d0db2026	main-btree-w4-normal-d0db2026	prefix-045	558
main-btree	4	d0db2026	main-btree-w4-normal-d0db2026	prefix-046	564
main-btree	4	d0db2026	main-btree-w4-normal-d0db2026	prefix-047	570
main-btree	4	d0db2026	main-btree-w4-normal-d0db2026	prefix-048	576
main-btree	4	d0db2026	main-btree-w4-normal-d0db2026	prefix-049	582
main-btree	4	d0db2026	main-btree-w4-normal-d0db2026	prefix-050	588
main-btree	4	d0db2026	main-btree-w4-normal-d0db2026	prefix-051	594
main-btree	4	d0db2026	main-btree-w4-normal-d0db2026	prefix-052	600
main-btree	4	d0db2026	main-btree-w4-normal-d0db2026	prefix-053	606
main-btree	4	d0db2026	main-btree-w4-normal-d0db2026	prefix-054	612
main-btree	4	d0db2026	main-btree-w4-normal-d0db2026	prefix-055	618
main-btree	4	d0db2026	main-btree-w4-normal-d0db2026	prefix-056	624
main-btree	4	d0db2026	main-btree-w4-normal-d0db2026	prefix-057	630
main-btree	4	d0db2026	main-btree-w4-normal-d0db2026	prefix-058	636
main-btree	4	d0db2026	main-btree-w4-normal-d0db2026	prefix-059	642
main-btree	4	d0db2026	main-btree-w4-normal-d0db2026	prefix-060	648
main-btree	4	d0db2026	main-btree-w4-normal-d0db2026	prefix-061	654
main-btree	4	d0db2026	main-btree-w4-normal-d0db2026	prefix-062	660
main-btree	4	d0db2026	main-btree-w4-normal-d0db2026	prefix-063	666
main-btree	4	d0db2026	main-btree-w4-normal-d0db2026	prefix-064	672
main-btree	4	d0db2026	main-btree-w4-normal-d0db2026	prefix-065	678
main-btree	4	d0db2026	main-btree-w4-normal-d0db2026	prefix-066	684
main-btree	4	d0db2026	main-btree-w4-normal-d0db2026	prefix-067	690
main-btree	4	d0db2026	main-btree-w4-normal-d0db2026	prefix-068	696
main-btree	4	d0db2026	main-btree-w4-normal-d0db2026	prefix-069	702
main-btree	4	d0db2026	main-btree-w4-normal-d0db2026	prefix-070	708
main-btree	4	d0db2026	main-btree-w4-normal-d0db2026	prefix-071	714
main-btree	4	d0db2026	main-btree-w4-normal-d0db2026	prefix-072	720
main-btree	4	d0db2026	main-btree-w4-normal-d0db2026	prefix-073	726
main-btree	4	d0db2026	main-btree-w4-normal-d0db2026	prefix-074	732
main-btree	4	d0db2026	main-btree-w4-normal-d0db2026	prefix-075	738
main-btree	4	d0db2026	main-btree-w4-normal-d0db2026	prefix-076	744
main-btree	4	d0db2026	main-btree-w4-normal-d0db2026	prefix-077	750
main-btree	4	d0db2026	main-btree-w4-normal-d0db2026	prefix-078	756
main-btree	4	d0db2026	main-btree-w4-normal-d0db2026	prefix-079	762
main-btree	4	d0db2026	main-btree-w4-normal-d0db2026	prefix-080	768
main-btree	4	d0db2026	main-btree-w4-normal-d0db2026	prefix-081	774
main-btree	4	d0db2026	main-btree-w4-normal-d0db2026	prefix-082	780
main-btree	4	d0db2026	main-btree-w4-normal-d0db2026	prefix-083	786
main-btree	4	d0db2026	main-btree-w4-normal-d0db2026	prefix-084	792
main-btree	4	d0db2026	main-btree-w4-normal-d0db2026	prefix-085	798
main-btree	4	d0db2026	main-btree-w4-normal-d0db2026	prefix-086	804
main-btree	4	d0db2026	main-btree-w4-normal-d0db2026	prefix-087	810
main-btree	4	d0db2026	main-btree-w4-normal-d0db2026	prefix-088	816
main-btree	4	d0db2026	main-btree-w4-normal-d0db2026	prefix-089	822
main-btree	4	d0db2026	main-btree-w4-normal-d0db2026	prefix-090	828
main-btree	4	d0db2026	main-btree-w4-normal-d0db2026	prefix-091	834
main-btree	4	d0db2026	main-btree-w4-normal-d0db2026	prefix-092	840
main-btree	4	d0db2026	main-btree-w4-normal-d0db2026	prefix-093	846
main-btree	4	d0db2026	main-btree-w4-normal-d0db2026	prefix-094	852
main-btree	4	d0db2026	main-btree-w4-normal-d0db2026	prefix-095	858
main-btree	4	d0db2026	main-btree-w4-normal-d0db2026	prefix-096	864
main-btree	4	d0db2026	main-btree-w4-normal-d0db2026	prefix-097	870
main-btree	4	d0db2026	main-btree-w4-normal-d0db2026	prefix-098	876
main-btree	4	d0db2026	main-btree-w4-normal-d0db2026	prefix-099	882
main-btree	4	d0db2026	main-btree-w4-normal-d0db2026	prefix-100	888
main-btree	4	d0db2026	main-btree-w4-normal-d0db2026	prefix-101	894
main-btree	4	d0db2026	main-btree-w4-normal-d0db2026	prefix-102	900
main-btree	4	d0db2026	main-btree-w4-normal-d0db2026	prefix-103	906
main-btree	4	d0db2026	main-btree-w4-normal-d0db2026	prefix-104	912
main-btree	4	d0db2026	main-btree-w4-normal-d0db2026	prefix-105	918
main-btree	4	d0db2026	main-btree-w4-normal-d0db2026	prefix-106	924
main-btree	4	d0db2026	main-btree-w4-normal-d0db2026	prefix-107	930
main-btree	4	d0db2026	main-btree-w4-normal-d0db2026	prefix-108	936
main-btree	4	d0db2026	main-btree-w4-normal-d0db2026	prefix-109	942
main-btree	4	d0db2026	main-btree-w4-normal-d0db2026	prefix-110	948
main-btree	4	d0db2026	main-btree-w4-normal-d0db2026	prefix-111	954
main-btree	4	d0db2026	main-btree-w4-normal-d0db2026	prefix-112	960
main-btree	4	d0db2026	main-btree-w4-normal-d0db2026	prefix-113	966
main-btree	4	d0db2026	main-btree-w4-normal-d0db2026	prefix-114	972
main-btree	4	d0db2026	main-btree-w4-normal-d0db2026	prefix-115	978
main-btree	4	d0db2026	main-btree-w4-normal-d0db2026	prefix-116	984
main-btree	4	d0db2026	main-btree-w4-normal-d0db2026	prefix-117	990
main-btree	4	d0db2026	main-btree-w4-normal-d0db2026	prefix-118	996
main-btree	4	d0db2026	main-btree-w4-normal-d0db2026	prefix-119	1002
main-btree	4	d0db2026	main-btree-w4-normal-d0db2026	prefix-120	1008
main-btree	4	d0db2026	main-btree-w4-normal-d0db2026	prefix-121	1014
main-btree	4	d0db2026	main-btree-w4-normal-d0db2026	prefix-122	1020
main-btree	4	d0db2026	main-btree-w4-normal-d0db2026	prefix-123	1026
main-btree	4	d0db2026	main-btree-w4-normal-d0db2026	prefix-124	1032
main-btree	4	d0db2026	main-btree-w4-normal-d0db2026	prefix-125	1038
main-btree	4	d0db2026	main-btree-w4-normal-d0db2026	prefix-126	1044
main-btree	4	d0db2026	main-btree-w4-normal-d0db2026	prefix-127	1050
main-btree	4	d0db2026	main-btree-w4-normal-d0db2026	target	1056
main-btree	4	d0db2026	main-btree-w4-normal-d0db2026	post-recovery	1059
main-btree	8	d0db2026	main-btree-w8-returned-d0db2026	seed	282
main-btree	8	d0db2026	main-btree-w8-returned-d0db2026	prefix-000	292
main-btree	8	d0db2026	main-btree-w8-returned-d0db2026	prefix-001	302
main-btree	8	d0db2026	main-btree-w8-returned-d0db2026	prefix-002	312
main-btree	8	d0db2026	main-btree-w8-returned-d0db2026	prefix-003	322
main-btree	8	d0db2026	main-btree-w8-returned-d0db2026	prefix-004	332
main-btree	8	d0db2026	main-btree-w8-returned-d0db2026	prefix-005	342
main-btree	8	d0db2026	main-btree-w8-returned-d0db2026	prefix-006	352
main-btree	8	d0db2026	main-btree-w8-returned-d0db2026	prefix-007	362
main-btree	8	d0db2026	main-btree-w8-returned-d0db2026	prefix-008	372
main-btree	8	d0db2026	main-btree-w8-returned-d0db2026	prefix-009	382
main-btree	8	d0db2026	main-btree-w8-returned-d0db2026	prefix-010	392
main-btree	8	d0db2026	main-btree-w8-returned-d0db2026	prefix-011	402
main-btree	8	d0db2026	main-btree-w8-returned-d0db2026	prefix-012	412
main-btree	8	d0db2026	main-btree-w8-returned-d0db2026	prefix-013	422
main-btree	8	d0db2026	main-btree-w8-returned-d0db2026	prefix-014	432
main-btree	8	d0db2026	main-btree-w8-returned-d0db2026	prefix-015	442
main-btree	8	d0db2026	main-btree-w8-returned-d0db2026	prefix-016	452
main-btree	8	d0db2026	main-btree-w8-returned-d0db2026	prefix-017	462
main-btree	8	d0db2026	main-btree-w8-returned-d0db2026	prefix-018	472
main-btree	8	d0db2026	main-btree-w8-returned-d0db2026	prefix-019	482
main-btree	8	d0db2026	main-btree-w8-returned-d0db2026	prefix-020	492
main-btree	8	d0db2026	main-btree-w8-returned-d0db2026	prefix-021	502
main-btree	8	d0db2026	main-btree-w8-returned-d0db2026	prefix-022	512
main-btree	8	d0db2026	main-btree-w8-returned-d0db2026	prefix-023	522
main-btree	8	d0db2026	main-btree-w8-returned-d0db2026	prefix-024	532
main-btree	8	d0db2026	main-btree-w8-returned-d0db2026	prefix-025	542
main-btree	8	d0db2026	main-btree-w8-returned-d0db2026	prefix-026	552
main-btree	8	d0db2026	main-btree-w8-returned-d0db2026	prefix-027	562
main-btree	8	d0db2026	main-btree-w8-returned-d0db2026	prefix-028	572
main-btree	8	d0db2026	main-btree-w8-returned-d0db2026	prefix-029	582
main-btree	8	d0db2026	main-btree-w8-returned-d0db2026	prefix-030	592
main-btree	8	d0db2026	main-btree-w8-returned-d0db2026	prefix-031	602
main-btree	8	d0db2026	main-btree-w8-returned-d0db2026	prefix-032	612
main-btree	8	d0db2026	main-btree-w8-returned-d0db2026	prefix-033	622
main-btree	8	d0db2026	main-btree-w8-returned-d0db2026	prefix-034	632
main-btree	8	d0db2026	main-btree-w8-returned-d0db2026	prefix-035	642
main-btree	8	d0db2026	main-btree-w8-returned-d0db2026	prefix-036	652
main-btree	8	d0db2026	main-btree-w8-returned-d0db2026	prefix-037	662
main-btree	8	d0db2026	main-btree-w8-returned-d0db2026	prefix-038	672
main-btree	8	d0db2026	main-btree-w8-returned-d0db2026	prefix-039	682
main-btree	8	d0db2026	main-btree-w8-returned-d0db2026	prefix-040	692
main-btree	8	d0db2026	main-btree-w8-returned-d0db2026	prefix-041	702
main-btree	8	d0db2026	main-btree-w8-returned-d0db2026	prefix-042	712
main-btree	8	d0db2026	main-btree-w8-returned-d0db2026	prefix-043	722
main-btree	8	d0db2026	main-btree-w8-returned-d0db2026	prefix-044	732
main-btree	8	d0db2026	main-btree-w8-returned-d0db2026	prefix-045	742
main-btree	8	d0db2026	main-btree-w8-returned-d0db2026	prefix-046	752
main-btree	8	d0db2026	main-btree-w8-returned-d0db2026	prefix-047	762
main-btree	8	d0db2026	main-btree-w8-returned-d0db2026	prefix-048	772
main-btree	8	d0db2026	main-btree-w8-returned-d0db2026	prefix-049	782
main-btree	8	d0db2026	main-btree-w8-returned-d0db2026	prefix-050	792
main-btree	8	d0db2026	main-btree-w8-returned-d0db2026	prefix-051	802
main-btree	8	d0db2026	main-btree-w8-returned-d0db2026	prefix-052	812
main-btree	8	d0db2026	main-btree-w8-returned-d0db2026	prefix-053	822
main-btree	8	d0db2026	main-btree-w8-returned-d0db2026	prefix-054	832
main-btree	8	d0db2026	main-btree-w8-returned-d0db2026	prefix-055	842
main-btree	8	d0db2026	main-btree-w8-returned-d0db2026	prefix-056	852
main-btree	8	d0db2026	main-btree-w8-returned-d0db2026	prefix-057	862
main-btree	8	d0db2026	main-btree-w8-returned-d0db2026	prefix-058	872
main-btree	8	d0db2026	main-btree-w8-returned-d0db2026	prefix-059	882
main-btree	8	d0db2026	main-btree-w8-returned-d0db2026	prefix-060	892
main-btree	8	d0db2026	main-btree-w8-returned-d0db2026	prefix-061	902
main-btree	8	d0db2026	main-btree-w8-returned-d0db2026	prefix-062	912
main-btree	8	d0db2026	main-btree-w8-returned-d0db2026	prefix-063	922
main-btree	8	d0db2026	main-btree-w8-returned-d0db2026	prefix-064	932
main-btree	8	d0db2026	main-btree-w8-returned-d0db2026	prefix-065	942
main-btree	8	d0db2026	main-btree-w8-returned-d0db2026	prefix-066	952
main-btree	8	d0db2026	main-btree-w8-returned-d0db2026	prefix-067	962
main-btree	8	d0db2026	main-btree-w8-returned-d0db2026	prefix-068	972
main-btree	8	d0db2026	main-btree-w8-returned-d0db2026	prefix-069	982
main-btree	8	d0db2026	main-btree-w8-returned-d0db2026	prefix-070	992
main-btree	8	d0db2026	main-btree-w8-returned-d0db2026	prefix-071	1002
main-btree	8	d0db2026	main-btree-w8-returned-d0db2026	prefix-072	1012
main-btree	8	d0db2026	main-btree-w8-returned-d0db2026	prefix-073	1022
main-btree	8	d0db2026	main-btree-w8-returned-d0db2026	prefix-074	1032
main-btree	8	d0db2026	main-btree-w8-returned-d0db2026	prefix-075	1042
main-btree	8	d0db2026	main-btree-w8-returned-d0db2026	prefix-076	1052
main-btree	8	d0db2026	main-btree-w8-returned-d0db2026	prefix-077	1062
main-btree	8	d0db2026	main-btree-w8-returned-d0db2026	prefix-078	1072
main-btree	8	d0db2026	main-btree-w8-returned-d0db2026	prefix-079	1082
main-btree	8	d0db2026	main-btree-w8-returned-d0db2026	prefix-080	1092
main-btree	8	d0db2026	main-btree-w8-returned-d0db2026	prefix-081	1102
main-btree	8	d0db2026	main-btree-w8-returned-d0db2026	prefix-082	1112
main-btree	8	d0db2026	main-btree-w8-returned-d0db2026	prefix-083	1122
main-btree	8	d0db2026	main-btree-w8-returned-d0db2026	prefix-084	1132
main-btree	8	d0db2026	main-btree-w8-returned-d0db2026	prefix-085	1142
main-btree	8	d0db2026	main-btree-w8-returned-d0db2026	prefix-086	1152
main-btree	8	d0db2026	main-btree-w8-returned-d0db2026	prefix-087	1162
main-btree	8	d0db2026	main-btree-w8-returned-d0db2026	prefix-088	1172
main-btree	8	d0db2026	main-btree-w8-returned-d0db2026	prefix-089	1182
main-btree	8	d0db2026	main-btree-w8-returned-d0db2026	prefix-090	1192
main-btree	8	d0db2026	main-btree-w8-returned-d0db2026	prefix-091	1202
main-btree	8	d0db2026	main-btree-w8-returned-d0db2026	prefix-092	1212
main-btree	8	d0db2026	main-btree-w8-returned-d0db2026	prefix-093	1222
main-btree	8	d0db2026	main-btree-w8-returned-d0db2026	prefix-094	1232
main-btree	8	d0db2026	main-btree-w8-returned-d0db2026	prefix-095	1242
main-btree	8	d0db2026	main-btree-w8-returned-d0db2026	prefix-096	1252
main-btree	8	d0db2026	main-btree-w8-returned-d0db2026	prefix-097	1262
main-btree	8	d0db2026	main-btree-w8-returned-d0db2026	prefix-098	1272
main-btree	8	d0db2026	main-btree-w8-returned-d0db2026	prefix-099	1282
main-btree	8	d0db2026	main-btree-w8-returned-d0db2026	prefix-100	1292
main-btree	8	d0db2026	main-btree-w8-returned-d0db2026	prefix-101	1302
main-btree	8	d0db2026	main-btree-w8-returned-d0db2026	prefix-102	1312
main-btree	8	d0db2026	main-btree-w8-returned-d0db2026	prefix-103	1322
main-btree	8	d0db2026	main-btree-w8-returned-d0db2026	prefix-104	1332
main-btree	8	d0db2026	main-btree-w8-returned-d0db2026	prefix-105	1342
main-btree	8	d0db2026	main-btree-w8-returned-d0db2026	prefix-106	1352
main-btree	8	d0db2026	main-btree-w8-returned-d0db2026	prefix-107	1362
main-btree	8	d0db2026	main-btree-w8-returned-d0db2026	prefix-108	1372
main-btree	8	d0db2026	main-btree-w8-returned-d0db2026	prefix-109	1382
main-btree	8	d0db2026	main-btree-w8-returned-d0db2026	prefix-110	1392
main-btree	8	d0db2026	main-btree-w8-returned-d0db2026	prefix-111	1402
main-btree	8	d0db2026	main-btree-w8-returned-d0db2026	prefix-112	1412
main-btree	8	d0db2026	main-btree-w8-returned-d0db2026	prefix-113	1422
main-btree	8	d0db2026	main-btree-w8-returned-d0db2026	prefix-114	1432
main-btree	8	d0db2026	main-btree-w8-returned-d0db2026	prefix-115	1442
main-btree	8	d0db2026	main-btree-w8-returned-d0db2026	prefix-116	1452
main-btree	8	d0db2026	main-btree-w8-returned-d0db2026	prefix-117	1462
main-btree	8	d0db2026	main-btree-w8-returned-d0db2026	prefix-118	1472
main-btree	8	d0db2026	main-btree-w8-returned-d0db2026	prefix-119	1482
main-btree	8	d0db2026	main-btree-w8-returned-d0db2026	prefix-120	1492
main-btree	8	d0db2026	main-btree-w8-returned-d0db2026	prefix-121	1502
main-btree	8	d0db2026	main-btree-w8-returned-d0db2026	prefix-122	1512
main-btree	8	d0db2026	main-btree-w8-returned-d0db2026	prefix-123	1522
main-btree	8	d0db2026	main-btree-w8-returned-d0db2026	prefix-124	1532
main-btree	8	d0db2026	main-btree-w8-returned-d0db2026	prefix-125	1542
main-btree	8	d0db2026	main-btree-w8-returned-d0db2026	prefix-126	1552
main-btree	8	d0db2026	main-btree-w8-returned-d0db2026	prefix-127	1562
main-btree	8	d0db2026	main-btree-w8-returned-d0db2026	target	1572
main-btree	8	d0db2026	main-btree-w8-returned-d0db2026	post-recovery	1575
main-btree	8	d0db2027	main-btree-w8-returned-d0db2027	seed	282
main-btree	8	d0db2027	main-btree-w8-returned-d0db2027	prefix-000	292
main-btree	8	d0db2027	main-btree-w8-returned-d0db2027	prefix-001	302
main-btree	8	d0db2027	main-btree-w8-returned-d0db2027	prefix-002	312
main-btree	8	d0db2027	main-btree-w8-returned-d0db2027	prefix-003	322
main-btree	8	d0db2027	main-btree-w8-returned-d0db2027	prefix-004	332
main-btree	8	d0db2027	main-btree-w8-returned-d0db2027	prefix-005	342
main-btree	8	d0db2027	main-btree-w8-returned-d0db2027	prefix-006	352
main-btree	8	d0db2027	main-btree-w8-returned-d0db2027	prefix-007	362
main-btree	8	d0db2027	main-btree-w8-returned-d0db2027	prefix-008	372
main-btree	8	d0db2027	main-btree-w8-returned-d0db2027	prefix-009	382
main-btree	8	d0db2027	main-btree-w8-returned-d0db2027	prefix-010	392
main-btree	8	d0db2027	main-btree-w8-returned-d0db2027	prefix-011	402
main-btree	8	d0db2027	main-btree-w8-returned-d0db2027	prefix-012	412
main-btree	8	d0db2027	main-btree-w8-returned-d0db2027	prefix-013	422
main-btree	8	d0db2027	main-btree-w8-returned-d0db2027	prefix-014	432
main-btree	8	d0db2027	main-btree-w8-returned-d0db2027	prefix-015	442
main-btree	8	d0db2027	main-btree-w8-returned-d0db2027	prefix-016	452
main-btree	8	d0db2027	main-btree-w8-returned-d0db2027	prefix-017	462
main-btree	8	d0db2027	main-btree-w8-returned-d0db2027	prefix-018	472
main-btree	8	d0db2027	main-btree-w8-returned-d0db2027	prefix-019	482
main-btree	8	d0db2027	main-btree-w8-returned-d0db2027	prefix-020	492
main-btree	8	d0db2027	main-btree-w8-returned-d0db2027	prefix-021	502
main-btree	8	d0db2027	main-btree-w8-returned-d0db2027	prefix-022	512
main-btree	8	d0db2027	main-btree-w8-returned-d0db2027	prefix-023	522
main-btree	8	d0db2027	main-btree-w8-returned-d0db2027	prefix-024	532
main-btree	8	d0db2027	main-btree-w8-returned-d0db2027	prefix-025	542
main-btree	8	d0db2027	main-btree-w8-returned-d0db2027	prefix-026	552
main-btree	8	d0db2027	main-btree-w8-returned-d0db2027	prefix-027	562
main-btree	8	d0db2027	main-btree-w8-returned-d0db2027	prefix-028	572
main-btree	8	d0db2027	main-btree-w8-returned-d0db2027	prefix-029	582
main-btree	8	d0db2027	main-btree-w8-returned-d0db2027	prefix-030	592
main-btree	8	d0db2027	main-btree-w8-returned-d0db2027	prefix-031	602
main-btree	8	d0db2027	main-btree-w8-returned-d0db2027	prefix-032	612
main-btree	8	d0db2027	main-btree-w8-returned-d0db2027	prefix-033	622
main-btree	8	d0db2027	main-btree-w8-returned-d0db2027	prefix-034	632
main-btree	8	d0db2027	main-btree-w8-returned-d0db2027	prefix-035	642
main-btree	8	d0db2027	main-btree-w8-returned-d0db2027	prefix-036	652
main-btree	8	d0db2027	main-btree-w8-returned-d0db2027	prefix-037	662
main-btree	8	d0db2027	main-btree-w8-returned-d0db2027	prefix-038	672
main-btree	8	d0db2027	main-btree-w8-returned-d0db2027	prefix-039	682
main-btree	8	d0db2027	main-btree-w8-returned-d0db2027	prefix-040	692
main-btree	8	d0db2027	main-btree-w8-returned-d0db2027	prefix-041	702
main-btree	8	d0db2027	main-btree-w8-returned-d0db2027	prefix-042	712
main-btree	8	d0db2027	main-btree-w8-returned-d0db2027	prefix-043	722
main-btree	8	d0db2027	main-btree-w8-returned-d0db2027	prefix-044	732
main-btree	8	d0db2027	main-btree-w8-returned-d0db2027	prefix-045	742
main-btree	8	d0db2027	main-btree-w8-returned-d0db2027	prefix-046	752
main-btree	8	d0db2027	main-btree-w8-returned-d0db2027	prefix-047	762
main-btree	8	d0db2027	main-btree-w8-returned-d0db2027	prefix-048	772
main-btree	8	d0db2027	main-btree-w8-returned-d0db2027	prefix-049	782
main-btree	8	d0db2027	main-btree-w8-returned-d0db2027	prefix-050	792
main-btree	8	d0db2027	main-btree-w8-returned-d0db2027	prefix-051	802
main-btree	8	d0db2027	main-btree-w8-returned-d0db2027	prefix-052	812
main-btree	8	d0db2027	main-btree-w8-returned-d0db2027	prefix-053	822
main-btree	8	d0db2027	main-btree-w8-returned-d0db2027	prefix-054	832
main-btree	8	d0db2027	main-btree-w8-returned-d0db2027	prefix-055	842
main-btree	8	d0db2027	main-btree-w8-returned-d0db2027	prefix-056	852
main-btree	8	d0db2027	main-btree-w8-returned-d0db2027	prefix-057	862
main-btree	8	d0db2027	main-btree-w8-returned-d0db2027	prefix-058	872
main-btree	8	d0db2027	main-btree-w8-returned-d0db2027	prefix-059	882
main-btree	8	d0db2027	main-btree-w8-returned-d0db2027	prefix-060	892
main-btree	8	d0db2027	main-btree-w8-returned-d0db2027	prefix-061	902
main-btree	8	d0db2027	main-btree-w8-returned-d0db2027	prefix-062	912
main-btree	8	d0db2027	main-btree-w8-returned-d0db2027	prefix-063	922
main-btree	8	d0db2027	main-btree-w8-returned-d0db2027	prefix-064	932
main-btree	8	d0db2027	main-btree-w8-returned-d0db2027	prefix-065	942
main-btree	8	d0db2027	main-btree-w8-returned-d0db2027	prefix-066	952
main-btree	8	d0db2027	main-btree-w8-returned-d0db2027	prefix-067	962
main-btree	8	d0db2027	main-btree-w8-returned-d0db2027	prefix-068	972
main-btree	8	d0db2027	main-btree-w8-returned-d0db2027	prefix-069	982
main-btree	8	d0db2027	main-btree-w8-returned-d0db2027	prefix-070	992
main-btree	8	d0db2027	main-btree-w8-returned-d0db2027	prefix-071	1002
main-btree	8	d0db2027	main-btree-w8-returned-d0db2027	prefix-072	1012
main-btree	8	d0db2027	main-btree-w8-returned-d0db2027	prefix-073	1022
main-btree	8	d0db2027	main-btree-w8-returned-d0db2027	prefix-074	1032
main-btree	8	d0db2027	main-btree-w8-returned-d0db2027	prefix-075	1042
main-btree	8	d0db2027	main-btree-w8-returned-d0db2027	prefix-076	1052
main-btree	8	d0db2027	main-btree-w8-returned-d0db2027	prefix-077	1062
main-btree	8	d0db2027	main-btree-w8-returned-d0db2027	prefix-078	1072
main-btree	8	d0db2027	main-btree-w8-returned-d0db2027	prefix-079	1082
main-btree	8	d0db2027	main-btree-w8-returned-d0db2027	prefix-080	1092
main-btree	8	d0db2027	main-btree-w8-returned-d0db2027	prefix-081	1102
main-btree	8	d0db2027	main-btree-w8-returned-d0db2027	prefix-082	1112
main-btree	8	d0db2027	main-btree-w8-returned-d0db2027	prefix-083	1122
main-btree	8	d0db2027	main-btree-w8-returned-d0db2027	prefix-084	1132
main-btree	8	d0db2027	main-btree-w8-returned-d0db2027	prefix-085	1142
main-btree	8	d0db2027	main-btree-w8-returned-d0db2027	prefix-086	1152
main-btree	8	d0db2027	main-btree-w8-returned-d0db2027	prefix-087	1162
main-btree	8	d0db2027	main-btree-w8-returned-d0db2027	prefix-088	1172
main-btree	8	d0db2027	main-btree-w8-returned-d0db2027	prefix-089	1182
main-btree	8	d0db2027	main-btree-w8-returned-d0db2027	prefix-090	1192
main-btree	8	d0db2027	main-btree-w8-returned-d0db2027	prefix-091	1202
main-btree	8	d0db2027	main-btree-w8-returned-d0db2027	prefix-092	1212
main-btree	8	d0db2027	main-btree-w8-returned-d0db2027	prefix-093	1222
main-btree	8	d0db2027	main-btree-w8-returned-d0db2027	prefix-094	1232
main-btree	8	d0db2027	main-btree-w8-returned-d0db2027	prefix-095	1242
main-btree	8	d0db2027	main-btree-w8-returned-d0db2027	prefix-096	1252
main-btree	8	d0db2027	main-btree-w8-returned-d0db2027	prefix-097	1262
main-btree	8	d0db2027	main-btree-w8-returned-d0db2027	prefix-098	1272
main-btree	8	d0db2027	main-btree-w8-returned-d0db2027	prefix-099	1282
main-btree	8	d0db2027	main-btree-w8-returned-d0db2027	prefix-100	1292
main-btree	8	d0db2027	main-btree-w8-returned-d0db2027	prefix-101	1302
main-btree	8	d0db2027	main-btree-w8-returned-d0db2027	prefix-102	1312
main-btree	8	d0db2027	main-btree-w8-returned-d0db2027	prefix-103	1322
main-btree	8	d0db2027	main-btree-w8-returned-d0db2027	prefix-104	1332
main-btree	8	d0db2027	main-btree-w8-returned-d0db2027	prefix-105	1342
main-btree	8	d0db2027	main-btree-w8-returned-d0db2027	prefix-106	1352
main-btree	8	d0db2027	main-btree-w8-returned-d0db2027	prefix-107	1362
main-btree	8	d0db2027	main-btree-w8-returned-d0db2027	prefix-108	1372
main-btree	8	d0db2027	main-btree-w8-returned-d0db2027	prefix-109	1382
main-btree	8	d0db2027	main-btree-w8-returned-d0db2027	prefix-110	1392
main-btree	8	d0db2027	main-btree-w8-returned-d0db2027	prefix-111	1402
main-btree	8	d0db2027	main-btree-w8-returned-d0db2027	prefix-112	1412
main-btree	8	d0db2027	main-btree-w8-returned-d0db2027	prefix-113	1422
main-btree	8	d0db2027	main-btree-w8-returned-d0db2027	prefix-114	1432
main-btree	8	d0db2027	main-btree-w8-returned-d0db2027	prefix-115	1442
main-btree	8	d0db2027	main-btree-w8-returned-d0db2027	prefix-116	1452
main-btree	8	d0db2027	main-btree-w8-returned-d0db2027	prefix-117	1462
main-btree	8	d0db2027	main-btree-w8-returned-d0db2027	prefix-118	1472
main-btree	8	d0db2027	main-btree-w8-returned-d0db2027	prefix-119	1482
main-btree	8	d0db2027	main-btree-w8-returned-d0db2027	prefix-120	1492
main-btree	8	d0db2027	main-btree-w8-returned-d0db2027	prefix-121	1502
main-btree	8	d0db2027	main-btree-w8-returned-d0db2027	prefix-122	1512
main-btree	8	d0db2027	main-btree-w8-returned-d0db2027	prefix-123	1522
main-btree	8	d0db2027	main-btree-w8-returned-d0db2027	prefix-124	1532
main-btree	8	d0db2027	main-btree-w8-returned-d0db2027	prefix-125	1542
main-btree	8	d0db2027	main-btree-w8-returned-d0db2027	prefix-126	1552
main-btree	8	d0db2027	main-btree-w8-returned-d0db2027	prefix-127	1562
main-btree	8	d0db2027	main-btree-w8-returned-d0db2027	target	1572
main-btree	8	d0db2027	main-btree-w8-returned-d0db2027	post-recovery	1575
main-btree	8	d0db2028	main-btree-w8-returned-d0db2028	seed	282
main-btree	8	d0db2028	main-btree-w8-returned-d0db2028	prefix-000	292
main-btree	8	d0db2028	main-btree-w8-returned-d0db2028	prefix-001	302
main-btree	8	d0db2028	main-btree-w8-returned-d0db2028	prefix-002	312
main-btree	8	d0db2028	main-btree-w8-returned-d0db2028	prefix-003	322
main-btree	8	d0db2028	main-btree-w8-returned-d0db2028	prefix-004	332
main-btree	8	d0db2028	main-btree-w8-returned-d0db2028	prefix-005	342
main-btree	8	d0db2028	main-btree-w8-returned-d0db2028	prefix-006	352
main-btree	8	d0db2028	main-btree-w8-returned-d0db2028	prefix-007	362
main-btree	8	d0db2028	main-btree-w8-returned-d0db2028	prefix-008	372
main-btree	8	d0db2028	main-btree-w8-returned-d0db2028	prefix-009	382
main-btree	8	d0db2028	main-btree-w8-returned-d0db2028	prefix-010	392
main-btree	8	d0db2028	main-btree-w8-returned-d0db2028	prefix-011	402
main-btree	8	d0db2028	main-btree-w8-returned-d0db2028	prefix-012	412
main-btree	8	d0db2028	main-btree-w8-returned-d0db2028	prefix-013	422
main-btree	8	d0db2028	main-btree-w8-returned-d0db2028	prefix-014	432
main-btree	8	d0db2028	main-btree-w8-returned-d0db2028	prefix-015	442
main-btree	8	d0db2028	main-btree-w8-returned-d0db2028	prefix-016	452
main-btree	8	d0db2028	main-btree-w8-returned-d0db2028	prefix-017	462
main-btree	8	d0db2028	main-btree-w8-returned-d0db2028	prefix-018	472
main-btree	8	d0db2028	main-btree-w8-returned-d0db2028	prefix-019	482
main-btree	8	d0db2028	main-btree-w8-returned-d0db2028	prefix-020	492
main-btree	8	d0db2028	main-btree-w8-returned-d0db2028	prefix-021	502
main-btree	8	d0db2028	main-btree-w8-returned-d0db2028	prefix-022	512
main-btree	8	d0db2028	main-btree-w8-returned-d0db2028	prefix-023	522
main-btree	8	d0db2028	main-btree-w8-returned-d0db2028	prefix-024	532
main-btree	8	d0db2028	main-btree-w8-returned-d0db2028	prefix-025	542
main-btree	8	d0db2028	main-btree-w8-returned-d0db2028	prefix-026	552
main-btree	8	d0db2028	main-btree-w8-returned-d0db2028	prefix-027	562
main-btree	8	d0db2028	main-btree-w8-returned-d0db2028	prefix-028	572
main-btree	8	d0db2028	main-btree-w8-returned-d0db2028	prefix-029	582
main-btree	8	d0db2028	main-btree-w8-returned-d0db2028	prefix-030	592
main-btree	8	d0db2028	main-btree-w8-returned-d0db2028	prefix-031	602
main-btree	8	d0db2028	main-btree-w8-returned-d0db2028	prefix-032	612
main-btree	8	d0db2028	main-btree-w8-returned-d0db2028	prefix-033	622
main-btree	8	d0db2028	main-btree-w8-returned-d0db2028	prefix-034	632
main-btree	8	d0db2028	main-btree-w8-returned-d0db2028	prefix-035	642
main-btree	8	d0db2028	main-btree-w8-returned-d0db2028	prefix-036	652
main-btree	8	d0db2028	main-btree-w8-returned-d0db2028	prefix-037	662
main-btree	8	d0db2028	main-btree-w8-returned-d0db2028	prefix-038	672
main-btree	8	d0db2028	main-btree-w8-returned-d0db2028	prefix-039	682
main-btree	8	d0db2028	main-btree-w8-returned-d0db2028	prefix-040	692
main-btree	8	d0db2028	main-btree-w8-returned-d0db2028	prefix-041	702
main-btree	8	d0db2028	main-btree-w8-returned-d0db2028	prefix-042	712
main-btree	8	d0db2028	main-btree-w8-returned-d0db2028	prefix-043	722
main-btree	8	d0db2028	main-btree-w8-returned-d0db2028	prefix-044	732
main-btree	8	d0db2028	main-btree-w8-returned-d0db2028	prefix-045	742
main-btree	8	d0db2028	main-btree-w8-returned-d0db2028	prefix-046	752
main-btree	8	d0db2028	main-btree-w8-returned-d0db2028	prefix-047	762
main-btree	8	d0db2028	main-btree-w8-returned-d0db2028	prefix-048	772
main-btree	8	d0db2028	main-btree-w8-returned-d0db2028	prefix-049	782
main-btree	8	d0db2028	main-btree-w8-returned-d0db2028	prefix-050	792
main-btree	8	d0db2028	main-btree-w8-returned-d0db2028	prefix-051	802
main-btree	8	d0db2028	main-btree-w8-returned-d0db2028	prefix-052	812
main-btree	8	d0db2028	main-btree-w8-returned-d0db2028	prefix-053	822
main-btree	8	d0db2028	main-btree-w8-returned-d0db2028	prefix-054	832
main-btree	8	d0db2028	main-btree-w8-returned-d0db2028	prefix-055	842
main-btree	8	d0db2028	main-btree-w8-returned-d0db2028	prefix-056	852
main-btree	8	d0db2028	main-btree-w8-returned-d0db2028	prefix-057	862
main-btree	8	d0db2028	main-btree-w8-returned-d0db2028	prefix-058	872
main-btree	8	d0db2028	main-btree-w8-returned-d0db2028	prefix-059	882
main-btree	8	d0db2028	main-btree-w8-returned-d0db2028	prefix-060	892
main-btree	8	d0db2028	main-btree-w8-returned-d0db2028	prefix-061	902
main-btree	8	d0db2028	main-btree-w8-returned-d0db2028	prefix-062	912
main-btree	8	d0db2028	main-btree-w8-returned-d0db2028	prefix-063	922
main-btree	8	d0db2028	main-btree-w8-returned-d0db2028	prefix-064	932
main-btree	8	d0db2028	main-btree-w8-returned-d0db2028	prefix-065	942
main-btree	8	d0db2028	main-btree-w8-returned-d0db2028	prefix-066	952
main-btree	8	d0db2028	main-btree-w8-returned-d0db2028	prefix-067	962
main-btree	8	d0db2028	main-btree-w8-returned-d0db2028	prefix-068	972
main-btree	8	d0db2028	main-btree-w8-returned-d0db2028	prefix-069	982
main-btree	8	d0db2028	main-btree-w8-returned-d0db2028	prefix-070	992
main-btree	8	d0db2028	main-btree-w8-returned-d0db2028	prefix-071	1002
main-btree	8	d0db2028	main-btree-w8-returned-d0db2028	prefix-072	1012
main-btree	8	d0db2028	main-btree-w8-returned-d0db2028	prefix-073	1022
main-btree	8	d0db2028	main-btree-w8-returned-d0db2028	prefix-074	1032
main-btree	8	d0db2028	main-btree-w8-returned-d0db2028	prefix-075	1042
main-btree	8	d0db2028	main-btree-w8-returned-d0db2028	prefix-076	1052
main-btree	8	d0db2028	main-btree-w8-returned-d0db2028	prefix-077	1062
main-btree	8	d0db2028	main-btree-w8-returned-d0db2028	prefix-078	1072
main-btree	8	d0db2028	main-btree-w8-returned-d0db2028	prefix-079	1082
main-btree	8	d0db2028	main-btree-w8-returned-d0db2028	prefix-080	1092
main-btree	8	d0db2028	main-btree-w8-returned-d0db2028	prefix-081	1102
main-btree	8	d0db2028	main-btree-w8-returned-d0db2028	prefix-082	1112
main-btree	8	d0db2028	main-btree-w8-returned-d0db2028	prefix-083	1122
main-btree	8	d0db2028	main-btree-w8-returned-d0db2028	prefix-084	1132
main-btree	8	d0db2028	main-btree-w8-returned-d0db2028	prefix-085	1142
main-btree	8	d0db2028	main-btree-w8-returned-d0db2028	prefix-086	1152
main-btree	8	d0db2028	main-btree-w8-returned-d0db2028	prefix-087	1162
main-btree	8	d0db2028	main-btree-w8-returned-d0db2028	prefix-088	1172
main-btree	8	d0db2028	main-btree-w8-returned-d0db2028	prefix-089	1182
main-btree	8	d0db2028	main-btree-w8-returned-d0db2028	prefix-090	1192
main-btree	8	d0db2028	main-btree-w8-returned-d0db2028	prefix-091	1202
main-btree	8	d0db2028	main-btree-w8-returned-d0db2028	prefix-092	1212
main-btree	8	d0db2028	main-btree-w8-returned-d0db2028	prefix-093	1222
main-btree	8	d0db2028	main-btree-w8-returned-d0db2028	prefix-094	1232
main-btree	8	d0db2028	main-btree-w8-returned-d0db2028	prefix-095	1242
main-btree	8	d0db2028	main-btree-w8-returned-d0db2028	prefix-096	1252
main-btree	8	d0db2028	main-btree-w8-returned-d0db2028	prefix-097	1262
main-btree	8	d0db2028	main-btree-w8-returned-d0db2028	prefix-098	1272
main-btree	8	d0db2028	main-btree-w8-returned-d0db2028	prefix-099	1282
main-btree	8	d0db2028	main-btree-w8-returned-d0db2028	prefix-100	1292
main-btree	8	d0db2028	main-btree-w8-returned-d0db2028	prefix-101	1302
main-btree	8	d0db2028	main-btree-w8-returned-d0db2028	prefix-102	1312
main-btree	8	d0db2028	main-btree-w8-returned-d0db2028	prefix-103	1322
main-btree	8	d0db2028	main-btree-w8-returned-d0db2028	prefix-104	1332
main-btree	8	d0db2028	main-btree-w8-returned-d0db2028	prefix-105	1342
main-btree	8	d0db2028	main-btree-w8-returned-d0db2028	prefix-106	1352
main-btree	8	d0db2028	main-btree-w8-returned-d0db2028	prefix-107	1362
main-btree	8	d0db2028	main-btree-w8-returned-d0db2028	prefix-108	1372
main-btree	8	d0db2028	main-btree-w8-returned-d0db2028	prefix-109	1382
main-btree	8	d0db2028	main-btree-w8-returned-d0db2028	prefix-110	1392
main-btree	8	d0db2028	main-btree-w8-returned-d0db2028	prefix-111	1402
main-btree	8	d0db2028	main-btree-w8-returned-d0db2028	prefix-112	1412
main-btree	8	d0db2028	main-btree-w8-returned-d0db2028	prefix-113	1422
main-btree	8	d0db2028	main-btree-w8-returned-d0db2028	prefix-114	1432
main-btree	8	d0db2028	main-btree-w8-returned-d0db2028	prefix-115	1442
main-btree	8	d0db2028	main-btree-w8-returned-d0db2028	prefix-116	1452
main-btree	8	d0db2028	main-btree-w8-returned-d0db2028	prefix-117	1462
main-btree	8	d0db2028	main-btree-w8-returned-d0db2028	prefix-118	1472
main-btree	8	d0db2028	main-btree-w8-returned-d0db2028	prefix-119	1482
main-btree	8	d0db2028	main-btree-w8-returned-d0db2028	prefix-120	1492
main-btree	8	d0db2028	main-btree-w8-returned-d0db2028	prefix-121	1502
main-btree	8	d0db2028	main-btree-w8-returned-d0db2028	prefix-122	1512
main-btree	8	d0db2028	main-btree-w8-returned-d0db2028	prefix-123	1522
main-btree	8	d0db2028	main-btree-w8-returned-d0db2028	prefix-124	1532
main-btree	8	d0db2028	main-btree-w8-returned-d0db2028	prefix-125	1542
main-btree	8	d0db2028	main-btree-w8-returned-d0db2028	prefix-126	1552
main-btree	8	d0db2028	main-btree-w8-returned-d0db2028	prefix-127	1562
main-btree	8	d0db2028	main-btree-w8-returned-d0db2028	target	1572
main-btree	8	d0db2028	main-btree-w8-returned-d0db2028	post-recovery	1575
main-btree	8	d0db2026	main-btree-w8-before_wal_append-d0db2026	seed	282
main-btree	8	d0db2026	main-btree-w8-before_wal_append-d0db2026	prefix-000	292
main-btree	8	d0db2026	main-btree-w8-before_wal_append-d0db2026	prefix-001	302
main-btree	8	d0db2026	main-btree-w8-before_wal_append-d0db2026	prefix-002	312
main-btree	8	d0db2026	main-btree-w8-before_wal_append-d0db2026	prefix-003	322
main-btree	8	d0db2026	main-btree-w8-before_wal_append-d0db2026	prefix-004	332
main-btree	8	d0db2026	main-btree-w8-before_wal_append-d0db2026	prefix-005	342
main-btree	8	d0db2026	main-btree-w8-before_wal_append-d0db2026	prefix-006	352
main-btree	8	d0db2026	main-btree-w8-before_wal_append-d0db2026	prefix-007	362
main-btree	8	d0db2026	main-btree-w8-before_wal_append-d0db2026	prefix-008	372
main-btree	8	d0db2026	main-btree-w8-before_wal_append-d0db2026	prefix-009	382
main-btree	8	d0db2026	main-btree-w8-before_wal_append-d0db2026	prefix-010	392
main-btree	8	d0db2026	main-btree-w8-before_wal_append-d0db2026	prefix-011	402
main-btree	8	d0db2026	main-btree-w8-before_wal_append-d0db2026	prefix-012	412
main-btree	8	d0db2026	main-btree-w8-before_wal_append-d0db2026	prefix-013	422
main-btree	8	d0db2026	main-btree-w8-before_wal_append-d0db2026	prefix-014	432
main-btree	8	d0db2026	main-btree-w8-before_wal_append-d0db2026	prefix-015	442
main-btree	8	d0db2026	main-btree-w8-before_wal_append-d0db2026	prefix-016	452
main-btree	8	d0db2026	main-btree-w8-before_wal_append-d0db2026	prefix-017	462
main-btree	8	d0db2026	main-btree-w8-before_wal_append-d0db2026	prefix-018	472
main-btree	8	d0db2026	main-btree-w8-before_wal_append-d0db2026	prefix-019	482
main-btree	8	d0db2026	main-btree-w8-before_wal_append-d0db2026	prefix-020	492
main-btree	8	d0db2026	main-btree-w8-before_wal_append-d0db2026	prefix-021	502
main-btree	8	d0db2026	main-btree-w8-before_wal_append-d0db2026	prefix-022	512
main-btree	8	d0db2026	main-btree-w8-before_wal_append-d0db2026	prefix-023	522
main-btree	8	d0db2026	main-btree-w8-before_wal_append-d0db2026	prefix-024	532
main-btree	8	d0db2026	main-btree-w8-before_wal_append-d0db2026	prefix-025	542
main-btree	8	d0db2026	main-btree-w8-before_wal_append-d0db2026	prefix-026	552
main-btree	8	d0db2026	main-btree-w8-before_wal_append-d0db2026	prefix-027	562
main-btree	8	d0db2026	main-btree-w8-before_wal_append-d0db2026	prefix-028	572
main-btree	8	d0db2026	main-btree-w8-before_wal_append-d0db2026	prefix-029	582
main-btree	8	d0db2026	main-btree-w8-before_wal_append-d0db2026	prefix-030	592
main-btree	8	d0db2026	main-btree-w8-before_wal_append-d0db2026	prefix-031	602
main-btree	8	d0db2026	main-btree-w8-before_wal_append-d0db2026	prefix-032	612
main-btree	8	d0db2026	main-btree-w8-before_wal_append-d0db2026	prefix-033	622
main-btree	8	d0db2026	main-btree-w8-before_wal_append-d0db2026	prefix-034	632
main-btree	8	d0db2026	main-btree-w8-before_wal_append-d0db2026	prefix-035	642
main-btree	8	d0db2026	main-btree-w8-before_wal_append-d0db2026	prefix-036	652
main-btree	8	d0db2026	main-btree-w8-before_wal_append-d0db2026	prefix-037	662
main-btree	8	d0db2026	main-btree-w8-before_wal_append-d0db2026	prefix-038	672
main-btree	8	d0db2026	main-btree-w8-before_wal_append-d0db2026	prefix-039	682
main-btree	8	d0db2026	main-btree-w8-before_wal_append-d0db2026	prefix-040	692
main-btree	8	d0db2026	main-btree-w8-before_wal_append-d0db2026	prefix-041	702
main-btree	8	d0db2026	main-btree-w8-before_wal_append-d0db2026	prefix-042	712
main-btree	8	d0db2026	main-btree-w8-before_wal_append-d0db2026	prefix-043	722
main-btree	8	d0db2026	main-btree-w8-before_wal_append-d0db2026	prefix-044	732
main-btree	8	d0db2026	main-btree-w8-before_wal_append-d0db2026	prefix-045	742
main-btree	8	d0db2026	main-btree-w8-before_wal_append-d0db2026	prefix-046	752
main-btree	8	d0db2026	main-btree-w8-before_wal_append-d0db2026	prefix-047	762
main-btree	8	d0db2026	main-btree-w8-before_wal_append-d0db2026	prefix-048	772
main-btree	8	d0db2026	main-btree-w8-before_wal_append-d0db2026	prefix-049	782
main-btree	8	d0db2026	main-btree-w8-before_wal_append-d0db2026	prefix-050	792
main-btree	8	d0db2026	main-btree-w8-before_wal_append-d0db2026	prefix-051	802
main-btree	8	d0db2026	main-btree-w8-before_wal_append-d0db2026	prefix-052	812
main-btree	8	d0db2026	main-btree-w8-before_wal_append-d0db2026	prefix-053	822
main-btree	8	d0db2026	main-btree-w8-before_wal_append-d0db2026	prefix-054	832
main-btree	8	d0db2026	main-btree-w8-before_wal_append-d0db2026	prefix-055	842
main-btree	8	d0db2026	main-btree-w8-before_wal_append-d0db2026	prefix-056	852
main-btree	8	d0db2026	main-btree-w8-before_wal_append-d0db2026	prefix-057	862
main-btree	8	d0db2026	main-btree-w8-before_wal_append-d0db2026	prefix-058	872
main-btree	8	d0db2026	main-btree-w8-before_wal_append-d0db2026	prefix-059	882
main-btree	8	d0db2026	main-btree-w8-before_wal_append-d0db2026	prefix-060	892
main-btree	8	d0db2026	main-btree-w8-before_wal_append-d0db2026	prefix-061	902
main-btree	8	d0db2026	main-btree-w8-before_wal_append-d0db2026	prefix-062	912
main-btree	8	d0db2026	main-btree-w8-before_wal_append-d0db2026	prefix-063	922
main-btree	8	d0db2026	main-btree-w8-before_wal_append-d0db2026	prefix-064	932
main-btree	8	d0db2026	main-btree-w8-before_wal_append-d0db2026	prefix-065	942
main-btree	8	d0db2026	main-btree-w8-before_wal_append-d0db2026	prefix-066	952
main-btree	8	d0db2026	main-btree-w8-before_wal_append-d0db2026	prefix-067	962
main-btree	8	d0db2026	main-btree-w8-before_wal_append-d0db2026	prefix-068	972
main-btree	8	d0db2026	main-btree-w8-before_wal_append-d0db2026	prefix-069	982
main-btree	8	d0db2026	main-btree-w8-before_wal_append-d0db2026	prefix-070	992
main-btree	8	d0db2026	main-btree-w8-before_wal_append-d0db2026	prefix-071	1002
main-btree	8	d0db2026	main-btree-w8-before_wal_append-d0db2026	prefix-072	1012
main-btree	8	d0db2026	main-btree-w8-before_wal_append-d0db2026	prefix-073	1022
main-btree	8	d0db2026	main-btree-w8-before_wal_append-d0db2026	prefix-074	1032
main-btree	8	d0db2026	main-btree-w8-before_wal_append-d0db2026	prefix-075	1042
main-btree	8	d0db2026	main-btree-w8-before_wal_append-d0db2026	prefix-076	1052
main-btree	8	d0db2026	main-btree-w8-before_wal_append-d0db2026	prefix-077	1062
main-btree	8	d0db2026	main-btree-w8-before_wal_append-d0db2026	prefix-078	1072
main-btree	8	d0db2026	main-btree-w8-before_wal_append-d0db2026	prefix-079	1082
main-btree	8	d0db2026	main-btree-w8-before_wal_append-d0db2026	prefix-080	1092
main-btree	8	d0db2026	main-btree-w8-before_wal_append-d0db2026	prefix-081	1102
main-btree	8	d0db2026	main-btree-w8-before_wal_append-d0db2026	prefix-082	1112
main-btree	8	d0db2026	main-btree-w8-before_wal_append-d0db2026	prefix-083	1122
main-btree	8	d0db2026	main-btree-w8-before_wal_append-d0db2026	prefix-084	1132
main-btree	8	d0db2026	main-btree-w8-before_wal_append-d0db2026	prefix-085	1142
main-btree	8	d0db2026	main-btree-w8-before_wal_append-d0db2026	prefix-086	1152
main-btree	8	d0db2026	main-btree-w8-before_wal_append-d0db2026	prefix-087	1162
main-btree	8	d0db2026	main-btree-w8-before_wal_append-d0db2026	prefix-088	1172
main-btree	8	d0db2026	main-btree-w8-before_wal_append-d0db2026	prefix-089	1182
main-btree	8	d0db2026	main-btree-w8-before_wal_append-d0db2026	prefix-090	1192
main-btree	8	d0db2026	main-btree-w8-before_wal_append-d0db2026	prefix-091	1202
main-btree	8	d0db2026	main-btree-w8-before_wal_append-d0db2026	prefix-092	1212
main-btree	8	d0db2026	main-btree-w8-before_wal_append-d0db2026	prefix-093	1222
main-btree	8	d0db2026	main-btree-w8-before_wal_append-d0db2026	prefix-094	1232
main-btree	8	d0db2026	main-btree-w8-before_wal_append-d0db2026	prefix-095	1242
main-btree	8	d0db2026	main-btree-w8-before_wal_append-d0db2026	prefix-096	1252
main-btree	8	d0db2026	main-btree-w8-before_wal_append-d0db2026	prefix-097	1262
main-btree	8	d0db2026	main-btree-w8-before_wal_append-d0db2026	prefix-098	1272
main-btree	8	d0db2026	main-btree-w8-before_wal_append-d0db2026	prefix-099	1282
main-btree	8	d0db2026	main-btree-w8-before_wal_append-d0db2026	prefix-100	1292
main-btree	8	d0db2026	main-btree-w8-before_wal_append-d0db2026	prefix-101	1302
main-btree	8	d0db2026	main-btree-w8-before_wal_append-d0db2026	prefix-102	1312
main-btree	8	d0db2026	main-btree-w8-before_wal_append-d0db2026	prefix-103	1322
main-btree	8	d0db2026	main-btree-w8-before_wal_append-d0db2026	prefix-104	1332
main-btree	8	d0db2026	main-btree-w8-before_wal_append-d0db2026	prefix-105	1342
main-btree	8	d0db2026	main-btree-w8-before_wal_append-d0db2026	prefix-106	1352
main-btree	8	d0db2026	main-btree-w8-before_wal_append-d0db2026	prefix-107	1362
main-btree	8	d0db2026	main-btree-w8-before_wal_append-d0db2026	prefix-108	1372
main-btree	8	d0db2026	main-btree-w8-before_wal_append-d0db2026	prefix-109	1382
main-btree	8	d0db2026	main-btree-w8-before_wal_append-d0db2026	prefix-110	1392
main-btree	8	d0db2026	main-btree-w8-before_wal_append-d0db2026	prefix-111	1402
main-btree	8	d0db2026	main-btree-w8-before_wal_append-d0db2026	prefix-112	1412
main-btree	8	d0db2026	main-btree-w8-before_wal_append-d0db2026	prefix-113	1422
main-btree	8	d0db2026	main-btree-w8-before_wal_append-d0db2026	prefix-114	1432
main-btree	8	d0db2026	main-btree-w8-before_wal_append-d0db2026	prefix-115	1442
main-btree	8	d0db2026	main-btree-w8-before_wal_append-d0db2026	prefix-116	1452
main-btree	8	d0db2026	main-btree-w8-before_wal_append-d0db2026	prefix-117	1462
main-btree	8	d0db2026	main-btree-w8-before_wal_append-d0db2026	prefix-118	1472
main-btree	8	d0db2026	main-btree-w8-before_wal_append-d0db2026	prefix-119	1482
main-btree	8	d0db2026	main-btree-w8-before_wal_append-d0db2026	prefix-120	1492
main-btree	8	d0db2026	main-btree-w8-before_wal_append-d0db2026	prefix-121	1502
main-btree	8	d0db2026	main-btree-w8-before_wal_append-d0db2026	prefix-122	1512
main-btree	8	d0db2026	main-btree-w8-before_wal_append-d0db2026	prefix-123	1522
main-btree	8	d0db2026	main-btree-w8-before_wal_append-d0db2026	prefix-124	1532
main-btree	8	d0db2026	main-btree-w8-before_wal_append-d0db2026	prefix-125	1542
main-btree	8	d0db2026	main-btree-w8-before_wal_append-d0db2026	prefix-126	1552
main-btree	8	d0db2026	main-btree-w8-before_wal_append-d0db2026	prefix-127	1562
main-btree	8	d0db2026	main-btree-w8-before_wal_append-d0db2026	post-recovery	1565
main-btree	8	d0db2027	main-btree-w8-before_wal_append-d0db2027	seed	282
main-btree	8	d0db2027	main-btree-w8-before_wal_append-d0db2027	prefix-000	292
main-btree	8	d0db2027	main-btree-w8-before_wal_append-d0db2027	prefix-001	302
main-btree	8	d0db2027	main-btree-w8-before_wal_append-d0db2027	prefix-002	312
main-btree	8	d0db2027	main-btree-w8-before_wal_append-d0db2027	prefix-003	322
main-btree	8	d0db2027	main-btree-w8-before_wal_append-d0db2027	prefix-004	332
main-btree	8	d0db2027	main-btree-w8-before_wal_append-d0db2027	prefix-005	342
main-btree	8	d0db2027	main-btree-w8-before_wal_append-d0db2027	prefix-006	352
main-btree	8	d0db2027	main-btree-w8-before_wal_append-d0db2027	prefix-007	362
main-btree	8	d0db2027	main-btree-w8-before_wal_append-d0db2027	prefix-008	372
main-btree	8	d0db2027	main-btree-w8-before_wal_append-d0db2027	prefix-009	382
main-btree	8	d0db2027	main-btree-w8-before_wal_append-d0db2027	prefix-010	392
main-btree	8	d0db2027	main-btree-w8-before_wal_append-d0db2027	prefix-011	402
main-btree	8	d0db2027	main-btree-w8-before_wal_append-d0db2027	prefix-012	412
main-btree	8	d0db2027	main-btree-w8-before_wal_append-d0db2027	prefix-013	422
main-btree	8	d0db2027	main-btree-w8-before_wal_append-d0db2027	prefix-014	432
main-btree	8	d0db2027	main-btree-w8-before_wal_append-d0db2027	prefix-015	442
main-btree	8	d0db2027	main-btree-w8-before_wal_append-d0db2027	prefix-016	452
main-btree	8	d0db2027	main-btree-w8-before_wal_append-d0db2027	prefix-017	462
main-btree	8	d0db2027	main-btree-w8-before_wal_append-d0db2027	prefix-018	472
main-btree	8	d0db2027	main-btree-w8-before_wal_append-d0db2027	prefix-019	482
main-btree	8	d0db2027	main-btree-w8-before_wal_append-d0db2027	prefix-020	492
main-btree	8	d0db2027	main-btree-w8-before_wal_append-d0db2027	prefix-021	502
main-btree	8	d0db2027	main-btree-w8-before_wal_append-d0db2027	prefix-022	512
main-btree	8	d0db2027	main-btree-w8-before_wal_append-d0db2027	prefix-023	522
main-btree	8	d0db2027	main-btree-w8-before_wal_append-d0db2027	prefix-024	532
main-btree	8	d0db2027	main-btree-w8-before_wal_append-d0db2027	prefix-025	542
main-btree	8	d0db2027	main-btree-w8-before_wal_append-d0db2027	prefix-026	552
main-btree	8	d0db2027	main-btree-w8-before_wal_append-d0db2027	prefix-027	562
main-btree	8	d0db2027	main-btree-w8-before_wal_append-d0db2027	prefix-028	572
main-btree	8	d0db2027	main-btree-w8-before_wal_append-d0db2027	prefix-029	582
main-btree	8	d0db2027	main-btree-w8-before_wal_append-d0db2027	prefix-030	592
main-btree	8	d0db2027	main-btree-w8-before_wal_append-d0db2027	prefix-031	602
main-btree	8	d0db2027	main-btree-w8-before_wal_append-d0db2027	prefix-032	612
main-btree	8	d0db2027	main-btree-w8-before_wal_append-d0db2027	prefix-033	622
main-btree	8	d0db2027	main-btree-w8-before_wal_append-d0db2027	prefix-034	632
main-btree	8	d0db2027	main-btree-w8-before_wal_append-d0db2027	prefix-035	642
main-btree	8	d0db2027	main-btree-w8-before_wal_append-d0db2027	prefix-036	652
main-btree	8	d0db2027	main-btree-w8-before_wal_append-d0db2027	prefix-037	662
main-btree	8	d0db2027	main-btree-w8-before_wal_append-d0db2027	prefix-038	672
main-btree	8	d0db2027	main-btree-w8-before_wal_append-d0db2027	prefix-039	682
main-btree	8	d0db2027	main-btree-w8-before_wal_append-d0db2027	prefix-040	692
main-btree	8	d0db2027	main-btree-w8-before_wal_append-d0db2027	prefix-041	702
main-btree	8	d0db2027	main-btree-w8-before_wal_append-d0db2027	prefix-042	712
main-btree	8	d0db2027	main-btree-w8-before_wal_append-d0db2027	prefix-043	722
main-btree	8	d0db2027	main-btree-w8-before_wal_append-d0db2027	prefix-044	732
main-btree	8	d0db2027	main-btree-w8-before_wal_append-d0db2027	prefix-045	742
main-btree	8	d0db2027	main-btree-w8-before_wal_append-d0db2027	prefix-046	752
main-btree	8	d0db2027	main-btree-w8-before_wal_append-d0db2027	prefix-047	762
main-btree	8	d0db2027	main-btree-w8-before_wal_append-d0db2027	prefix-048	772
main-btree	8	d0db2027	main-btree-w8-before_wal_append-d0db2027	prefix-049	782
main-btree	8	d0db2027	main-btree-w8-before_wal_append-d0db2027	prefix-050	792
main-btree	8	d0db2027	main-btree-w8-before_wal_append-d0db2027	prefix-051	802
main-btree	8	d0db2027	main-btree-w8-before_wal_append-d0db2027	prefix-052	812
main-btree	8	d0db2027	main-btree-w8-before_wal_append-d0db2027	prefix-053	822
main-btree	8	d0db2027	main-btree-w8-before_wal_append-d0db2027	prefix-054	832
main-btree	8	d0db2027	main-btree-w8-before_wal_append-d0db2027	prefix-055	842
main-btree	8	d0db2027	main-btree-w8-before_wal_append-d0db2027	prefix-056	852
main-btree	8	d0db2027	main-btree-w8-before_wal_append-d0db2027	prefix-057	862
main-btree	8	d0db2027	main-btree-w8-before_wal_append-d0db2027	prefix-058	872
main-btree	8	d0db2027	main-btree-w8-before_wal_append-d0db2027	prefix-059	882
main-btree	8	d0db2027	main-btree-w8-before_wal_append-d0db2027	prefix-060	892
main-btree	8	d0db2027	main-btree-w8-before_wal_append-d0db2027	prefix-061	902
main-btree	8	d0db2027	main-btree-w8-before_wal_append-d0db2027	prefix-062	912
main-btree	8	d0db2027	main-btree-w8-before_wal_append-d0db2027	prefix-063	922
main-btree	8	d0db2027	main-btree-w8-before_wal_append-d0db2027	prefix-064	932
main-btree	8	d0db2027	main-btree-w8-before_wal_append-d0db2027	prefix-065	942
main-btree	8	d0db2027	main-btree-w8-before_wal_append-d0db2027	prefix-066	952
main-btree	8	d0db2027	main-btree-w8-before_wal_append-d0db2027	prefix-067	962
main-btree	8	d0db2027	main-btree-w8-before_wal_append-d0db2027	prefix-068	972
main-btree	8	d0db2027	main-btree-w8-before_wal_append-d0db2027	prefix-069	982
main-btree	8	d0db2027	main-btree-w8-before_wal_append-d0db2027	prefix-070	992
main-btree	8	d0db2027	main-btree-w8-before_wal_append-d0db2027	prefix-071	1002
main-btree	8	d0db2027	main-btree-w8-before_wal_append-d0db2027	prefix-072	1012
main-btree	8	d0db2027	main-btree-w8-before_wal_append-d0db2027	prefix-073	1022
main-btree	8	d0db2027	main-btree-w8-before_wal_append-d0db2027	prefix-074	1032
main-btree	8	d0db2027	main-btree-w8-before_wal_append-d0db2027	prefix-075	1042
main-btree	8	d0db2027	main-btree-w8-before_wal_append-d0db2027	prefix-076	1052
main-btree	8	d0db2027	main-btree-w8-before_wal_append-d0db2027	prefix-077	1062
main-btree	8	d0db2027	main-btree-w8-before_wal_append-d0db2027	prefix-078	1072
main-btree	8	d0db2027	main-btree-w8-before_wal_append-d0db2027	prefix-079	1082
main-btree	8	d0db2027	main-btree-w8-before_wal_append-d0db2027	prefix-080	1092
main-btree	8	d0db2027	main-btree-w8-before_wal_append-d0db2027	prefix-081	1102
main-btree	8	d0db2027	main-btree-w8-before_wal_append-d0db2027	prefix-082	1112
main-btree	8	d0db2027	main-btree-w8-before_wal_append-d0db2027	prefix-083	1122
main-btree	8	d0db2027	main-btree-w8-before_wal_append-d0db2027	prefix-084	1132
main-btree	8	d0db2027	main-btree-w8-before_wal_append-d0db2027	prefix-085	1142
main-btree	8	d0db2027	main-btree-w8-before_wal_append-d0db2027	prefix-086	1152
main-btree	8	d0db2027	main-btree-w8-before_wal_append-d0db2027	prefix-087	1162
main-btree	8	d0db2027	main-btree-w8-before_wal_append-d0db2027	prefix-088	1172
main-btree	8	d0db2027	main-btree-w8-before_wal_append-d0db2027	prefix-089	1182
main-btree	8	d0db2027	main-btree-w8-before_wal_append-d0db2027	prefix-090	1192
main-btree	8	d0db2027	main-btree-w8-before_wal_append-d0db2027	prefix-091	1202
main-btree	8	d0db2027	main-btree-w8-before_wal_append-d0db2027	prefix-092	1212
main-btree	8	d0db2027	main-btree-w8-before_wal_append-d0db2027	prefix-093	1222
main-btree	8	d0db2027	main-btree-w8-before_wal_append-d0db2027	prefix-094	1232
main-btree	8	d0db2027	main-btree-w8-before_wal_append-d0db2027	prefix-095	1242
main-btree	8	d0db2027	main-btree-w8-before_wal_append-d0db2027	prefix-096	1252
main-btree	8	d0db2027	main-btree-w8-before_wal_append-d0db2027	prefix-097	1262
main-btree	8	d0db2027	main-btree-w8-before_wal_append-d0db2027	prefix-098	1272
main-btree	8	d0db2027	main-btree-w8-before_wal_append-d0db2027	prefix-099	1282
main-btree	8	d0db2027	main-btree-w8-before_wal_append-d0db2027	prefix-100	1292
main-btree	8	d0db2027	main-btree-w8-before_wal_append-d0db2027	prefix-101	1302
main-btree	8	d0db2027	main-btree-w8-before_wal_append-d0db2027	prefix-102	1312
main-btree	8	d0db2027	main-btree-w8-before_wal_append-d0db2027	prefix-103	1322
main-btree	8	d0db2027	main-btree-w8-before_wal_append-d0db2027	prefix-104	1332
main-btree	8	d0db2027	main-btree-w8-before_wal_append-d0db2027	prefix-105	1342
main-btree	8	d0db2027	main-btree-w8-before_wal_append-d0db2027	prefix-106	1352
main-btree	8	d0db2027	main-btree-w8-before_wal_append-d0db2027	prefix-107	1362
main-btree	8	d0db2027	main-btree-w8-before_wal_append-d0db2027	prefix-108	1372
main-btree	8	d0db2027	main-btree-w8-before_wal_append-d0db2027	prefix-109	1382
main-btree	8	d0db2027	main-btree-w8-before_wal_append-d0db2027	prefix-110	1392
main-btree	8	d0db2027	main-btree-w8-before_wal_append-d0db2027	prefix-111	1402
main-btree	8	d0db2027	main-btree-w8-before_wal_append-d0db2027	prefix-112	1412
main-btree	8	d0db2027	main-btree-w8-before_wal_append-d0db2027	prefix-113	1422
main-btree	8	d0db2027	main-btree-w8-before_wal_append-d0db2027	prefix-114	1432
main-btree	8	d0db2027	main-btree-w8-before_wal_append-d0db2027	prefix-115	1442
main-btree	8	d0db2027	main-btree-w8-before_wal_append-d0db2027	prefix-116	1452
main-btree	8	d0db2027	main-btree-w8-before_wal_append-d0db2027	prefix-117	1462
main-btree	8	d0db2027	main-btree-w8-before_wal_append-d0db2027	prefix-118	1472
main-btree	8	d0db2027	main-btree-w8-before_wal_append-d0db2027	prefix-119	1482
main-btree	8	d0db2027	main-btree-w8-before_wal_append-d0db2027	prefix-120	1492
main-btree	8	d0db2027	main-btree-w8-before_wal_append-d0db2027	prefix-121	1502
main-btree	8	d0db2027	main-btree-w8-before_wal_append-d0db2027	prefix-122	1512
main-btree	8	d0db2027	main-btree-w8-before_wal_append-d0db2027	prefix-123	1522
main-btree	8	d0db2027	main-btree-w8-before_wal_append-d0db2027	prefix-124	1532
main-btree	8	d0db2027	main-btree-w8-before_wal_append-d0db2027	prefix-125	1542
main-btree	8	d0db2027	main-btree-w8-before_wal_append-d0db2027	prefix-126	1552
main-btree	8	d0db2027	main-btree-w8-before_wal_append-d0db2027	prefix-127	1562
main-btree	8	d0db2027	main-btree-w8-before_wal_append-d0db2027	post-recovery	1565
main-btree	8	d0db2028	main-btree-w8-before_wal_append-d0db2028	seed	282
main-btree	8	d0db2028	main-btree-w8-before_wal_append-d0db2028	prefix-000	292
main-btree	8	d0db2028	main-btree-w8-before_wal_append-d0db2028	prefix-001	302
main-btree	8	d0db2028	main-btree-w8-before_wal_append-d0db2028	prefix-002	312
main-btree	8	d0db2028	main-btree-w8-before_wal_append-d0db2028	prefix-003	322
main-btree	8	d0db2028	main-btree-w8-before_wal_append-d0db2028	prefix-004	332
main-btree	8	d0db2028	main-btree-w8-before_wal_append-d0db2028	prefix-005	342
main-btree	8	d0db2028	main-btree-w8-before_wal_append-d0db2028	prefix-006	352
main-btree	8	d0db2028	main-btree-w8-before_wal_append-d0db2028	prefix-007	362
main-btree	8	d0db2028	main-btree-w8-before_wal_append-d0db2028	prefix-008	372
main-btree	8	d0db2028	main-btree-w8-before_wal_append-d0db2028	prefix-009	382
main-btree	8	d0db2028	main-btree-w8-before_wal_append-d0db2028	prefix-010	392
main-btree	8	d0db2028	main-btree-w8-before_wal_append-d0db2028	prefix-011	402
main-btree	8	d0db2028	main-btree-w8-before_wal_append-d0db2028	prefix-012	412
main-btree	8	d0db2028	main-btree-w8-before_wal_append-d0db2028	prefix-013	422
main-btree	8	d0db2028	main-btree-w8-before_wal_append-d0db2028	prefix-014	432
main-btree	8	d0db2028	main-btree-w8-before_wal_append-d0db2028	prefix-015	442
main-btree	8	d0db2028	main-btree-w8-before_wal_append-d0db2028	prefix-016	452
main-btree	8	d0db2028	main-btree-w8-before_wal_append-d0db2028	prefix-017	462
main-btree	8	d0db2028	main-btree-w8-before_wal_append-d0db2028	prefix-018	472
main-btree	8	d0db2028	main-btree-w8-before_wal_append-d0db2028	prefix-019	482
main-btree	8	d0db2028	main-btree-w8-before_wal_append-d0db2028	prefix-020	492
main-btree	8	d0db2028	main-btree-w8-before_wal_append-d0db2028	prefix-021	502
main-btree	8	d0db2028	main-btree-w8-before_wal_append-d0db2028	prefix-022	512
main-btree	8	d0db2028	main-btree-w8-before_wal_append-d0db2028	prefix-023	522
main-btree	8	d0db2028	main-btree-w8-before_wal_append-d0db2028	prefix-024	532
main-btree	8	d0db2028	main-btree-w8-before_wal_append-d0db2028	prefix-025	542
main-btree	8	d0db2028	main-btree-w8-before_wal_append-d0db2028	prefix-026	552
main-btree	8	d0db2028	main-btree-w8-before_wal_append-d0db2028	prefix-027	562
main-btree	8	d0db2028	main-btree-w8-before_wal_append-d0db2028	prefix-028	572
main-btree	8	d0db2028	main-btree-w8-before_wal_append-d0db2028	prefix-029	582
main-btree	8	d0db2028	main-btree-w8-before_wal_append-d0db2028	prefix-030	592
main-btree	8	d0db2028	main-btree-w8-before_wal_append-d0db2028	prefix-031	602
main-btree	8	d0db2028	main-btree-w8-before_wal_append-d0db2028	prefix-032	612
main-btree	8	d0db2028	main-btree-w8-before_wal_append-d0db2028	prefix-033	622
main-btree	8	d0db2028	main-btree-w8-before_wal_append-d0db2028	prefix-034	632
main-btree	8	d0db2028	main-btree-w8-before_wal_append-d0db2028	prefix-035	642
main-btree	8	d0db2028	main-btree-w8-before_wal_append-d0db2028	prefix-036	652
main-btree	8	d0db2028	main-btree-w8-before_wal_append-d0db2028	prefix-037	662
main-btree	8	d0db2028	main-btree-w8-before_wal_append-d0db2028	prefix-038	672
main-btree	8	d0db2028	main-btree-w8-before_wal_append-d0db2028	prefix-039	682
main-btree	8	d0db2028	main-btree-w8-before_wal_append-d0db2028	prefix-040	692
main-btree	8	d0db2028	main-btree-w8-before_wal_append-d0db2028	prefix-041	702
main-btree	8	d0db2028	main-btree-w8-before_wal_append-d0db2028	prefix-042	712
main-btree	8	d0db2028	main-btree-w8-before_wal_append-d0db2028	prefix-043	722
main-btree	8	d0db2028	main-btree-w8-before_wal_append-d0db2028	prefix-044	732
main-btree	8	d0db2028	main-btree-w8-before_wal_append-d0db2028	prefix-045	742
main-btree	8	d0db2028	main-btree-w8-before_wal_append-d0db2028	prefix-046	752
main-btree	8	d0db2028	main-btree-w8-before_wal_append-d0db2028	prefix-047	762
main-btree	8	d0db2028	main-btree-w8-before_wal_append-d0db2028	prefix-048	772
main-btree	8	d0db2028	main-btree-w8-before_wal_append-d0db2028	prefix-049	782
main-btree	8	d0db2028	main-btree-w8-before_wal_append-d0db2028	prefix-050	792
main-btree	8	d0db2028	main-btree-w8-before_wal_append-d0db2028	prefix-051	802
main-btree	8	d0db2028	main-btree-w8-before_wal_append-d0db2028	prefix-052	812
main-btree	8	d0db2028	main-btree-w8-before_wal_append-d0db2028	prefix-053	822
main-btree	8	d0db2028	main-btree-w8-before_wal_append-d0db2028	prefix-054	832
main-btree	8	d0db2028	main-btree-w8-before_wal_append-d0db2028	prefix-055	842
main-btree	8	d0db2028	main-btree-w8-before_wal_append-d0db2028	prefix-056	852
main-btree	8	d0db2028	main-btree-w8-before_wal_append-d0db2028	prefix-057	862
main-btree	8	d0db2028	main-btree-w8-before_wal_append-d0db2028	prefix-058	872
main-btree	8	d0db2028	main-btree-w8-before_wal_append-d0db2028	prefix-059	882
main-btree	8	d0db2028	main-btree-w8-before_wal_append-d0db2028	prefix-060	892
main-btree	8	d0db2028	main-btree-w8-before_wal_append-d0db2028	prefix-061	902
main-btree	8	d0db2028	main-btree-w8-before_wal_append-d0db2028	prefix-062	912
main-btree	8	d0db2028	main-btree-w8-before_wal_append-d0db2028	prefix-063	922
main-btree	8	d0db2028	main-btree-w8-before_wal_append-d0db2028	prefix-064	932
main-btree	8	d0db2028	main-btree-w8-before_wal_append-d0db2028	prefix-065	942
main-btree	8	d0db2028	main-btree-w8-before_wal_append-d0db2028	prefix-066	952
main-btree	8	d0db2028	main-btree-w8-before_wal_append-d0db2028	prefix-067	962
main-btree	8	d0db2028	main-btree-w8-before_wal_append-d0db2028	prefix-068	972
main-btree	8	d0db2028	main-btree-w8-before_wal_append-d0db2028	prefix-069	982
main-btree	8	d0db2028	main-btree-w8-before_wal_append-d0db2028	prefix-070	992
main-btree	8	d0db2028	main-btree-w8-before_wal_append-d0db2028	prefix-071	1002
main-btree	8	d0db2028	main-btree-w8-before_wal_append-d0db2028	prefix-072	1012
main-btree	8	d0db2028	main-btree-w8-before_wal_append-d0db2028	prefix-073	1022
main-btree	8	d0db2028	main-btree-w8-before_wal_append-d0db2028	prefix-074	1032
main-btree	8	d0db2028	main-btree-w8-before_wal_append-d0db2028	prefix-075	1042
main-btree	8	d0db2028	main-btree-w8-before_wal_append-d0db2028	prefix-076	1052
main-btree	8	d0db2028	main-btree-w8-before_wal_append-d0db2028	prefix-077	1062
main-btree	8	d0db2028	main-btree-w8-before_wal_append-d0db2028	prefix-078	1072
main-btree	8	d0db2028	main-btree-w8-before_wal_append-d0db2028	prefix-079	1082
main-btree	8	d0db2028	main-btree-w8-before_wal_append-d0db2028	prefix-080	1092
main-btree	8	d0db2028	main-btree-w8-before_wal_append-d0db2028	prefix-081	1102
main-btree	8	d0db2028	main-btree-w8-before_wal_append-d0db2028	prefix-082	1112
main-btree	8	d0db2028	main-btree-w8-before_wal_append-d0db2028	prefix-083	1122
main-btree	8	d0db2028	main-btree-w8-before_wal_append-d0db2028	prefix-084	1132
main-btree	8	d0db2028	main-btree-w8-before_wal_append-d0db2028	prefix-085	1142
main-btree	8	d0db2028	main-btree-w8-before_wal_append-d0db2028	prefix-086	1152
main-btree	8	d0db2028	main-btree-w8-before_wal_append-d0db2028	prefix-087	1162
main-btree	8	d0db2028	main-btree-w8-before_wal_append-d0db2028	prefix-088	1172
main-btree	8	d0db2028	main-btree-w8-before_wal_append-d0db2028	prefix-089	1182
main-btree	8	d0db2028	main-btree-w8-before_wal_append-d0db2028	prefix-090	1192
main-btree	8	d0db2028	main-btree-w8-before_wal_append-d0db2028	prefix-091	1202
main-btree	8	d0db2028	main-btree-w8-before_wal_append-d0db2028	prefix-092	1212
main-btree	8	d0db2028	main-btree-w8-before_wal_append-d0db2028	prefix-093	1222
main-btree	8	d0db2028	main-btree-w8-before_wal_append-d0db2028	prefix-094	1232
main-btree	8	d0db2028	main-btree-w8-before_wal_append-d0db2028	prefix-095	1242
main-btree	8	d0db2028	main-btree-w8-before_wal_append-d0db2028	prefix-096	1252
main-btree	8	d0db2028	main-btree-w8-before_wal_append-d0db2028	prefix-097	1262
main-btree	8	d0db2028	main-btree-w8-before_wal_append-d0db2028	prefix-098	1272
main-btree	8	d0db2028	main-btree-w8-before_wal_append-d0db2028	prefix-099	1282
main-btree	8	d0db2028	main-btree-w8-before_wal_append-d0db2028	prefix-100	1292
main-btree	8	d0db2028	main-btree-w8-before_wal_append-d0db2028	prefix-101	1302
main-btree	8	d0db2028	main-btree-w8-before_wal_append-d0db2028	prefix-102	1312
main-btree	8	d0db2028	main-btree-w8-before_wal_append-d0db2028	prefix-103	1322
main-btree	8	d0db2028	main-btree-w8-before_wal_append-d0db2028	prefix-104	1332
main-btree	8	d0db2028	main-btree-w8-before_wal_append-d0db2028	prefix-105	1342
main-btree	8	d0db2028	main-btree-w8-before_wal_append-d0db2028	prefix-106	1352
main-btree	8	d0db2028	main-btree-w8-before_wal_append-d0db2028	prefix-107	1362
main-btree	8	d0db2028	main-btree-w8-before_wal_append-d0db2028	prefix-108	1372
main-btree	8	d0db2028	main-btree-w8-before_wal_append-d0db2028	prefix-109	1382
main-btree	8	d0db2028	main-btree-w8-before_wal_append-d0db2028	prefix-110	1392
main-btree	8	d0db2028	main-btree-w8-before_wal_append-d0db2028	prefix-111	1402
main-btree	8	d0db2028	main-btree-w8-before_wal_append-d0db2028	prefix-112	1412
main-btree	8	d0db2028	main-btree-w8-before_wal_append-d0db2028	prefix-113	1422
main-btree	8	d0db2028	main-btree-w8-before_wal_append-d0db2028	prefix-114	1432
main-btree	8	d0db2028	main-btree-w8-before_wal_append-d0db2028	prefix-115	1442
main-btree	8	d0db2028	main-btree-w8-before_wal_append-d0db2028	prefix-116	1452
main-btree	8	d0db2028	main-btree-w8-before_wal_append-d0db2028	prefix-117	1462
main-btree	8	d0db2028	main-btree-w8-before_wal_append-d0db2028	prefix-118	1472
main-btree	8	d0db2028	main-btree-w8-before_wal_append-d0db2028	prefix-119	1482
main-btree	8	d0db2028	main-btree-w8-before_wal_append-d0db2028	prefix-120	1492
main-btree	8	d0db2028	main-btree-w8-before_wal_append-d0db2028	prefix-121	1502
main-btree	8	d0db2028	main-btree-w8-before_wal_append-d0db2028	prefix-122	1512
main-btree	8	d0db2028	main-btree-w8-before_wal_append-d0db2028	prefix-123	1522
main-btree	8	d0db2028	main-btree-w8-before_wal_append-d0db2028	prefix-124	1532
main-btree	8	d0db2028	main-btree-w8-before_wal_append-d0db2028	prefix-125	1542
main-btree	8	d0db2028	main-btree-w8-before_wal_append-d0db2028	prefix-126	1552
main-btree	8	d0db2028	main-btree-w8-before_wal_append-d0db2028	prefix-127	1562
main-btree	8	d0db2028	main-btree-w8-before_wal_append-d0db2028	post-recovery	1565
main-btree	8	d0db2026	main-btree-w8-before_wal_sync-d0db2026	seed	282
main-btree	8	d0db2026	main-btree-w8-before_wal_sync-d0db2026	prefix-000	292
main-btree	8	d0db2026	main-btree-w8-before_wal_sync-d0db2026	prefix-001	302
main-btree	8	d0db2026	main-btree-w8-before_wal_sync-d0db2026	prefix-002	312
main-btree	8	d0db2026	main-btree-w8-before_wal_sync-d0db2026	prefix-003	322
main-btree	8	d0db2026	main-btree-w8-before_wal_sync-d0db2026	prefix-004	332
main-btree	8	d0db2026	main-btree-w8-before_wal_sync-d0db2026	prefix-005	342
main-btree	8	d0db2026	main-btree-w8-before_wal_sync-d0db2026	prefix-006	352
main-btree	8	d0db2026	main-btree-w8-before_wal_sync-d0db2026	prefix-007	362
main-btree	8	d0db2026	main-btree-w8-before_wal_sync-d0db2026	prefix-008	372
main-btree	8	d0db2026	main-btree-w8-before_wal_sync-d0db2026	prefix-009	382
main-btree	8	d0db2026	main-btree-w8-before_wal_sync-d0db2026	prefix-010	392
main-btree	8	d0db2026	main-btree-w8-before_wal_sync-d0db2026	prefix-011	402
main-btree	8	d0db2026	main-btree-w8-before_wal_sync-d0db2026	prefix-012	412
main-btree	8	d0db2026	main-btree-w8-before_wal_sync-d0db2026	prefix-013	422
main-btree	8	d0db2026	main-btree-w8-before_wal_sync-d0db2026	prefix-014	432
main-btree	8	d0db2026	main-btree-w8-before_wal_sync-d0db2026	prefix-015	442
main-btree	8	d0db2026	main-btree-w8-before_wal_sync-d0db2026	prefix-016	452
main-btree	8	d0db2026	main-btree-w8-before_wal_sync-d0db2026	prefix-017	462
main-btree	8	d0db2026	main-btree-w8-before_wal_sync-d0db2026	prefix-018	472
main-btree	8	d0db2026	main-btree-w8-before_wal_sync-d0db2026	prefix-019	482
main-btree	8	d0db2026	main-btree-w8-before_wal_sync-d0db2026	prefix-020	492
main-btree	8	d0db2026	main-btree-w8-before_wal_sync-d0db2026	prefix-021	502
main-btree	8	d0db2026	main-btree-w8-before_wal_sync-d0db2026	prefix-022	512
main-btree	8	d0db2026	main-btree-w8-before_wal_sync-d0db2026	prefix-023	522
main-btree	8	d0db2026	main-btree-w8-before_wal_sync-d0db2026	prefix-024	532
main-btree	8	d0db2026	main-btree-w8-before_wal_sync-d0db2026	prefix-025	542
main-btree	8	d0db2026	main-btree-w8-before_wal_sync-d0db2026	prefix-026	552
main-btree	8	d0db2026	main-btree-w8-before_wal_sync-d0db2026	prefix-027	562
main-btree	8	d0db2026	main-btree-w8-before_wal_sync-d0db2026	prefix-028	572
main-btree	8	d0db2026	main-btree-w8-before_wal_sync-d0db2026	prefix-029	582
main-btree	8	d0db2026	main-btree-w8-before_wal_sync-d0db2026	prefix-030	592
main-btree	8	d0db2026	main-btree-w8-before_wal_sync-d0db2026	prefix-031	602
main-btree	8	d0db2026	main-btree-w8-before_wal_sync-d0db2026	prefix-032	612
main-btree	8	d0db2026	main-btree-w8-before_wal_sync-d0db2026	prefix-033	622
main-btree	8	d0db2026	main-btree-w8-before_wal_sync-d0db2026	prefix-034	632
main-btree	8	d0db2026	main-btree-w8-before_wal_sync-d0db2026	prefix-035	642
main-btree	8	d0db2026	main-btree-w8-before_wal_sync-d0db2026	prefix-036	652
main-btree	8	d0db2026	main-btree-w8-before_wal_sync-d0db2026	prefix-037	662
main-btree	8	d0db2026	main-btree-w8-before_wal_sync-d0db2026	prefix-038	672
main-btree	8	d0db2026	main-btree-w8-before_wal_sync-d0db2026	prefix-039	682
main-btree	8	d0db2026	main-btree-w8-before_wal_sync-d0db2026	prefix-040	692
main-btree	8	d0db2026	main-btree-w8-before_wal_sync-d0db2026	prefix-041	702
main-btree	8	d0db2026	main-btree-w8-before_wal_sync-d0db2026	prefix-042	712
main-btree	8	d0db2026	main-btree-w8-before_wal_sync-d0db2026	prefix-043	722
main-btree	8	d0db2026	main-btree-w8-before_wal_sync-d0db2026	prefix-044	732
main-btree	8	d0db2026	main-btree-w8-before_wal_sync-d0db2026	prefix-045	742
main-btree	8	d0db2026	main-btree-w8-before_wal_sync-d0db2026	prefix-046	752
main-btree	8	d0db2026	main-btree-w8-before_wal_sync-d0db2026	prefix-047	762
main-btree	8	d0db2026	main-btree-w8-before_wal_sync-d0db2026	prefix-048	772
main-btree	8	d0db2026	main-btree-w8-before_wal_sync-d0db2026	prefix-049	782
main-btree	8	d0db2026	main-btree-w8-before_wal_sync-d0db2026	prefix-050	792
main-btree	8	d0db2026	main-btree-w8-before_wal_sync-d0db2026	prefix-051	802
main-btree	8	d0db2026	main-btree-w8-before_wal_sync-d0db2026	prefix-052	812
main-btree	8	d0db2026	main-btree-w8-before_wal_sync-d0db2026	prefix-053	822
main-btree	8	d0db2026	main-btree-w8-before_wal_sync-d0db2026	prefix-054	832
main-btree	8	d0db2026	main-btree-w8-before_wal_sync-d0db2026	prefix-055	842
main-btree	8	d0db2026	main-btree-w8-before_wal_sync-d0db2026	prefix-056	852
main-btree	8	d0db2026	main-btree-w8-before_wal_sync-d0db2026	prefix-057	862
main-btree	8	d0db2026	main-btree-w8-before_wal_sync-d0db2026	prefix-058	872
main-btree	8	d0db2026	main-btree-w8-before_wal_sync-d0db2026	prefix-059	882
main-btree	8	d0db2026	main-btree-w8-before_wal_sync-d0db2026	prefix-060	892
main-btree	8	d0db2026	main-btree-w8-before_wal_sync-d0db2026	prefix-061	902
main-btree	8	d0db2026	main-btree-w8-before_wal_sync-d0db2026	prefix-062	912
main-btree	8	d0db2026	main-btree-w8-before_wal_sync-d0db2026	prefix-063	922
main-btree	8	d0db2026	main-btree-w8-before_wal_sync-d0db2026	prefix-064	932
main-btree	8	d0db2026	main-btree-w8-before_wal_sync-d0db2026	prefix-065	942
main-btree	8	d0db2026	main-btree-w8-before_wal_sync-d0db2026	prefix-066	952
main-btree	8	d0db2026	main-btree-w8-before_wal_sync-d0db2026	prefix-067	962
main-btree	8	d0db2026	main-btree-w8-before_wal_sync-d0db2026	prefix-068	972
main-btree	8	d0db2026	main-btree-w8-before_wal_sync-d0db2026	prefix-069	982
main-btree	8	d0db2026	main-btree-w8-before_wal_sync-d0db2026	prefix-070	992
main-btree	8	d0db2026	main-btree-w8-before_wal_sync-d0db2026	prefix-071	1002
main-btree	8	d0db2026	main-btree-w8-before_wal_sync-d0db2026	prefix-072	1012
main-btree	8	d0db2026	main-btree-w8-before_wal_sync-d0db2026	prefix-073	1022
main-btree	8	d0db2026	main-btree-w8-before_wal_sync-d0db2026	prefix-074	1032
main-btree	8	d0db2026	main-btree-w8-before_wal_sync-d0db2026	prefix-075	1042
main-btree	8	d0db2026	main-btree-w8-before_wal_sync-d0db2026	prefix-076	1052
main-btree	8	d0db2026	main-btree-w8-before_wal_sync-d0db2026	prefix-077	1062
main-btree	8	d0db2026	main-btree-w8-before_wal_sync-d0db2026	prefix-078	1072
main-btree	8	d0db2026	main-btree-w8-before_wal_sync-d0db2026	prefix-079	1082
main-btree	8	d0db2026	main-btree-w8-before_wal_sync-d0db2026	prefix-080	1092
main-btree	8	d0db2026	main-btree-w8-before_wal_sync-d0db2026	prefix-081	1102
main-btree	8	d0db2026	main-btree-w8-before_wal_sync-d0db2026	prefix-082	1112
main-btree	8	d0db2026	main-btree-w8-before_wal_sync-d0db2026	prefix-083	1122
main-btree	8	d0db2026	main-btree-w8-before_wal_sync-d0db2026	prefix-084	1132
main-btree	8	d0db2026	main-btree-w8-before_wal_sync-d0db2026	prefix-085	1142
main-btree	8	d0db2026	main-btree-w8-before_wal_sync-d0db2026	prefix-086	1152
main-btree	8	d0db2026	main-btree-w8-before_wal_sync-d0db2026	prefix-087	1162
main-btree	8	d0db2026	main-btree-w8-before_wal_sync-d0db2026	prefix-088	1172
main-btree	8	d0db2026	main-btree-w8-before_wal_sync-d0db2026	prefix-089	1182
main-btree	8	d0db2026	main-btree-w8-before_wal_sync-d0db2026	prefix-090	1192
main-btree	8	d0db2026	main-btree-w8-before_wal_sync-d0db2026	prefix-091	1202
main-btree	8	d0db2026	main-btree-w8-before_wal_sync-d0db2026	prefix-092	1212
main-btree	8	d0db2026	main-btree-w8-before_wal_sync-d0db2026	prefix-093	1222
main-btree	8	d0db2026	main-btree-w8-before_wal_sync-d0db2026	prefix-094	1232
main-btree	8	d0db2026	main-btree-w8-before_wal_sync-d0db2026	prefix-095	1242
main-btree	8	d0db2026	main-btree-w8-before_wal_sync-d0db2026	prefix-096	1252
main-btree	8	d0db2026	main-btree-w8-before_wal_sync-d0db2026	prefix-097	1262
main-btree	8	d0db2026	main-btree-w8-before_wal_sync-d0db2026	prefix-098	1272
main-btree	8	d0db2026	main-btree-w8-before_wal_sync-d0db2026	prefix-099	1282
main-btree	8	d0db2026	main-btree-w8-before_wal_sync-d0db2026	prefix-100	1292
main-btree	8	d0db2026	main-btree-w8-before_wal_sync-d0db2026	prefix-101	1302
main-btree	8	d0db2026	main-btree-w8-before_wal_sync-d0db2026	prefix-102	1312
main-btree	8	d0db2026	main-btree-w8-before_wal_sync-d0db2026	prefix-103	1322
main-btree	8	d0db2026	main-btree-w8-before_wal_sync-d0db2026	prefix-104	1332
main-btree	8	d0db2026	main-btree-w8-before_wal_sync-d0db2026	prefix-105	1342
main-btree	8	d0db2026	main-btree-w8-before_wal_sync-d0db2026	prefix-106	1352
main-btree	8	d0db2026	main-btree-w8-before_wal_sync-d0db2026	prefix-107	1362
main-btree	8	d0db2026	main-btree-w8-before_wal_sync-d0db2026	prefix-108	1372
main-btree	8	d0db2026	main-btree-w8-before_wal_sync-d0db2026	prefix-109	1382
main-btree	8	d0db2026	main-btree-w8-before_wal_sync-d0db2026	prefix-110	1392
main-btree	8	d0db2026	main-btree-w8-before_wal_sync-d0db2026	prefix-111	1402
main-btree	8	d0db2026	main-btree-w8-before_wal_sync-d0db2026	prefix-112	1412
main-btree	8	d0db2026	main-btree-w8-before_wal_sync-d0db2026	prefix-113	1422
main-btree	8	d0db2026	main-btree-w8-before_wal_sync-d0db2026	prefix-114	1432
main-btree	8	d0db2026	main-btree-w8-before_wal_sync-d0db2026	prefix-115	1442
main-btree	8	d0db2026	main-btree-w8-before_wal_sync-d0db2026	prefix-116	1452
main-btree	8	d0db2026	main-btree-w8-before_wal_sync-d0db2026	prefix-117	1462
main-btree	8	d0db2026	main-btree-w8-before_wal_sync-d0db2026	prefix-118	1472
main-btree	8	d0db2026	main-btree-w8-before_wal_sync-d0db2026	prefix-119	1482
main-btree	8	d0db2026	main-btree-w8-before_wal_sync-d0db2026	prefix-120	1492
main-btree	8	d0db2026	main-btree-w8-before_wal_sync-d0db2026	prefix-121	1502
main-btree	8	d0db2026	main-btree-w8-before_wal_sync-d0db2026	prefix-122	1512
main-btree	8	d0db2026	main-btree-w8-before_wal_sync-d0db2026	prefix-123	1522
main-btree	8	d0db2026	main-btree-w8-before_wal_sync-d0db2026	prefix-124	1532
main-btree	8	d0db2026	main-btree-w8-before_wal_sync-d0db2026	prefix-125	1542
main-btree	8	d0db2026	main-btree-w8-before_wal_sync-d0db2026	prefix-126	1552
main-btree	8	d0db2026	main-btree-w8-before_wal_sync-d0db2026	prefix-127	1562
main-btree	8	d0db2026	main-btree-w8-before_wal_sync-d0db2026	post-recovery	1575
main-btree	8	d0db2027	main-btree-w8-before_wal_sync-d0db2027	seed	282
main-btree	8	d0db2027	main-btree-w8-before_wal_sync-d0db2027	prefix-000	292
main-btree	8	d0db2027	main-btree-w8-before_wal_sync-d0db2027	prefix-001	302
main-btree	8	d0db2027	main-btree-w8-before_wal_sync-d0db2027	prefix-002	312
main-btree	8	d0db2027	main-btree-w8-before_wal_sync-d0db2027	prefix-003	322
main-btree	8	d0db2027	main-btree-w8-before_wal_sync-d0db2027	prefix-004	332
main-btree	8	d0db2027	main-btree-w8-before_wal_sync-d0db2027	prefix-005	342
main-btree	8	d0db2027	main-btree-w8-before_wal_sync-d0db2027	prefix-006	352
main-btree	8	d0db2027	main-btree-w8-before_wal_sync-d0db2027	prefix-007	362
main-btree	8	d0db2027	main-btree-w8-before_wal_sync-d0db2027	prefix-008	372
main-btree	8	d0db2027	main-btree-w8-before_wal_sync-d0db2027	prefix-009	382
main-btree	8	d0db2027	main-btree-w8-before_wal_sync-d0db2027	prefix-010	392
main-btree	8	d0db2027	main-btree-w8-before_wal_sync-d0db2027	prefix-011	402
main-btree	8	d0db2027	main-btree-w8-before_wal_sync-d0db2027	prefix-012	412
main-btree	8	d0db2027	main-btree-w8-before_wal_sync-d0db2027	prefix-013	422
main-btree	8	d0db2027	main-btree-w8-before_wal_sync-d0db2027	prefix-014	432
main-btree	8	d0db2027	main-btree-w8-before_wal_sync-d0db2027	prefix-015	442
main-btree	8	d0db2027	main-btree-w8-before_wal_sync-d0db2027	prefix-016	452
main-btree	8	d0db2027	main-btree-w8-before_wal_sync-d0db2027	prefix-017	462
main-btree	8	d0db2027	main-btree-w8-before_wal_sync-d0db2027	prefix-018	472
main-btree	8	d0db2027	main-btree-w8-before_wal_sync-d0db2027	prefix-019	482
main-btree	8	d0db2027	main-btree-w8-before_wal_sync-d0db2027	prefix-020	492
main-btree	8	d0db2027	main-btree-w8-before_wal_sync-d0db2027	prefix-021	502
main-btree	8	d0db2027	main-btree-w8-before_wal_sync-d0db2027	prefix-022	512
main-btree	8	d0db2027	main-btree-w8-before_wal_sync-d0db2027	prefix-023	522
main-btree	8	d0db2027	main-btree-w8-before_wal_sync-d0db2027	prefix-024	532
main-btree	8	d0db2027	main-btree-w8-before_wal_sync-d0db2027	prefix-025	542
main-btree	8	d0db2027	main-btree-w8-before_wal_sync-d0db2027	prefix-026	552
main-btree	8	d0db2027	main-btree-w8-before_wal_sync-d0db2027	prefix-027	562
main-btree	8	d0db2027	main-btree-w8-before_wal_sync-d0db2027	prefix-028	572
main-btree	8	d0db2027	main-btree-w8-before_wal_sync-d0db2027	prefix-029	582
main-btree	8	d0db2027	main-btree-w8-before_wal_sync-d0db2027	prefix-030	592
main-btree	8	d0db2027	main-btree-w8-before_wal_sync-d0db2027	prefix-031	602
main-btree	8	d0db2027	main-btree-w8-before_wal_sync-d0db2027	prefix-032	612
main-btree	8	d0db2027	main-btree-w8-before_wal_sync-d0db2027	prefix-033	622
main-btree	8	d0db2027	main-btree-w8-before_wal_sync-d0db2027	prefix-034	632
main-btree	8	d0db2027	main-btree-w8-before_wal_sync-d0db2027	prefix-035	642
main-btree	8	d0db2027	main-btree-w8-before_wal_sync-d0db2027	prefix-036	652
main-btree	8	d0db2027	main-btree-w8-before_wal_sync-d0db2027	prefix-037	662
main-btree	8	d0db2027	main-btree-w8-before_wal_sync-d0db2027	prefix-038	672
main-btree	8	d0db2027	main-btree-w8-before_wal_sync-d0db2027	prefix-039	682
main-btree	8	d0db2027	main-btree-w8-before_wal_sync-d0db2027	prefix-040	692
main-btree	8	d0db2027	main-btree-w8-before_wal_sync-d0db2027	prefix-041	702
main-btree	8	d0db2027	main-btree-w8-before_wal_sync-d0db2027	prefix-042	712
main-btree	8	d0db2027	main-btree-w8-before_wal_sync-d0db2027	prefix-043	722
main-btree	8	d0db2027	main-btree-w8-before_wal_sync-d0db2027	prefix-044	732
main-btree	8	d0db2027	main-btree-w8-before_wal_sync-d0db2027	prefix-045	742
main-btree	8	d0db2027	main-btree-w8-before_wal_sync-d0db2027	prefix-046	752
main-btree	8	d0db2027	main-btree-w8-before_wal_sync-d0db2027	prefix-047	762
main-btree	8	d0db2027	main-btree-w8-before_wal_sync-d0db2027	prefix-048	772
main-btree	8	d0db2027	main-btree-w8-before_wal_sync-d0db2027	prefix-049	782
main-btree	8	d0db2027	main-btree-w8-before_wal_sync-d0db2027	prefix-050	792
main-btree	8	d0db2027	main-btree-w8-before_wal_sync-d0db2027	prefix-051	802
main-btree	8	d0db2027	main-btree-w8-before_wal_sync-d0db2027	prefix-052	812
main-btree	8	d0db2027	main-btree-w8-before_wal_sync-d0db2027	prefix-053	822
main-btree	8	d0db2027	main-btree-w8-before_wal_sync-d0db2027	prefix-054	832
main-btree	8	d0db2027	main-btree-w8-before_wal_sync-d0db2027	prefix-055	842
main-btree	8	d0db2027	main-btree-w8-before_wal_sync-d0db2027	prefix-056	852
main-btree	8	d0db2027	main-btree-w8-before_wal_sync-d0db2027	prefix-057	862
main-btree	8	d0db2027	main-btree-w8-before_wal_sync-d0db2027	prefix-058	872
main-btree	8	d0db2027	main-btree-w8-before_wal_sync-d0db2027	prefix-059	882
main-btree	8	d0db2027	main-btree-w8-before_wal_sync-d0db2027	prefix-060	892
main-btree	8	d0db2027	main-btree-w8-before_wal_sync-d0db2027	prefix-061	902
main-btree	8	d0db2027	main-btree-w8-before_wal_sync-d0db2027	prefix-062	912
main-btree	8	d0db2027	main-btree-w8-before_wal_sync-d0db2027	prefix-063	922
main-btree	8	d0db2027	main-btree-w8-before_wal_sync-d0db2027	prefix-064	932
main-btree	8	d0db2027	main-btree-w8-before_wal_sync-d0db2027	prefix-065	942
main-btree	8	d0db2027	main-btree-w8-before_wal_sync-d0db2027	prefix-066	952
main-btree	8	d0db2027	main-btree-w8-before_wal_sync-d0db2027	prefix-067	962
main-btree	8	d0db2027	main-btree-w8-before_wal_sync-d0db2027	prefix-068	972
main-btree	8	d0db2027	main-btree-w8-before_wal_sync-d0db2027	prefix-069	982
main-btree	8	d0db2027	main-btree-w8-before_wal_sync-d0db2027	prefix-070	992
main-btree	8	d0db2027	main-btree-w8-before_wal_sync-d0db2027	prefix-071	1002
main-btree	8	d0db2027	main-btree-w8-before_wal_sync-d0db2027	prefix-072	1012
main-btree	8	d0db2027	main-btree-w8-before_wal_sync-d0db2027	prefix-073	1022
main-btree	8	d0db2027	main-btree-w8-before_wal_sync-d0db2027	prefix-074	1032
main-btree	8	d0db2027	main-btree-w8-before_wal_sync-d0db2027	prefix-075	1042
main-btree	8	d0db2027	main-btree-w8-before_wal_sync-d0db2027	prefix-076	1052
main-btree	8	d0db2027	main-btree-w8-before_wal_sync-d0db2027	prefix-077	1062
main-btree	8	d0db2027	main-btree-w8-before_wal_sync-d0db2027	prefix-078	1072
main-btree	8	d0db2027	main-btree-w8-before_wal_sync-d0db2027	prefix-079	1082
main-btree	8	d0db2027	main-btree-w8-before_wal_sync-d0db2027	prefix-080	1092
main-btree	8	d0db2027	main-btree-w8-before_wal_sync-d0db2027	prefix-081	1102
main-btree	8	d0db2027	main-btree-w8-before_wal_sync-d0db2027	prefix-082	1112
main-btree	8	d0db2027	main-btree-w8-before_wal_sync-d0db2027	prefix-083	1122
main-btree	8	d0db2027	main-btree-w8-before_wal_sync-d0db2027	prefix-084	1132
main-btree	8	d0db2027	main-btree-w8-before_wal_sync-d0db2027	prefix-085	1142
main-btree	8	d0db2027	main-btree-w8-before_wal_sync-d0db2027	prefix-086	1152
main-btree	8	d0db2027	main-btree-w8-before_wal_sync-d0db2027	prefix-087	1162
main-btree	8	d0db2027	main-btree-w8-before_wal_sync-d0db2027	prefix-088	1172
main-btree	8	d0db2027	main-btree-w8-before_wal_sync-d0db2027	prefix-089	1182
main-btree	8	d0db2027	main-btree-w8-before_wal_sync-d0db2027	prefix-090	1192
main-btree	8	d0db2027	main-btree-w8-before_wal_sync-d0db2027	prefix-091	1202
main-btree	8	d0db2027	main-btree-w8-before_wal_sync-d0db2027	prefix-092	1212
main-btree	8	d0db2027	main-btree-w8-before_wal_sync-d0db2027	prefix-093	1222
main-btree	8	d0db2027	main-btree-w8-before_wal_sync-d0db2027	prefix-094	1232
main-btree	8	d0db2027	main-btree-w8-before_wal_sync-d0db2027	prefix-095	1242
main-btree	8	d0db2027	main-btree-w8-before_wal_sync-d0db2027	prefix-096	1252
main-btree	8	d0db2027	main-btree-w8-before_wal_sync-d0db2027	prefix-097	1262
main-btree	8	d0db2027	main-btree-w8-before_wal_sync-d0db2027	prefix-098	1272
main-btree	8	d0db2027	main-btree-w8-before_wal_sync-d0db2027	prefix-099	1282
main-btree	8	d0db2027	main-btree-w8-before_wal_sync-d0db2027	prefix-100	1292
main-btree	8	d0db2027	main-btree-w8-before_wal_sync-d0db2027	prefix-101	1302
main-btree	8	d0db2027	main-btree-w8-before_wal_sync-d0db2027	prefix-102	1312
main-btree	8	d0db2027	main-btree-w8-before_wal_sync-d0db2027	prefix-103	1322
main-btree	8	d0db2027	main-btree-w8-before_wal_sync-d0db2027	prefix-104	1332
main-btree	8	d0db2027	main-btree-w8-before_wal_sync-d0db2027	prefix-105	1342
main-btree	8	d0db2027	main-btree-w8-before_wal_sync-d0db2027	prefix-106	1352
main-btree	8	d0db2027	main-btree-w8-before_wal_sync-d0db2027	prefix-107	1362
main-btree	8	d0db2027	main-btree-w8-before_wal_sync-d0db2027	prefix-108	1372
main-btree	8	d0db2027	main-btree-w8-before_wal_sync-d0db2027	prefix-109	1382
main-btree	8	d0db2027	main-btree-w8-before_wal_sync-d0db2027	prefix-110	1392
main-btree	8	d0db2027	main-btree-w8-before_wal_sync-d0db2027	prefix-111	1402
main-btree	8	d0db2027	main-btree-w8-before_wal_sync-d0db2027	prefix-112	1412
main-btree	8	d0db2027	main-btree-w8-before_wal_sync-d0db2027	prefix-113	1422
main-btree	8	d0db2027	main-btree-w8-before_wal_sync-d0db2027	prefix-114	1432
main-btree	8	d0db2027	main-btree-w8-before_wal_sync-d0db2027	prefix-115	1442
main-btree	8	d0db2027	main-btree-w8-before_wal_sync-d0db2027	prefix-116	1452
main-btree	8	d0db2027	main-btree-w8-before_wal_sync-d0db2027	prefix-117	1462
main-btree	8	d0db2027	main-btree-w8-before_wal_sync-d0db2027	prefix-118	1472
main-btree	8	d0db2027	main-btree-w8-before_wal_sync-d0db2027	prefix-119	1482
main-btree	8	d0db2027	main-btree-w8-before_wal_sync-d0db2027	prefix-120	1492
main-btree	8	d0db2027	main-btree-w8-before_wal_sync-d0db2027	prefix-121	1502
main-btree	8	d0db2027	main-btree-w8-before_wal_sync-d0db2027	prefix-122	1512
main-btree	8	d0db2027	main-btree-w8-before_wal_sync-d0db2027	prefix-123	1522
main-btree	8	d0db2027	main-btree-w8-before_wal_sync-d0db2027	prefix-124	1532
main-btree	8	d0db2027	main-btree-w8-before_wal_sync-d0db2027	prefix-125	1542
main-btree	8	d0db2027	main-btree-w8-before_wal_sync-d0db2027	prefix-126	1552
main-btree	8	d0db2027	main-btree-w8-before_wal_sync-d0db2027	prefix-127	1562
main-btree	8	d0db2027	main-btree-w8-before_wal_sync-d0db2027	post-recovery	1575
main-btree	8	d0db2028	main-btree-w8-before_wal_sync-d0db2028	seed	282
main-btree	8	d0db2028	main-btree-w8-before_wal_sync-d0db2028	prefix-000	292
main-btree	8	d0db2028	main-btree-w8-before_wal_sync-d0db2028	prefix-001	302
main-btree	8	d0db2028	main-btree-w8-before_wal_sync-d0db2028	prefix-002	312
main-btree	8	d0db2028	main-btree-w8-before_wal_sync-d0db2028	prefix-003	322
main-btree	8	d0db2028	main-btree-w8-before_wal_sync-d0db2028	prefix-004	332
main-btree	8	d0db2028	main-btree-w8-before_wal_sync-d0db2028	prefix-005	342
main-btree	8	d0db2028	main-btree-w8-before_wal_sync-d0db2028	prefix-006	352
main-btree	8	d0db2028	main-btree-w8-before_wal_sync-d0db2028	prefix-007	362
main-btree	8	d0db2028	main-btree-w8-before_wal_sync-d0db2028	prefix-008	372
main-btree	8	d0db2028	main-btree-w8-before_wal_sync-d0db2028	prefix-009	382
main-btree	8	d0db2028	main-btree-w8-before_wal_sync-d0db2028	prefix-010	392
main-btree	8	d0db2028	main-btree-w8-before_wal_sync-d0db2028	prefix-011	402
main-btree	8	d0db2028	main-btree-w8-before_wal_sync-d0db2028	prefix-012	412
main-btree	8	d0db2028	main-btree-w8-before_wal_sync-d0db2028	prefix-013	422
main-btree	8	d0db2028	main-btree-w8-before_wal_sync-d0db2028	prefix-014	432
main-btree	8	d0db2028	main-btree-w8-before_wal_sync-d0db2028	prefix-015	442
main-btree	8	d0db2028	main-btree-w8-before_wal_sync-d0db2028	prefix-016	452
main-btree	8	d0db2028	main-btree-w8-before_wal_sync-d0db2028	prefix-017	462
main-btree	8	d0db2028	main-btree-w8-before_wal_sync-d0db2028	prefix-018	472
main-btree	8	d0db2028	main-btree-w8-before_wal_sync-d0db2028	prefix-019	482
main-btree	8	d0db2028	main-btree-w8-before_wal_sync-d0db2028	prefix-020	492
main-btree	8	d0db2028	main-btree-w8-before_wal_sync-d0db2028	prefix-021	502
main-btree	8	d0db2028	main-btree-w8-before_wal_sync-d0db2028	prefix-022	512
main-btree	8	d0db2028	main-btree-w8-before_wal_sync-d0db2028	prefix-023	522
main-btree	8	d0db2028	main-btree-w8-before_wal_sync-d0db2028	prefix-024	532
main-btree	8	d0db2028	main-btree-w8-before_wal_sync-d0db2028	prefix-025	542
main-btree	8	d0db2028	main-btree-w8-before_wal_sync-d0db2028	prefix-026	552
main-btree	8	d0db2028	main-btree-w8-before_wal_sync-d0db2028	prefix-027	562
main-btree	8	d0db2028	main-btree-w8-before_wal_sync-d0db2028	prefix-028	572
main-btree	8	d0db2028	main-btree-w8-before_wal_sync-d0db2028	prefix-029	582
main-btree	8	d0db2028	main-btree-w8-before_wal_sync-d0db2028	prefix-030	592
main-btree	8	d0db2028	main-btree-w8-before_wal_sync-d0db2028	prefix-031	602
main-btree	8	d0db2028	main-btree-w8-before_wal_sync-d0db2028	prefix-032	612
main-btree	8	d0db2028	main-btree-w8-before_wal_sync-d0db2028	prefix-033	622
main-btree	8	d0db2028	main-btree-w8-before_wal_sync-d0db2028	prefix-034	632
main-btree	8	d0db2028	main-btree-w8-before_wal_sync-d0db2028	prefix-035	642
main-btree	8	d0db2028	main-btree-w8-before_wal_sync-d0db2028	prefix-036	652
main-btree	8	d0db2028	main-btree-w8-before_wal_sync-d0db2028	prefix-037	662
main-btree	8	d0db2028	main-btree-w8-before_wal_sync-d0db2028	prefix-038	672
main-btree	8	d0db2028	main-btree-w8-before_wal_sync-d0db2028	prefix-039	682
main-btree	8	d0db2028	main-btree-w8-before_wal_sync-d0db2028	prefix-040	692
main-btree	8	d0db2028	main-btree-w8-before_wal_sync-d0db2028	prefix-041	702
main-btree	8	d0db2028	main-btree-w8-before_wal_sync-d0db2028	prefix-042	712
main-btree	8	d0db2028	main-btree-w8-before_wal_sync-d0db2028	prefix-043	722
main-btree	8	d0db2028	main-btree-w8-before_wal_sync-d0db2028	prefix-044	732
main-btree	8	d0db2028	main-btree-w8-before_wal_sync-d0db2028	prefix-045	742
main-btree	8	d0db2028	main-btree-w8-before_wal_sync-d0db2028	prefix-046	752
main-btree	8	d0db2028	main-btree-w8-before_wal_sync-d0db2028	prefix-047	762
main-btree	8	d0db2028	main-btree-w8-before_wal_sync-d0db2028	prefix-048	772
main-btree	8	d0db2028	main-btree-w8-before_wal_sync-d0db2028	prefix-049	782
main-btree	8	d0db2028	main-btree-w8-before_wal_sync-d0db2028	prefix-050	792
main-btree	8	d0db2028	main-btree-w8-before_wal_sync-d0db2028	prefix-051	802
main-btree	8	d0db2028	main-btree-w8-before_wal_sync-d0db2028	prefix-052	812
main-btree	8	d0db2028	main-btree-w8-before_wal_sync-d0db2028	prefix-053	822
main-btree	8	d0db2028	main-btree-w8-before_wal_sync-d0db2028	prefix-054	832
main-btree	8	d0db2028	main-btree-w8-before_wal_sync-d0db2028	prefix-055	842
main-btree	8	d0db2028	main-btree-w8-before_wal_sync-d0db2028	prefix-056	852
main-btree	8	d0db2028	main-btree-w8-before_wal_sync-d0db2028	prefix-057	862
main-btree	8	d0db2028	main-btree-w8-before_wal_sync-d0db2028	prefix-058	872
main-btree	8	d0db2028	main-btree-w8-before_wal_sync-d0db2028	prefix-059	882
main-btree	8	d0db2028	main-btree-w8-before_wal_sync-d0db2028	prefix-060	892
main-btree	8	d0db2028	main-btree-w8-before_wal_sync-d0db2028	prefix-061	902
main-btree	8	d0db2028	main-btree-w8-before_wal_sync-d0db2028	prefix-062	912
main-btree	8	d0db2028	main-btree-w8-before_wal_sync-d0db2028	prefix-063	922
main-btree	8	d0db2028	main-btree-w8-before_wal_sync-d0db2028	prefix-064	932
main-btree	8	d0db2028	main-btree-w8-before_wal_sync-d0db2028	prefix-065	942
main-btree	8	d0db2028	main-btree-w8-before_wal_sync-d0db2028	prefix-066	952
main-btree	8	d0db2028	main-btree-w8-before_wal_sync-d0db2028	prefix-067	962
main-btree	8	d0db2028	main-btree-w8-before_wal_sync-d0db2028	prefix-068	972
main-btree	8	d0db2028	main-btree-w8-before_wal_sync-d0db2028	prefix-069	982
main-btree	8	d0db2028	main-btree-w8-before_wal_sync-d0db2028	prefix-070	992
main-btree	8	d0db2028	main-btree-w8-before_wal_sync-d0db2028	prefix-071	1002
main-btree	8	d0db2028	main-btree-w8-before_wal_sync-d0db2028	prefix-072	1012
main-btree	8	d0db2028	main-btree-w8-before_wal_sync-d0db2028	prefix-073	1022
main-btree	8	d0db2028	main-btree-w8-before_wal_sync-d0db2028	prefix-074	1032
main-btree	8	d0db2028	main-btree-w8-before_wal_sync-d0db2028	prefix-075	1042
main-btree	8	d0db2028	main-btree-w8-before_wal_sync-d0db2028	prefix-076	1052
main-btree	8	d0db2028	main-btree-w8-before_wal_sync-d0db2028	prefix-077	1062
main-btree	8	d0db2028	main-btree-w8-before_wal_sync-d0db2028	prefix-078	1072
main-btree	8	d0db2028	main-btree-w8-before_wal_sync-d0db2028	prefix-079	1082
main-btree	8	d0db2028	main-btree-w8-before_wal_sync-d0db2028	prefix-080	1092
main-btree	8	d0db2028	main-btree-w8-before_wal_sync-d0db2028	prefix-081	1102
main-btree	8	d0db2028	main-btree-w8-before_wal_sync-d0db2028	prefix-082	1112
main-btree	8	d0db2028	main-btree-w8-before_wal_sync-d0db2028	prefix-083	1122
main-btree	8	d0db2028	main-btree-w8-before_wal_sync-d0db2028	prefix-084	1132
main-btree	8	d0db2028	main-btree-w8-before_wal_sync-d0db2028	prefix-085	1142
main-btree	8	d0db2028	main-btree-w8-before_wal_sync-d0db2028	prefix-086	1152
main-btree	8	d0db2028	main-btree-w8-before_wal_sync-d0db2028	prefix-087	1162
main-btree	8	d0db2028	main-btree-w8-before_wal_sync-d0db2028	prefix-088	1172
main-btree	8	d0db2028	main-btree-w8-before_wal_sync-d0db2028	prefix-089	1182
main-btree	8	d0db2028	main-btree-w8-before_wal_sync-d0db2028	prefix-090	1192
main-btree	8	d0db2028	main-btree-w8-before_wal_sync-d0db2028	prefix-091	1202
main-btree	8	d0db2028	main-btree-w8-before_wal_sync-d0db2028	prefix-092	1212
main-btree	8	d0db2028	main-btree-w8-before_wal_sync-d0db2028	prefix-093	1222
main-btree	8	d0db2028	main-btree-w8-before_wal_sync-d0db2028	prefix-094	1232
main-btree	8	d0db2028	main-btree-w8-before_wal_sync-d0db2028	prefix-095	1242
main-btree	8	d0db2028	main-btree-w8-before_wal_sync-d0db2028	prefix-096	1252
main-btree	8	d0db2028	main-btree-w8-before_wal_sync-d0db2028	prefix-097	1262
main-btree	8	d0db2028	main-btree-w8-before_wal_sync-d0db2028	prefix-098	1272
main-btree	8	d0db2028	main-btree-w8-before_wal_sync-d0db2028	prefix-099	1282
main-btree	8	d0db2028	main-btree-w8-before_wal_sync-d0db2028	prefix-100	1292
main-btree	8	d0db2028	main-btree-w8-before_wal_sync-d0db2028	prefix-101	1302
main-btree	8	d0db2028	main-btree-w8-before_wal_sync-d0db2028	prefix-102	1312
main-btree	8	d0db2028	main-btree-w8-before_wal_sync-d0db2028	prefix-103	1322
main-btree	8	d0db2028	main-btree-w8-before_wal_sync-d0db2028	prefix-104	1332
main-btree	8	d0db2028	main-btree-w8-before_wal_sync-d0db2028	prefix-105	1342
main-btree	8	d0db2028	main-btree-w8-before_wal_sync-d0db2028	prefix-106	1352
main-btree	8	d0db2028	main-btree-w8-before_wal_sync-d0db2028	prefix-107	1362
main-btree	8	d0db2028	main-btree-w8-before_wal_sync-d0db2028	prefix-108	1372
main-btree	8	d0db2028	main-btree-w8-before_wal_sync-d0db2028	prefix-109	1382
main-btree	8	d0db2028	main-btree-w8-before_wal_sync-d0db2028	prefix-110	1392
main-btree	8	d0db2028	main-btree-w8-before_wal_sync-d0db2028	prefix-111	1402
main-btree	8	d0db2028	main-btree-w8-before_wal_sync-d0db2028	prefix-112	1412
main-btree	8	d0db2028	main-btree-w8-before_wal_sync-d0db2028	prefix-113	1422
main-btree	8	d0db2028	main-btree-w8-before_wal_sync-d0db2028	prefix-114	1432
main-btree	8	d0db2028	main-btree-w8-before_wal_sync-d0db2028	prefix-115	1442
main-btree	8	d0db2028	main-btree-w8-before_wal_sync-d0db2028	prefix-116	1452
main-btree	8	d0db2028	main-btree-w8-before_wal_sync-d0db2028	prefix-117	1462
main-btree	8	d0db2028	main-btree-w8-before_wal_sync-d0db2028	prefix-118	1472
main-btree	8	d0db2028	main-btree-w8-before_wal_sync-d0db2028	prefix-119	1482
main-btree	8	d0db2028	main-btree-w8-before_wal_sync-d0db2028	prefix-120	1492
main-btree	8	d0db2028	main-btree-w8-before_wal_sync-d0db2028	prefix-121	1502
main-btree	8	d0db2028	main-btree-w8-before_wal_sync-d0db2028	prefix-122	1512
main-btree	8	d0db2028	main-btree-w8-before_wal_sync-d0db2028	prefix-123	1522
main-btree	8	d0db2028	main-btree-w8-before_wal_sync-d0db2028	prefix-124	1532
main-btree	8	d0db2028	main-btree-w8-before_wal_sync-d0db2028	prefix-125	1542
main-btree	8	d0db2028	main-btree-w8-before_wal_sync-d0db2028	prefix-126	1552
main-btree	8	d0db2028	main-btree-w8-before_wal_sync-d0db2028	prefix-127	1562
main-btree	8	d0db2028	main-btree-w8-before_wal_sync-d0db2028	post-recovery	1575
main-btree	8	d0db2026	main-btree-w8-after_wal_sync-d0db2026	seed	282
main-btree	8	d0db2026	main-btree-w8-after_wal_sync-d0db2026	prefix-000	292
main-btree	8	d0db2026	main-btree-w8-after_wal_sync-d0db2026	prefix-001	302
main-btree	8	d0db2026	main-btree-w8-after_wal_sync-d0db2026	prefix-002	312
main-btree	8	d0db2026	main-btree-w8-after_wal_sync-d0db2026	prefix-003	322
main-btree	8	d0db2026	main-btree-w8-after_wal_sync-d0db2026	prefix-004	332
main-btree	8	d0db2026	main-btree-w8-after_wal_sync-d0db2026	prefix-005	342
main-btree	8	d0db2026	main-btree-w8-after_wal_sync-d0db2026	prefix-006	352
main-btree	8	d0db2026	main-btree-w8-after_wal_sync-d0db2026	prefix-007	362
main-btree	8	d0db2026	main-btree-w8-after_wal_sync-d0db2026	prefix-008	372
main-btree	8	d0db2026	main-btree-w8-after_wal_sync-d0db2026	prefix-009	382
main-btree	8	d0db2026	main-btree-w8-after_wal_sync-d0db2026	prefix-010	392
main-btree	8	d0db2026	main-btree-w8-after_wal_sync-d0db2026	prefix-011	402
main-btree	8	d0db2026	main-btree-w8-after_wal_sync-d0db2026	prefix-012	412
main-btree	8	d0db2026	main-btree-w8-after_wal_sync-d0db2026	prefix-013	422
main-btree	8	d0db2026	main-btree-w8-after_wal_sync-d0db2026	prefix-014	432
main-btree	8	d0db2026	main-btree-w8-after_wal_sync-d0db2026	prefix-015	442
main-btree	8	d0db2026	main-btree-w8-after_wal_sync-d0db2026	prefix-016	452
main-btree	8	d0db2026	main-btree-w8-after_wal_sync-d0db2026	prefix-017	462
main-btree	8	d0db2026	main-btree-w8-after_wal_sync-d0db2026	prefix-018	472
main-btree	8	d0db2026	main-btree-w8-after_wal_sync-d0db2026	prefix-019	482
main-btree	8	d0db2026	main-btree-w8-after_wal_sync-d0db2026	prefix-020	492
main-btree	8	d0db2026	main-btree-w8-after_wal_sync-d0db2026	prefix-021	502
main-btree	8	d0db2026	main-btree-w8-after_wal_sync-d0db2026	prefix-022	512
main-btree	8	d0db2026	main-btree-w8-after_wal_sync-d0db2026	prefix-023	522
main-btree	8	d0db2026	main-btree-w8-after_wal_sync-d0db2026	prefix-024	532
main-btree	8	d0db2026	main-btree-w8-after_wal_sync-d0db2026	prefix-025	542
main-btree	8	d0db2026	main-btree-w8-after_wal_sync-d0db2026	prefix-026	552
main-btree	8	d0db2026	main-btree-w8-after_wal_sync-d0db2026	prefix-027	562
main-btree	8	d0db2026	main-btree-w8-after_wal_sync-d0db2026	prefix-028	572
main-btree	8	d0db2026	main-btree-w8-after_wal_sync-d0db2026	prefix-029	582
main-btree	8	d0db2026	main-btree-w8-after_wal_sync-d0db2026	prefix-030	592
main-btree	8	d0db2026	main-btree-w8-after_wal_sync-d0db2026	prefix-031	602
main-btree	8	d0db2026	main-btree-w8-after_wal_sync-d0db2026	prefix-032	612
main-btree	8	d0db2026	main-btree-w8-after_wal_sync-d0db2026	prefix-033	622
main-btree	8	d0db2026	main-btree-w8-after_wal_sync-d0db2026	prefix-034	632
main-btree	8	d0db2026	main-btree-w8-after_wal_sync-d0db2026	prefix-035	642
main-btree	8	d0db2026	main-btree-w8-after_wal_sync-d0db2026	prefix-036	652
main-btree	8	d0db2026	main-btree-w8-after_wal_sync-d0db2026	prefix-037	662
main-btree	8	d0db2026	main-btree-w8-after_wal_sync-d0db2026	prefix-038	672
main-btree	8	d0db2026	main-btree-w8-after_wal_sync-d0db2026	prefix-039	682
main-btree	8	d0db2026	main-btree-w8-after_wal_sync-d0db2026	prefix-040	692
main-btree	8	d0db2026	main-btree-w8-after_wal_sync-d0db2026	prefix-041	702
main-btree	8	d0db2026	main-btree-w8-after_wal_sync-d0db2026	prefix-042	712
main-btree	8	d0db2026	main-btree-w8-after_wal_sync-d0db2026	prefix-043	722
main-btree	8	d0db2026	main-btree-w8-after_wal_sync-d0db2026	prefix-044	732
main-btree	8	d0db2026	main-btree-w8-after_wal_sync-d0db2026	prefix-045	742
main-btree	8	d0db2026	main-btree-w8-after_wal_sync-d0db2026	prefix-046	752
main-btree	8	d0db2026	main-btree-w8-after_wal_sync-d0db2026	prefix-047	762
main-btree	8	d0db2026	main-btree-w8-after_wal_sync-d0db2026	prefix-048	772
main-btree	8	d0db2026	main-btree-w8-after_wal_sync-d0db2026	prefix-049	782
main-btree	8	d0db2026	main-btree-w8-after_wal_sync-d0db2026	prefix-050	792
main-btree	8	d0db2026	main-btree-w8-after_wal_sync-d0db2026	prefix-051	802
main-btree	8	d0db2026	main-btree-w8-after_wal_sync-d0db2026	prefix-052	812
main-btree	8	d0db2026	main-btree-w8-after_wal_sync-d0db2026	prefix-053	822
main-btree	8	d0db2026	main-btree-w8-after_wal_sync-d0db2026	prefix-054	832
main-btree	8	d0db2026	main-btree-w8-after_wal_sync-d0db2026	prefix-055	842
main-btree	8	d0db2026	main-btree-w8-after_wal_sync-d0db2026	prefix-056	852
main-btree	8	d0db2026	main-btree-w8-after_wal_sync-d0db2026	prefix-057	862
main-btree	8	d0db2026	main-btree-w8-after_wal_sync-d0db2026	prefix-058	872
main-btree	8	d0db2026	main-btree-w8-after_wal_sync-d0db2026	prefix-059	882
main-btree	8	d0db2026	main-btree-w8-after_wal_sync-d0db2026	prefix-060	892
main-btree	8	d0db2026	main-btree-w8-after_wal_sync-d0db2026	prefix-061	902
main-btree	8	d0db2026	main-btree-w8-after_wal_sync-d0db2026	prefix-062	912
main-btree	8	d0db2026	main-btree-w8-after_wal_sync-d0db2026	prefix-063	922
main-btree	8	d0db2026	main-btree-w8-after_wal_sync-d0db2026	prefix-064	932
main-btree	8	d0db2026	main-btree-w8-after_wal_sync-d0db2026	prefix-065	942
main-btree	8	d0db2026	main-btree-w8-after_wal_sync-d0db2026	prefix-066	952
main-btree	8	d0db2026	main-btree-w8-after_wal_sync-d0db2026	prefix-067	962
main-btree	8	d0db2026	main-btree-w8-after_wal_sync-d0db2026	prefix-068	972
main-btree	8	d0db2026	main-btree-w8-after_wal_sync-d0db2026	prefix-069	982
main-btree	8	d0db2026	main-btree-w8-after_wal_sync-d0db2026	prefix-070	992
main-btree	8	d0db2026	main-btree-w8-after_wal_sync-d0db2026	prefix-071	1002
main-btree	8	d0db2026	main-btree-w8-after_wal_sync-d0db2026	prefix-072	1012
main-btree	8	d0db2026	main-btree-w8-after_wal_sync-d0db2026	prefix-073	1022
main-btree	8	d0db2026	main-btree-w8-after_wal_sync-d0db2026	prefix-074	1032
main-btree	8	d0db2026	main-btree-w8-after_wal_sync-d0db2026	prefix-075	1042
main-btree	8	d0db2026	main-btree-w8-after_wal_sync-d0db2026	prefix-076	1052
main-btree	8	d0db2026	main-btree-w8-after_wal_sync-d0db2026	prefix-077	1062
main-btree	8	d0db2026	main-btree-w8-after_wal_sync-d0db2026	prefix-078	1072
main-btree	8	d0db2026	main-btree-w8-after_wal_sync-d0db2026	prefix-079	1082
main-btree	8	d0db2026	main-btree-w8-after_wal_sync-d0db2026	prefix-080	1092
main-btree	8	d0db2026	main-btree-w8-after_wal_sync-d0db2026	prefix-081	1102
main-btree	8	d0db2026	main-btree-w8-after_wal_sync-d0db2026	prefix-082	1112
main-btree	8	d0db2026	main-btree-w8-after_wal_sync-d0db2026	prefix-083	1122
main-btree	8	d0db2026	main-btree-w8-after_wal_sync-d0db2026	prefix-084	1132
main-btree	8	d0db2026	main-btree-w8-after_wal_sync-d0db2026	prefix-085	1142
main-btree	8	d0db2026	main-btree-w8-after_wal_sync-d0db2026	prefix-086	1152
main-btree	8	d0db2026	main-btree-w8-after_wal_sync-d0db2026	prefix-087	1162
main-btree	8	d0db2026	main-btree-w8-after_wal_sync-d0db2026	prefix-088	1172
main-btree	8	d0db2026	main-btree-w8-after_wal_sync-d0db2026	prefix-089	1182
main-btree	8	d0db2026	main-btree-w8-after_wal_sync-d0db2026	prefix-090	1192
main-btree	8	d0db2026	main-btree-w8-after_wal_sync-d0db2026	prefix-091	1202
main-btree	8	d0db2026	main-btree-w8-after_wal_sync-d0db2026	prefix-092	1212
main-btree	8	d0db2026	main-btree-w8-after_wal_sync-d0db2026	prefix-093	1222
main-btree	8	d0db2026	main-btree-w8-after_wal_sync-d0db2026	prefix-094	1232
main-btree	8	d0db2026	main-btree-w8-after_wal_sync-d0db2026	prefix-095	1242
main-btree	8	d0db2026	main-btree-w8-after_wal_sync-d0db2026	prefix-096	1252
main-btree	8	d0db2026	main-btree-w8-after_wal_sync-d0db2026	prefix-097	1262
main-btree	8	d0db2026	main-btree-w8-after_wal_sync-d0db2026	prefix-098	1272
main-btree	8	d0db2026	main-btree-w8-after_wal_sync-d0db2026	prefix-099	1282
main-btree	8	d0db2026	main-btree-w8-after_wal_sync-d0db2026	prefix-100	1292
main-btree	8	d0db2026	main-btree-w8-after_wal_sync-d0db2026	prefix-101	1302
main-btree	8	d0db2026	main-btree-w8-after_wal_sync-d0db2026	prefix-102	1312
main-btree	8	d0db2026	main-btree-w8-after_wal_sync-d0db2026	prefix-103	1322
main-btree	8	d0db2026	main-btree-w8-after_wal_sync-d0db2026	prefix-104	1332
main-btree	8	d0db2026	main-btree-w8-after_wal_sync-d0db2026	prefix-105	1342
main-btree	8	d0db2026	main-btree-w8-after_wal_sync-d0db2026	prefix-106	1352
main-btree	8	d0db2026	main-btree-w8-after_wal_sync-d0db2026	prefix-107	1362
main-btree	8	d0db2026	main-btree-w8-after_wal_sync-d0db2026	prefix-108	1372
main-btree	8	d0db2026	main-btree-w8-after_wal_sync-d0db2026	prefix-109	1382
main-btree	8	d0db2026	main-btree-w8-after_wal_sync-d0db2026	prefix-110	1392
main-btree	8	d0db2026	main-btree-w8-after_wal_sync-d0db2026	prefix-111	1402
main-btree	8	d0db2026	main-btree-w8-after_wal_sync-d0db2026	prefix-112	1412
main-btree	8	d0db2026	main-btree-w8-after_wal_sync-d0db2026	prefix-113	1422
main-btree	8	d0db2026	main-btree-w8-after_wal_sync-d0db2026	prefix-114	1432
main-btree	8	d0db2026	main-btree-w8-after_wal_sync-d0db2026	prefix-115	1442
main-btree	8	d0db2026	main-btree-w8-after_wal_sync-d0db2026	prefix-116	1452
main-btree	8	d0db2026	main-btree-w8-after_wal_sync-d0db2026	prefix-117	1462
main-btree	8	d0db2026	main-btree-w8-after_wal_sync-d0db2026	prefix-118	1472
main-btree	8	d0db2026	main-btree-w8-after_wal_sync-d0db2026	prefix-119	1482
main-btree	8	d0db2026	main-btree-w8-after_wal_sync-d0db2026	prefix-120	1492
main-btree	8	d0db2026	main-btree-w8-after_wal_sync-d0db2026	prefix-121	1502
main-btree	8	d0db2026	main-btree-w8-after_wal_sync-d0db2026	prefix-122	1512
main-btree	8	d0db2026	main-btree-w8-after_wal_sync-d0db2026	prefix-123	1522
main-btree	8	d0db2026	main-btree-w8-after_wal_sync-d0db2026	prefix-124	1532
main-btree	8	d0db2026	main-btree-w8-after_wal_sync-d0db2026	prefix-125	1542
main-btree	8	d0db2026	main-btree-w8-after_wal_sync-d0db2026	prefix-126	1552
main-btree	8	d0db2026	main-btree-w8-after_wal_sync-d0db2026	prefix-127	1562
main-btree	8	d0db2026	main-btree-w8-after_wal_sync-d0db2026	post-recovery	1575
main-btree	8	d0db2027	main-btree-w8-after_wal_sync-d0db2027	seed	282
main-btree	8	d0db2027	main-btree-w8-after_wal_sync-d0db2027	prefix-000	292
main-btree	8	d0db2027	main-btree-w8-after_wal_sync-d0db2027	prefix-001	302
main-btree	8	d0db2027	main-btree-w8-after_wal_sync-d0db2027	prefix-002	312
main-btree	8	d0db2027	main-btree-w8-after_wal_sync-d0db2027	prefix-003	322
main-btree	8	d0db2027	main-btree-w8-after_wal_sync-d0db2027	prefix-004	332
main-btree	8	d0db2027	main-btree-w8-after_wal_sync-d0db2027	prefix-005	342
main-btree	8	d0db2027	main-btree-w8-after_wal_sync-d0db2027	prefix-006	352
main-btree	8	d0db2027	main-btree-w8-after_wal_sync-d0db2027	prefix-007	362
main-btree	8	d0db2027	main-btree-w8-after_wal_sync-d0db2027	prefix-008	372
main-btree	8	d0db2027	main-btree-w8-after_wal_sync-d0db2027	prefix-009	382
main-btree	8	d0db2027	main-btree-w8-after_wal_sync-d0db2027	prefix-010	392
main-btree	8	d0db2027	main-btree-w8-after_wal_sync-d0db2027	prefix-011	402
main-btree	8	d0db2027	main-btree-w8-after_wal_sync-d0db2027	prefix-012	412
main-btree	8	d0db2027	main-btree-w8-after_wal_sync-d0db2027	prefix-013	422
main-btree	8	d0db2027	main-btree-w8-after_wal_sync-d0db2027	prefix-014	432
main-btree	8	d0db2027	main-btree-w8-after_wal_sync-d0db2027	prefix-015	442
main-btree	8	d0db2027	main-btree-w8-after_wal_sync-d0db2027	prefix-016	452
main-btree	8	d0db2027	main-btree-w8-after_wal_sync-d0db2027	prefix-017	462
main-btree	8	d0db2027	main-btree-w8-after_wal_sync-d0db2027	prefix-018	472
main-btree	8	d0db2027	main-btree-w8-after_wal_sync-d0db2027	prefix-019	482
main-btree	8	d0db2027	main-btree-w8-after_wal_sync-d0db2027	prefix-020	492
main-btree	8	d0db2027	main-btree-w8-after_wal_sync-d0db2027	prefix-021	502
main-btree	8	d0db2027	main-btree-w8-after_wal_sync-d0db2027	prefix-022	512
main-btree	8	d0db2027	main-btree-w8-after_wal_sync-d0db2027	prefix-023	522
main-btree	8	d0db2027	main-btree-w8-after_wal_sync-d0db2027	prefix-024	532
main-btree	8	d0db2027	main-btree-w8-after_wal_sync-d0db2027	prefix-025	542
main-btree	8	d0db2027	main-btree-w8-after_wal_sync-d0db2027	prefix-026	552
main-btree	8	d0db2027	main-btree-w8-after_wal_sync-d0db2027	prefix-027	562
main-btree	8	d0db2027	main-btree-w8-after_wal_sync-d0db2027	prefix-028	572
main-btree	8	d0db2027	main-btree-w8-after_wal_sync-d0db2027	prefix-029	582
main-btree	8	d0db2027	main-btree-w8-after_wal_sync-d0db2027	prefix-030	592
main-btree	8	d0db2027	main-btree-w8-after_wal_sync-d0db2027	prefix-031	602
main-btree	8	d0db2027	main-btree-w8-after_wal_sync-d0db2027	prefix-032	612
main-btree	8	d0db2027	main-btree-w8-after_wal_sync-d0db2027	prefix-033	622
main-btree	8	d0db2027	main-btree-w8-after_wal_sync-d0db2027	prefix-034	632
main-btree	8	d0db2027	main-btree-w8-after_wal_sync-d0db2027	prefix-035	642
main-btree	8	d0db2027	main-btree-w8-after_wal_sync-d0db2027	prefix-036	652
main-btree	8	d0db2027	main-btree-w8-after_wal_sync-d0db2027	prefix-037	662
main-btree	8	d0db2027	main-btree-w8-after_wal_sync-d0db2027	prefix-038	672
main-btree	8	d0db2027	main-btree-w8-after_wal_sync-d0db2027	prefix-039	682
main-btree	8	d0db2027	main-btree-w8-after_wal_sync-d0db2027	prefix-040	692
main-btree	8	d0db2027	main-btree-w8-after_wal_sync-d0db2027	prefix-041	702
main-btree	8	d0db2027	main-btree-w8-after_wal_sync-d0db2027	prefix-042	712
main-btree	8	d0db2027	main-btree-w8-after_wal_sync-d0db2027	prefix-043	722
main-btree	8	d0db2027	main-btree-w8-after_wal_sync-d0db2027	prefix-044	732
main-btree	8	d0db2027	main-btree-w8-after_wal_sync-d0db2027	prefix-045	742
main-btree	8	d0db2027	main-btree-w8-after_wal_sync-d0db2027	prefix-046	752
main-btree	8	d0db2027	main-btree-w8-after_wal_sync-d0db2027	prefix-047	762
main-btree	8	d0db2027	main-btree-w8-after_wal_sync-d0db2027	prefix-048	772
main-btree	8	d0db2027	main-btree-w8-after_wal_sync-d0db2027	prefix-049	782
main-btree	8	d0db2027	main-btree-w8-after_wal_sync-d0db2027	prefix-050	792
main-btree	8	d0db2027	main-btree-w8-after_wal_sync-d0db2027	prefix-051	802
main-btree	8	d0db2027	main-btree-w8-after_wal_sync-d0db2027	prefix-052	812
main-btree	8	d0db2027	main-btree-w8-after_wal_sync-d0db2027	prefix-053	822
main-btree	8	d0db2027	main-btree-w8-after_wal_sync-d0db2027	prefix-054	832
main-btree	8	d0db2027	main-btree-w8-after_wal_sync-d0db2027	prefix-055	842
main-btree	8	d0db2027	main-btree-w8-after_wal_sync-d0db2027	prefix-056	852
main-btree	8	d0db2027	main-btree-w8-after_wal_sync-d0db2027	prefix-057	862
main-btree	8	d0db2027	main-btree-w8-after_wal_sync-d0db2027	prefix-058	872
main-btree	8	d0db2027	main-btree-w8-after_wal_sync-d0db2027	prefix-059	882
main-btree	8	d0db2027	main-btree-w8-after_wal_sync-d0db2027	prefix-060	892
main-btree	8	d0db2027	main-btree-w8-after_wal_sync-d0db2027	prefix-061	902
main-btree	8	d0db2027	main-btree-w8-after_wal_sync-d0db2027	prefix-062	912
main-btree	8	d0db2027	main-btree-w8-after_wal_sync-d0db2027	prefix-063	922
main-btree	8	d0db2027	main-btree-w8-after_wal_sync-d0db2027	prefix-064	932
main-btree	8	d0db2027	main-btree-w8-after_wal_sync-d0db2027	prefix-065	942
main-btree	8	d0db2027	main-btree-w8-after_wal_sync-d0db2027	prefix-066	952
main-btree	8	d0db2027	main-btree-w8-after_wal_sync-d0db2027	prefix-067	962
main-btree	8	d0db2027	main-btree-w8-after_wal_sync-d0db2027	prefix-068	972
main-btree	8	d0db2027	main-btree-w8-after_wal_sync-d0db2027	prefix-069	982
main-btree	8	d0db2027	main-btree-w8-after_wal_sync-d0db2027	prefix-070	992
main-btree	8	d0db2027	main-btree-w8-after_wal_sync-d0db2027	prefix-071	1002
main-btree	8	d0db2027	main-btree-w8-after_wal_sync-d0db2027	prefix-072	1012
main-btree	8	d0db2027	main-btree-w8-after_wal_sync-d0db2027	prefix-073	1022
main-btree	8	d0db2027	main-btree-w8-after_wal_sync-d0db2027	prefix-074	1032
main-btree	8	d0db2027	main-btree-w8-after_wal_sync-d0db2027	prefix-075	1042
main-btree	8	d0db2027	main-btree-w8-after_wal_sync-d0db2027	prefix-076	1052
main-btree	8	d0db2027	main-btree-w8-after_wal_sync-d0db2027	prefix-077	1062
main-btree	8	d0db2027	main-btree-w8-after_wal_sync-d0db2027	prefix-078	1072
main-btree	8	d0db2027	main-btree-w8-after_wal_sync-d0db2027	prefix-079	1082
main-btree	8	d0db2027	main-btree-w8-after_wal_sync-d0db2027	prefix-080	1092
main-btree	8	d0db2027	main-btree-w8-after_wal_sync-d0db2027	prefix-081	1102
main-btree	8	d0db2027	main-btree-w8-after_wal_sync-d0db2027	prefix-082	1112
main-btree	8	d0db2027	main-btree-w8-after_wal_sync-d0db2027	prefix-083	1122
main-btree	8	d0db2027	main-btree-w8-after_wal_sync-d0db2027	prefix-084	1132
main-btree	8	d0db2027	main-btree-w8-after_wal_sync-d0db2027	prefix-085	1142
main-btree	8	d0db2027	main-btree-w8-after_wal_sync-d0db2027	prefix-086	1152
main-btree	8	d0db2027	main-btree-w8-after_wal_sync-d0db2027	prefix-087	1162
main-btree	8	d0db2027	main-btree-w8-after_wal_sync-d0db2027	prefix-088	1172
main-btree	8	d0db2027	main-btree-w8-after_wal_sync-d0db2027	prefix-089	1182
main-btree	8	d0db2027	main-btree-w8-after_wal_sync-d0db2027	prefix-090	1192
main-btree	8	d0db2027	main-btree-w8-after_wal_sync-d0db2027	prefix-091	1202
main-btree	8	d0db2027	main-btree-w8-after_wal_sync-d0db2027	prefix-092	1212
main-btree	8	d0db2027	main-btree-w8-after_wal_sync-d0db2027	prefix-093	1222
main-btree	8	d0db2027	main-btree-w8-after_wal_sync-d0db2027	prefix-094	1232
main-btree	8	d0db2027	main-btree-w8-after_wal_sync-d0db2027	prefix-095	1242
main-btree	8	d0db2027	main-btree-w8-after_wal_sync-d0db2027	prefix-096	1252
main-btree	8	d0db2027	main-btree-w8-after_wal_sync-d0db2027	prefix-097	1262
main-btree	8	d0db2027	main-btree-w8-after_wal_sync-d0db2027	prefix-098	1272
main-btree	8	d0db2027	main-btree-w8-after_wal_sync-d0db2027	prefix-099	1282
main-btree	8	d0db2027	main-btree-w8-after_wal_sync-d0db2027	prefix-100	1292
main-btree	8	d0db2027	main-btree-w8-after_wal_sync-d0db2027	prefix-101	1302
main-btree	8	d0db2027	main-btree-w8-after_wal_sync-d0db2027	prefix-102	1312
main-btree	8	d0db2027	main-btree-w8-after_wal_sync-d0db2027	prefix-103	1322
main-btree	8	d0db2027	main-btree-w8-after_wal_sync-d0db2027	prefix-104	1332
main-btree	8	d0db2027	main-btree-w8-after_wal_sync-d0db2027	prefix-105	1342
main-btree	8	d0db2027	main-btree-w8-after_wal_sync-d0db2027	prefix-106	1352
main-btree	8	d0db2027	main-btree-w8-after_wal_sync-d0db2027	prefix-107	1362
main-btree	8	d0db2027	main-btree-w8-after_wal_sync-d0db2027	prefix-108	1372
main-btree	8	d0db2027	main-btree-w8-after_wal_sync-d0db2027	prefix-109	1382
main-btree	8	d0db2027	main-btree-w8-after_wal_sync-d0db2027	prefix-110	1392
main-btree	8	d0db2027	main-btree-w8-after_wal_sync-d0db2027	prefix-111	1402
main-btree	8	d0db2027	main-btree-w8-after_wal_sync-d0db2027	prefix-112	1412
main-btree	8	d0db2027	main-btree-w8-after_wal_sync-d0db2027	prefix-113	1422
main-btree	8	d0db2027	main-btree-w8-after_wal_sync-d0db2027	prefix-114	1432
main-btree	8	d0db2027	main-btree-w8-after_wal_sync-d0db2027	prefix-115	1442
main-btree	8	d0db2027	main-btree-w8-after_wal_sync-d0db2027	prefix-116	1452
main-btree	8	d0db2027	main-btree-w8-after_wal_sync-d0db2027	prefix-117	1462
main-btree	8	d0db2027	main-btree-w8-after_wal_sync-d0db2027	prefix-118	1472
main-btree	8	d0db2027	main-btree-w8-after_wal_sync-d0db2027	prefix-119	1482
main-btree	8	d0db2027	main-btree-w8-after_wal_sync-d0db2027	prefix-120	1492
main-btree	8	d0db2027	main-btree-w8-after_wal_sync-d0db2027	prefix-121	1502
main-btree	8	d0db2027	main-btree-w8-after_wal_sync-d0db2027	prefix-122	1512
main-btree	8	d0db2027	main-btree-w8-after_wal_sync-d0db2027	prefix-123	1522
main-btree	8	d0db2027	main-btree-w8-after_wal_sync-d0db2027	prefix-124	1532
main-btree	8	d0db2027	main-btree-w8-after_wal_sync-d0db2027	prefix-125	1542
main-btree	8	d0db2027	main-btree-w8-after_wal_sync-d0db2027	prefix-126	1552
main-btree	8	d0db2027	main-btree-w8-after_wal_sync-d0db2027	prefix-127	1562
main-btree	8	d0db2027	main-btree-w8-after_wal_sync-d0db2027	post-recovery	1575
main-btree	8	d0db2028	main-btree-w8-after_wal_sync-d0db2028	seed	282
main-btree	8	d0db2028	main-btree-w8-after_wal_sync-d0db2028	prefix-000	292
main-btree	8	d0db2028	main-btree-w8-after_wal_sync-d0db2028	prefix-001	302
main-btree	8	d0db2028	main-btree-w8-after_wal_sync-d0db2028	prefix-002	312
main-btree	8	d0db2028	main-btree-w8-after_wal_sync-d0db2028	prefix-003	322
main-btree	8	d0db2028	main-btree-w8-after_wal_sync-d0db2028	prefix-004	332
main-btree	8	d0db2028	main-btree-w8-after_wal_sync-d0db2028	prefix-005	342
main-btree	8	d0db2028	main-btree-w8-after_wal_sync-d0db2028	prefix-006	352
main-btree	8	d0db2028	main-btree-w8-after_wal_sync-d0db2028	prefix-007	362
main-btree	8	d0db2028	main-btree-w8-after_wal_sync-d0db2028	prefix-008	372
main-btree	8	d0db2028	main-btree-w8-after_wal_sync-d0db2028	prefix-009	382
main-btree	8	d0db2028	main-btree-w8-after_wal_sync-d0db2028	prefix-010	392
main-btree	8	d0db2028	main-btree-w8-after_wal_sync-d0db2028	prefix-011	402
main-btree	8	d0db2028	main-btree-w8-after_wal_sync-d0db2028	prefix-012	412
main-btree	8	d0db2028	main-btree-w8-after_wal_sync-d0db2028	prefix-013	422
main-btree	8	d0db2028	main-btree-w8-after_wal_sync-d0db2028	prefix-014	432
main-btree	8	d0db2028	main-btree-w8-after_wal_sync-d0db2028	prefix-015	442
main-btree	8	d0db2028	main-btree-w8-after_wal_sync-d0db2028	prefix-016	452
main-btree	8	d0db2028	main-btree-w8-after_wal_sync-d0db2028	prefix-017	462
main-btree	8	d0db2028	main-btree-w8-after_wal_sync-d0db2028	prefix-018	472
main-btree	8	d0db2028	main-btree-w8-after_wal_sync-d0db2028	prefix-019	482
main-btree	8	d0db2028	main-btree-w8-after_wal_sync-d0db2028	prefix-020	492
main-btree	8	d0db2028	main-btree-w8-after_wal_sync-d0db2028	prefix-021	502
main-btree	8	d0db2028	main-btree-w8-after_wal_sync-d0db2028	prefix-022	512
main-btree	8	d0db2028	main-btree-w8-after_wal_sync-d0db2028	prefix-023	522
main-btree	8	d0db2028	main-btree-w8-after_wal_sync-d0db2028	prefix-024	532
main-btree	8	d0db2028	main-btree-w8-after_wal_sync-d0db2028	prefix-025	542
main-btree	8	d0db2028	main-btree-w8-after_wal_sync-d0db2028	prefix-026	552
main-btree	8	d0db2028	main-btree-w8-after_wal_sync-d0db2028	prefix-027	562
main-btree	8	d0db2028	main-btree-w8-after_wal_sync-d0db2028	prefix-028	572
main-btree	8	d0db2028	main-btree-w8-after_wal_sync-d0db2028	prefix-029	582
main-btree	8	d0db2028	main-btree-w8-after_wal_sync-d0db2028	prefix-030	592
main-btree	8	d0db2028	main-btree-w8-after_wal_sync-d0db2028	prefix-031	602
main-btree	8	d0db2028	main-btree-w8-after_wal_sync-d0db2028	prefix-032	612
main-btree	8	d0db2028	main-btree-w8-after_wal_sync-d0db2028	prefix-033	622
main-btree	8	d0db2028	main-btree-w8-after_wal_sync-d0db2028	prefix-034	632
main-btree	8	d0db2028	main-btree-w8-after_wal_sync-d0db2028	prefix-035	642
main-btree	8	d0db2028	main-btree-w8-after_wal_sync-d0db2028	prefix-036	652
main-btree	8	d0db2028	main-btree-w8-after_wal_sync-d0db2028	prefix-037	662
main-btree	8	d0db2028	main-btree-w8-after_wal_sync-d0db2028	prefix-038	672
main-btree	8	d0db2028	main-btree-w8-after_wal_sync-d0db2028	prefix-039	682
main-btree	8	d0db2028	main-btree-w8-after_wal_sync-d0db2028	prefix-040	692
main-btree	8	d0db2028	main-btree-w8-after_wal_sync-d0db2028	prefix-041	702
main-btree	8	d0db2028	main-btree-w8-after_wal_sync-d0db2028	prefix-042	712
main-btree	8	d0db2028	main-btree-w8-after_wal_sync-d0db2028	prefix-043	722
main-btree	8	d0db2028	main-btree-w8-after_wal_sync-d0db2028	prefix-044	732
main-btree	8	d0db2028	main-btree-w8-after_wal_sync-d0db2028	prefix-045	742
main-btree	8	d0db2028	main-btree-w8-after_wal_sync-d0db2028	prefix-046	752
main-btree	8	d0db2028	main-btree-w8-after_wal_sync-d0db2028	prefix-047	762
main-btree	8	d0db2028	main-btree-w8-after_wal_sync-d0db2028	prefix-048	772
main-btree	8	d0db2028	main-btree-w8-after_wal_sync-d0db2028	prefix-049	782
main-btree	8	d0db2028	main-btree-w8-after_wal_sync-d0db2028	prefix-050	792
main-btree	8	d0db2028	main-btree-w8-after_wal_sync-d0db2028	prefix-051	802
main-btree	8	d0db2028	main-btree-w8-after_wal_sync-d0db2028	prefix-052	812
main-btree	8	d0db2028	main-btree-w8-after_wal_sync-d0db2028	prefix-053	822
main-btree	8	d0db2028	main-btree-w8-after_wal_sync-d0db2028	prefix-054	832
main-btree	8	d0db2028	main-btree-w8-after_wal_sync-d0db2028	prefix-055	842
main-btree	8	d0db2028	main-btree-w8-after_wal_sync-d0db2028	prefix-056	852
main-btree	8	d0db2028	main-btree-w8-after_wal_sync-d0db2028	prefix-057	862
main-btree	8	d0db2028	main-btree-w8-after_wal_sync-d0db2028	prefix-058	872
main-btree	8	d0db2028	main-btree-w8-after_wal_sync-d0db2028	prefix-059	882
main-btree	8	d0db2028	main-btree-w8-after_wal_sync-d0db2028	prefix-060	892
main-btree	8	d0db2028	main-btree-w8-after_wal_sync-d0db2028	prefix-061	902
main-btree	8	d0db2028	main-btree-w8-after_wal_sync-d0db2028	prefix-062	912
main-btree	8	d0db2028	main-btree-w8-after_wal_sync-d0db2028	prefix-063	922
main-btree	8	d0db2028	main-btree-w8-after_wal_sync-d0db2028	prefix-064	932
main-btree	8	d0db2028	main-btree-w8-after_wal_sync-d0db2028	prefix-065	942
main-btree	8	d0db2028	main-btree-w8-after_wal_sync-d0db2028	prefix-066	952
main-btree	8	d0db2028	main-btree-w8-after_wal_sync-d0db2028	prefix-067	962
main-btree	8	d0db2028	main-btree-w8-after_wal_sync-d0db2028	prefix-068	972
main-btree	8	d0db2028	main-btree-w8-after_wal_sync-d0db2028	prefix-069	982
main-btree	8	d0db2028	main-btree-w8-after_wal_sync-d0db2028	prefix-070	992
main-btree	8	d0db2028	main-btree-w8-after_wal_sync-d0db2028	prefix-071	1002
main-btree	8	d0db2028	main-btree-w8-after_wal_sync-d0db2028	prefix-072	1012
main-btree	8	d0db2028	main-btree-w8-after_wal_sync-d0db2028	prefix-073	1022
main-btree	8	d0db2028	main-btree-w8-after_wal_sync-d0db2028	prefix-074	1032
main-btree	8	d0db2028	main-btree-w8-after_wal_sync-d0db2028	prefix-075	1042
main-btree	8	d0db2028	main-btree-w8-after_wal_sync-d0db2028	prefix-076	1052
main-btree	8	d0db2028	main-btree-w8-after_wal_sync-d0db2028	prefix-077	1062
main-btree	8	d0db2028	main-btree-w8-after_wal_sync-d0db2028	prefix-078	1072
main-btree	8	d0db2028	main-btree-w8-after_wal_sync-d0db2028	prefix-079	1082
main-btree	8	d0db2028	main-btree-w8-after_wal_sync-d0db2028	prefix-080	1092
main-btree	8	d0db2028	main-btree-w8-after_wal_sync-d0db2028	prefix-081	1102
main-btree	8	d0db2028	main-btree-w8-after_wal_sync-d0db2028	prefix-082	1112
main-btree	8	d0db2028	main-btree-w8-after_wal_sync-d0db2028	prefix-083	1122
main-btree	8	d0db2028	main-btree-w8-after_wal_sync-d0db2028	prefix-084	1132
main-btree	8	d0db2028	main-btree-w8-after_wal_sync-d0db2028	prefix-085	1142
main-btree	8	d0db2028	main-btree-w8-after_wal_sync-d0db2028	prefix-086	1152
main-btree	8	d0db2028	main-btree-w8-after_wal_sync-d0db2028	prefix-087	1162
main-btree	8	d0db2028	main-btree-w8-after_wal_sync-d0db2028	prefix-088	1172
main-btree	8	d0db2028	main-btree-w8-after_wal_sync-d0db2028	prefix-089	1182
main-btree	8	d0db2028	main-btree-w8-after_wal_sync-d0db2028	prefix-090	1192
main-btree	8	d0db2028	main-btree-w8-after_wal_sync-d0db2028	prefix-091	1202
main-btree	8	d0db2028	main-btree-w8-after_wal_sync-d0db2028	prefix-092	1212
main-btree	8	d0db2028	main-btree-w8-after_wal_sync-d0db2028	prefix-093	1222
main-btree	8	d0db2028	main-btree-w8-after_wal_sync-d0db2028	prefix-094	1232
main-btree	8	d0db2028	main-btree-w8-after_wal_sync-d0db2028	prefix-095	1242
main-btree	8	d0db2028	main-btree-w8-after_wal_sync-d0db2028	prefix-096	1252
main-btree	8	d0db2028	main-btree-w8-after_wal_sync-d0db2028	prefix-097	1262
main-btree	8	d0db2028	main-btree-w8-after_wal_sync-d0db2028	prefix-098	1272
main-btree	8	d0db2028	main-btree-w8-after_wal_sync-d0db2028	prefix-099	1282
main-btree	8	d0db2028	main-btree-w8-after_wal_sync-d0db2028	prefix-100	1292
main-btree	8	d0db2028	main-btree-w8-after_wal_sync-d0db2028	prefix-101	1302
main-btree	8	d0db2028	main-btree-w8-after_wal_sync-d0db2028	prefix-102	1312
main-btree	8	d0db2028	main-btree-w8-after_wal_sync-d0db2028	prefix-103	1322
main-btree	8	d0db2028	main-btree-w8-after_wal_sync-d0db2028	prefix-104	1332
main-btree	8	d0db2028	main-btree-w8-after_wal_sync-d0db2028	prefix-105	1342
main-btree	8	d0db2028	main-btree-w8-after_wal_sync-d0db2028	prefix-106	1352
main-btree	8	d0db2028	main-btree-w8-after_wal_sync-d0db2028	prefix-107	1362
main-btree	8	d0db2028	main-btree-w8-after_wal_sync-d0db2028	prefix-108	1372
main-btree	8	d0db2028	main-btree-w8-after_wal_sync-d0db2028	prefix-109	1382
main-btree	8	d0db2028	main-btree-w8-after_wal_sync-d0db2028	prefix-110	1392
main-btree	8	d0db2028	main-btree-w8-after_wal_sync-d0db2028	prefix-111	1402
main-btree	8	d0db2028	main-btree-w8-after_wal_sync-d0db2028	prefix-112	1412
main-btree	8	d0db2028	main-btree-w8-after_wal_sync-d0db2028	prefix-113	1422
main-btree	8	d0db2028	main-btree-w8-after_wal_sync-d0db2028	prefix-114	1432
main-btree	8	d0db2028	main-btree-w8-after_wal_sync-d0db2028	prefix-115	1442
main-btree	8	d0db2028	main-btree-w8-after_wal_sync-d0db2028	prefix-116	1452
main-btree	8	d0db2028	main-btree-w8-after_wal_sync-d0db2028	prefix-117	1462
main-btree	8	d0db2028	main-btree-w8-after_wal_sync-d0db2028	prefix-118	1472
main-btree	8	d0db2028	main-btree-w8-after_wal_sync-d0db2028	prefix-119	1482
main-btree	8	d0db2028	main-btree-w8-after_wal_sync-d0db2028	prefix-120	1492
main-btree	8	d0db2028	main-btree-w8-after_wal_sync-d0db2028	prefix-121	1502
main-btree	8	d0db2028	main-btree-w8-after_wal_sync-d0db2028	prefix-122	1512
main-btree	8	d0db2028	main-btree-w8-after_wal_sync-d0db2028	prefix-123	1522
main-btree	8	d0db2028	main-btree-w8-after_wal_sync-d0db2028	prefix-124	1532
main-btree	8	d0db2028	main-btree-w8-after_wal_sync-d0db2028	prefix-125	1542
main-btree	8	d0db2028	main-btree-w8-after_wal_sync-d0db2028	prefix-126	1552
main-btree	8	d0db2028	main-btree-w8-after_wal_sync-d0db2028	prefix-127	1562
main-btree	8	d0db2028	main-btree-w8-after_wal_sync-d0db2028	post-recovery	1575
main-btree	8	d0db2026	main-btree-w8-normal-d0db2026	seed	282
main-btree	8	d0db2026	main-btree-w8-normal-d0db2026	prefix-000	292
main-btree	8	d0db2026	main-btree-w8-normal-d0db2026	prefix-001	302
main-btree	8	d0db2026	main-btree-w8-normal-d0db2026	prefix-002	312
main-btree	8	d0db2026	main-btree-w8-normal-d0db2026	prefix-003	322
main-btree	8	d0db2026	main-btree-w8-normal-d0db2026	prefix-004	332
main-btree	8	d0db2026	main-btree-w8-normal-d0db2026	prefix-005	342
main-btree	8	d0db2026	main-btree-w8-normal-d0db2026	prefix-006	352
main-btree	8	d0db2026	main-btree-w8-normal-d0db2026	prefix-007	362
main-btree	8	d0db2026	main-btree-w8-normal-d0db2026	prefix-008	372
main-btree	8	d0db2026	main-btree-w8-normal-d0db2026	prefix-009	382
main-btree	8	d0db2026	main-btree-w8-normal-d0db2026	prefix-010	392
main-btree	8	d0db2026	main-btree-w8-normal-d0db2026	prefix-011	402
main-btree	8	d0db2026	main-btree-w8-normal-d0db2026	prefix-012	412
main-btree	8	d0db2026	main-btree-w8-normal-d0db2026	prefix-013	422
main-btree	8	d0db2026	main-btree-w8-normal-d0db2026	prefix-014	432
main-btree	8	d0db2026	main-btree-w8-normal-d0db2026	prefix-015	442
main-btree	8	d0db2026	main-btree-w8-normal-d0db2026	prefix-016	452
main-btree	8	d0db2026	main-btree-w8-normal-d0db2026	prefix-017	462
main-btree	8	d0db2026	main-btree-w8-normal-d0db2026	prefix-018	472
main-btree	8	d0db2026	main-btree-w8-normal-d0db2026	prefix-019	482
main-btree	8	d0db2026	main-btree-w8-normal-d0db2026	prefix-020	492
main-btree	8	d0db2026	main-btree-w8-normal-d0db2026	prefix-021	502
main-btree	8	d0db2026	main-btree-w8-normal-d0db2026	prefix-022	512
main-btree	8	d0db2026	main-btree-w8-normal-d0db2026	prefix-023	522
main-btree	8	d0db2026	main-btree-w8-normal-d0db2026	prefix-024	532
main-btree	8	d0db2026	main-btree-w8-normal-d0db2026	prefix-025	542
main-btree	8	d0db2026	main-btree-w8-normal-d0db2026	prefix-026	552
main-btree	8	d0db2026	main-btree-w8-normal-d0db2026	prefix-027	562
main-btree	8	d0db2026	main-btree-w8-normal-d0db2026	prefix-028	572
main-btree	8	d0db2026	main-btree-w8-normal-d0db2026	prefix-029	582
main-btree	8	d0db2026	main-btree-w8-normal-d0db2026	prefix-030	592
main-btree	8	d0db2026	main-btree-w8-normal-d0db2026	prefix-031	602
main-btree	8	d0db2026	main-btree-w8-normal-d0db2026	prefix-032	612
main-btree	8	d0db2026	main-btree-w8-normal-d0db2026	prefix-033	622
main-btree	8	d0db2026	main-btree-w8-normal-d0db2026	prefix-034	632
main-btree	8	d0db2026	main-btree-w8-normal-d0db2026	prefix-035	642
main-btree	8	d0db2026	main-btree-w8-normal-d0db2026	prefix-036	652
main-btree	8	d0db2026	main-btree-w8-normal-d0db2026	prefix-037	662
main-btree	8	d0db2026	main-btree-w8-normal-d0db2026	prefix-038	672
main-btree	8	d0db2026	main-btree-w8-normal-d0db2026	prefix-039	682
main-btree	8	d0db2026	main-btree-w8-normal-d0db2026	prefix-040	692
main-btree	8	d0db2026	main-btree-w8-normal-d0db2026	prefix-041	702
main-btree	8	d0db2026	main-btree-w8-normal-d0db2026	prefix-042	712
main-btree	8	d0db2026	main-btree-w8-normal-d0db2026	prefix-043	722
main-btree	8	d0db2026	main-btree-w8-normal-d0db2026	prefix-044	732
main-btree	8	d0db2026	main-btree-w8-normal-d0db2026	prefix-045	742
main-btree	8	d0db2026	main-btree-w8-normal-d0db2026	prefix-046	752
main-btree	8	d0db2026	main-btree-w8-normal-d0db2026	prefix-047	762
main-btree	8	d0db2026	main-btree-w8-normal-d0db2026	prefix-048	772
main-btree	8	d0db2026	main-btree-w8-normal-d0db2026	prefix-049	782
main-btree	8	d0db2026	main-btree-w8-normal-d0db2026	prefix-050	792
main-btree	8	d0db2026	main-btree-w8-normal-d0db2026	prefix-051	802
main-btree	8	d0db2026	main-btree-w8-normal-d0db2026	prefix-052	812
main-btree	8	d0db2026	main-btree-w8-normal-d0db2026	prefix-053	822
main-btree	8	d0db2026	main-btree-w8-normal-d0db2026	prefix-054	832
main-btree	8	d0db2026	main-btree-w8-normal-d0db2026	prefix-055	842
main-btree	8	d0db2026	main-btree-w8-normal-d0db2026	prefix-056	852
main-btree	8	d0db2026	main-btree-w8-normal-d0db2026	prefix-057	862
main-btree	8	d0db2026	main-btree-w8-normal-d0db2026	prefix-058	872
main-btree	8	d0db2026	main-btree-w8-normal-d0db2026	prefix-059	882
main-btree	8	d0db2026	main-btree-w8-normal-d0db2026	prefix-060	892
main-btree	8	d0db2026	main-btree-w8-normal-d0db2026	prefix-061	902
main-btree	8	d0db2026	main-btree-w8-normal-d0db2026	prefix-062	912
main-btree	8	d0db2026	main-btree-w8-normal-d0db2026	prefix-063	922
main-btree	8	d0db2026	main-btree-w8-normal-d0db2026	prefix-064	932
main-btree	8	d0db2026	main-btree-w8-normal-d0db2026	prefix-065	942
main-btree	8	d0db2026	main-btree-w8-normal-d0db2026	prefix-066	952
main-btree	8	d0db2026	main-btree-w8-normal-d0db2026	prefix-067	962
main-btree	8	d0db2026	main-btree-w8-normal-d0db2026	prefix-068	972
main-btree	8	d0db2026	main-btree-w8-normal-d0db2026	prefix-069	982
main-btree	8	d0db2026	main-btree-w8-normal-d0db2026	prefix-070	992
main-btree	8	d0db2026	main-btree-w8-normal-d0db2026	prefix-071	1002
main-btree	8	d0db2026	main-btree-w8-normal-d0db2026	prefix-072	1012
main-btree	8	d0db2026	main-btree-w8-normal-d0db2026	prefix-073	1022
main-btree	8	d0db2026	main-btree-w8-normal-d0db2026	prefix-074	1032
main-btree	8	d0db2026	main-btree-w8-normal-d0db2026	prefix-075	1042
main-btree	8	d0db2026	main-btree-w8-normal-d0db2026	prefix-076	1052
main-btree	8	d0db2026	main-btree-w8-normal-d0db2026	prefix-077	1062
main-btree	8	d0db2026	main-btree-w8-normal-d0db2026	prefix-078	1072
main-btree	8	d0db2026	main-btree-w8-normal-d0db2026	prefix-079	1082
main-btree	8	d0db2026	main-btree-w8-normal-d0db2026	prefix-080	1092
main-btree	8	d0db2026	main-btree-w8-normal-d0db2026	prefix-081	1102
main-btree	8	d0db2026	main-btree-w8-normal-d0db2026	prefix-082	1112
main-btree	8	d0db2026	main-btree-w8-normal-d0db2026	prefix-083	1122
main-btree	8	d0db2026	main-btree-w8-normal-d0db2026	prefix-084	1132
main-btree	8	d0db2026	main-btree-w8-normal-d0db2026	prefix-085	1142
main-btree	8	d0db2026	main-btree-w8-normal-d0db2026	prefix-086	1152
main-btree	8	d0db2026	main-btree-w8-normal-d0db2026	prefix-087	1162
main-btree	8	d0db2026	main-btree-w8-normal-d0db2026	prefix-088	1172
main-btree	8	d0db2026	main-btree-w8-normal-d0db2026	prefix-089	1182
main-btree	8	d0db2026	main-btree-w8-normal-d0db2026	prefix-090	1192
main-btree	8	d0db2026	main-btree-w8-normal-d0db2026	prefix-091	1202
main-btree	8	d0db2026	main-btree-w8-normal-d0db2026	prefix-092	1212
main-btree	8	d0db2026	main-btree-w8-normal-d0db2026	prefix-093	1222
main-btree	8	d0db2026	main-btree-w8-normal-d0db2026	prefix-094	1232
main-btree	8	d0db2026	main-btree-w8-normal-d0db2026	prefix-095	1242
main-btree	8	d0db2026	main-btree-w8-normal-d0db2026	prefix-096	1252
main-btree	8	d0db2026	main-btree-w8-normal-d0db2026	prefix-097	1262
main-btree	8	d0db2026	main-btree-w8-normal-d0db2026	prefix-098	1272
main-btree	8	d0db2026	main-btree-w8-normal-d0db2026	prefix-099	1282
main-btree	8	d0db2026	main-btree-w8-normal-d0db2026	prefix-100	1292
main-btree	8	d0db2026	main-btree-w8-normal-d0db2026	prefix-101	1302
main-btree	8	d0db2026	main-btree-w8-normal-d0db2026	prefix-102	1312
main-btree	8	d0db2026	main-btree-w8-normal-d0db2026	prefix-103	1322
main-btree	8	d0db2026	main-btree-w8-normal-d0db2026	prefix-104	1332
main-btree	8	d0db2026	main-btree-w8-normal-d0db2026	prefix-105	1342
main-btree	8	d0db2026	main-btree-w8-normal-d0db2026	prefix-106	1352
main-btree	8	d0db2026	main-btree-w8-normal-d0db2026	prefix-107	1362
main-btree	8	d0db2026	main-btree-w8-normal-d0db2026	prefix-108	1372
main-btree	8	d0db2026	main-btree-w8-normal-d0db2026	prefix-109	1382
main-btree	8	d0db2026	main-btree-w8-normal-d0db2026	prefix-110	1392
main-btree	8	d0db2026	main-btree-w8-normal-d0db2026	prefix-111	1402
main-btree	8	d0db2026	main-btree-w8-normal-d0db2026	prefix-112	1412
main-btree	8	d0db2026	main-btree-w8-normal-d0db2026	prefix-113	1422
main-btree	8	d0db2026	main-btree-w8-normal-d0db2026	prefix-114	1432
main-btree	8	d0db2026	main-btree-w8-normal-d0db2026	prefix-115	1442
main-btree	8	d0db2026	main-btree-w8-normal-d0db2026	prefix-116	1452
main-btree	8	d0db2026	main-btree-w8-normal-d0db2026	prefix-117	1462
main-btree	8	d0db2026	main-btree-w8-normal-d0db2026	prefix-118	1472
main-btree	8	d0db2026	main-btree-w8-normal-d0db2026	prefix-119	1482
main-btree	8	d0db2026	main-btree-w8-normal-d0db2026	prefix-120	1492
main-btree	8	d0db2026	main-btree-w8-normal-d0db2026	prefix-121	1502
main-btree	8	d0db2026	main-btree-w8-normal-d0db2026	prefix-122	1512
main-btree	8	d0db2026	main-btree-w8-normal-d0db2026	prefix-123	1522
main-btree	8	d0db2026	main-btree-w8-normal-d0db2026	prefix-124	1532
main-btree	8	d0db2026	main-btree-w8-normal-d0db2026	prefix-125	1542
main-btree	8	d0db2026	main-btree-w8-normal-d0db2026	prefix-126	1552
main-btree	8	d0db2026	main-btree-w8-normal-d0db2026	prefix-127	1562
main-btree	8	d0db2026	main-btree-w8-normal-d0db2026	target	1572
main-btree	8	d0db2026	main-btree-w8-normal-d0db2026	post-recovery	1575
planned-blink	4	d0db2026	planned-blink-w4-returned-d0db2026	seed	283
planned-blink	4	d0db2026	planned-blink-w4-returned-d0db2026	prefix-000	288
planned-blink	4	d0db2026	planned-blink-w4-returned-d0db2026	prefix-001	293
planned-blink	4	d0db2026	planned-blink-w4-returned-d0db2026	prefix-002	298
planned-blink	4	d0db2026	planned-blink-w4-returned-d0db2026	prefix-003	303
planned-blink	4	d0db2026	planned-blink-w4-returned-d0db2026	prefix-004	308
planned-blink	4	d0db2026	planned-blink-w4-returned-d0db2026	prefix-005	313
planned-blink	4	d0db2026	planned-blink-w4-returned-d0db2026	prefix-006	318
planned-blink	4	d0db2026	planned-blink-w4-returned-d0db2026	prefix-007	323
planned-blink	4	d0db2026	planned-blink-w4-returned-d0db2026	prefix-008	328
planned-blink	4	d0db2026	planned-blink-w4-returned-d0db2026	prefix-009	333
planned-blink	4	d0db2026	planned-blink-w4-returned-d0db2026	prefix-010	338
planned-blink	4	d0db2026	planned-blink-w4-returned-d0db2026	prefix-011	343
planned-blink	4	d0db2026	planned-blink-w4-returned-d0db2026	prefix-012	348
planned-blink	4	d0db2026	planned-blink-w4-returned-d0db2026	prefix-013	353
planned-blink	4	d0db2026	planned-blink-w4-returned-d0db2026	prefix-014	358
planned-blink	4	d0db2026	planned-blink-w4-returned-d0db2026	prefix-015	363
planned-blink	4	d0db2026	planned-blink-w4-returned-d0db2026	prefix-016	368
planned-blink	4	d0db2026	planned-blink-w4-returned-d0db2026	prefix-017	373
planned-blink	4	d0db2026	planned-blink-w4-returned-d0db2026	prefix-018	378
planned-blink	4	d0db2026	planned-blink-w4-returned-d0db2026	prefix-019	383
planned-blink	4	d0db2026	planned-blink-w4-returned-d0db2026	prefix-020	388
planned-blink	4	d0db2026	planned-blink-w4-returned-d0db2026	prefix-021	393
planned-blink	4	d0db2026	planned-blink-w4-returned-d0db2026	prefix-022	398
planned-blink	4	d0db2026	planned-blink-w4-returned-d0db2026	prefix-023	403
planned-blink	4	d0db2026	planned-blink-w4-returned-d0db2026	prefix-024	408
planned-blink	4	d0db2026	planned-blink-w4-returned-d0db2026	prefix-025	413
planned-blink	4	d0db2026	planned-blink-w4-returned-d0db2026	prefix-026	418
planned-blink	4	d0db2026	planned-blink-w4-returned-d0db2026	prefix-027	423
planned-blink	4	d0db2026	planned-blink-w4-returned-d0db2026	prefix-028	428
planned-blink	4	d0db2026	planned-blink-w4-returned-d0db2026	prefix-029	433
planned-blink	4	d0db2026	planned-blink-w4-returned-d0db2026	prefix-030	438
planned-blink	4	d0db2026	planned-blink-w4-returned-d0db2026	prefix-031	443
planned-blink	4	d0db2026	planned-blink-w4-returned-d0db2026	prefix-032	448
planned-blink	4	d0db2026	planned-blink-w4-returned-d0db2026	prefix-033	453
planned-blink	4	d0db2026	planned-blink-w4-returned-d0db2026	prefix-034	458
planned-blink	4	d0db2026	planned-blink-w4-returned-d0db2026	prefix-035	463
planned-blink	4	d0db2026	planned-blink-w4-returned-d0db2026	prefix-036	468
planned-blink	4	d0db2026	planned-blink-w4-returned-d0db2026	prefix-037	473
planned-blink	4	d0db2026	planned-blink-w4-returned-d0db2026	prefix-038	478
planned-blink	4	d0db2026	planned-blink-w4-returned-d0db2026	prefix-039	483
planned-blink	4	d0db2026	planned-blink-w4-returned-d0db2026	prefix-040	488
planned-blink	4	d0db2026	planned-blink-w4-returned-d0db2026	prefix-041	493
planned-blink	4	d0db2026	planned-blink-w4-returned-d0db2026	prefix-042	498
planned-blink	4	d0db2026	planned-blink-w4-returned-d0db2026	prefix-043	503
planned-blink	4	d0db2026	planned-blink-w4-returned-d0db2026	prefix-044	508
planned-blink	4	d0db2026	planned-blink-w4-returned-d0db2026	prefix-045	513
planned-blink	4	d0db2026	planned-blink-w4-returned-d0db2026	prefix-046	518
planned-blink	4	d0db2026	planned-blink-w4-returned-d0db2026	prefix-047	523
planned-blink	4	d0db2026	planned-blink-w4-returned-d0db2026	prefix-048	528
planned-blink	4	d0db2026	planned-blink-w4-returned-d0db2026	prefix-049	533
planned-blink	4	d0db2026	planned-blink-w4-returned-d0db2026	prefix-050	538
planned-blink	4	d0db2026	planned-blink-w4-returned-d0db2026	prefix-051	543
planned-blink	4	d0db2026	planned-blink-w4-returned-d0db2026	prefix-052	548
planned-blink	4	d0db2026	planned-blink-w4-returned-d0db2026	prefix-053	553
planned-blink	4	d0db2026	planned-blink-w4-returned-d0db2026	prefix-054	558
planned-blink	4	d0db2026	planned-blink-w4-returned-d0db2026	prefix-055	563
planned-blink	4	d0db2026	planned-blink-w4-returned-d0db2026	prefix-056	568
planned-blink	4	d0db2026	planned-blink-w4-returned-d0db2026	prefix-057	573
planned-blink	4	d0db2026	planned-blink-w4-returned-d0db2026	prefix-058	578
planned-blink	4	d0db2026	planned-blink-w4-returned-d0db2026	prefix-059	583
planned-blink	4	d0db2026	planned-blink-w4-returned-d0db2026	prefix-060	588
planned-blink	4	d0db2026	planned-blink-w4-returned-d0db2026	prefix-061	593
planned-blink	4	d0db2026	planned-blink-w4-returned-d0db2026	prefix-062	598
planned-blink	4	d0db2026	planned-blink-w4-returned-d0db2026	prefix-063	603
planned-blink	4	d0db2026	planned-blink-w4-returned-d0db2026	prefix-064	608
planned-blink	4	d0db2026	planned-blink-w4-returned-d0db2026	prefix-065	613
planned-blink	4	d0db2026	planned-blink-w4-returned-d0db2026	prefix-066	618
planned-blink	4	d0db2026	planned-blink-w4-returned-d0db2026	prefix-067	623
planned-blink	4	d0db2026	planned-blink-w4-returned-d0db2026	prefix-068	628
planned-blink	4	d0db2026	planned-blink-w4-returned-d0db2026	prefix-069	633
planned-blink	4	d0db2026	planned-blink-w4-returned-d0db2026	prefix-070	638
planned-blink	4	d0db2026	planned-blink-w4-returned-d0db2026	prefix-071	643
planned-blink	4	d0db2026	planned-blink-w4-returned-d0db2026	prefix-072	648
planned-blink	4	d0db2026	planned-blink-w4-returned-d0db2026	prefix-073	653
planned-blink	4	d0db2026	planned-blink-w4-returned-d0db2026	prefix-074	658
planned-blink	4	d0db2026	planned-blink-w4-returned-d0db2026	prefix-075	663
planned-blink	4	d0db2026	planned-blink-w4-returned-d0db2026	prefix-076	668
planned-blink	4	d0db2026	planned-blink-w4-returned-d0db2026	prefix-077	673
planned-blink	4	d0db2026	planned-blink-w4-returned-d0db2026	prefix-078	678
planned-blink	4	d0db2026	planned-blink-w4-returned-d0db2026	prefix-079	683
planned-blink	4	d0db2026	planned-blink-w4-returned-d0db2026	prefix-080	688
planned-blink	4	d0db2026	planned-blink-w4-returned-d0db2026	prefix-081	693
planned-blink	4	d0db2026	planned-blink-w4-returned-d0db2026	prefix-082	698
planned-blink	4	d0db2026	planned-blink-w4-returned-d0db2026	prefix-083	703
planned-blink	4	d0db2026	planned-blink-w4-returned-d0db2026	prefix-084	708
planned-blink	4	d0db2026	planned-blink-w4-returned-d0db2026	prefix-085	713
planned-blink	4	d0db2026	planned-blink-w4-returned-d0db2026	prefix-086	718
planned-blink	4	d0db2026	planned-blink-w4-returned-d0db2026	prefix-087	723
planned-blink	4	d0db2026	planned-blink-w4-returned-d0db2026	prefix-088	728
planned-blink	4	d0db2026	planned-blink-w4-returned-d0db2026	prefix-089	733
planned-blink	4	d0db2026	planned-blink-w4-returned-d0db2026	prefix-090	738
planned-blink	4	d0db2026	planned-blink-w4-returned-d0db2026	prefix-091	743
planned-blink	4	d0db2026	planned-blink-w4-returned-d0db2026	prefix-092	748
planned-blink	4	d0db2026	planned-blink-w4-returned-d0db2026	prefix-093	753
planned-blink	4	d0db2026	planned-blink-w4-returned-d0db2026	prefix-094	758
planned-blink	4	d0db2026	planned-blink-w4-returned-d0db2026	prefix-095	763
planned-blink	4	d0db2026	planned-blink-w4-returned-d0db2026	prefix-096	768
planned-blink	4	d0db2026	planned-blink-w4-returned-d0db2026	prefix-097	773
planned-blink	4	d0db2026	planned-blink-w4-returned-d0db2026	prefix-098	778
planned-blink	4	d0db2026	planned-blink-w4-returned-d0db2026	prefix-099	783
planned-blink	4	d0db2026	planned-blink-w4-returned-d0db2026	prefix-100	788
planned-blink	4	d0db2026	planned-blink-w4-returned-d0db2026	prefix-101	793
planned-blink	4	d0db2026	planned-blink-w4-returned-d0db2026	prefix-102	798
planned-blink	4	d0db2026	planned-blink-w4-returned-d0db2026	prefix-103	803
planned-blink	4	d0db2026	planned-blink-w4-returned-d0db2026	prefix-104	808
planned-blink	4	d0db2026	planned-blink-w4-returned-d0db2026	prefix-105	813
planned-blink	4	d0db2026	planned-blink-w4-returned-d0db2026	prefix-106	818
planned-blink	4	d0db2026	planned-blink-w4-returned-d0db2026	prefix-107	823
planned-blink	4	d0db2026	planned-blink-w4-returned-d0db2026	prefix-108	828
planned-blink	4	d0db2026	planned-blink-w4-returned-d0db2026	prefix-109	833
planned-blink	4	d0db2026	planned-blink-w4-returned-d0db2026	prefix-110	838
planned-blink	4	d0db2026	planned-blink-w4-returned-d0db2026	prefix-111	843
planned-blink	4	d0db2026	planned-blink-w4-returned-d0db2026	prefix-112	848
planned-blink	4	d0db2026	planned-blink-w4-returned-d0db2026	prefix-113	853
planned-blink	4	d0db2026	planned-blink-w4-returned-d0db2026	prefix-114	858
planned-blink	4	d0db2026	planned-blink-w4-returned-d0db2026	prefix-115	863
planned-blink	4	d0db2026	planned-blink-w4-returned-d0db2026	prefix-116	868
planned-blink	4	d0db2026	planned-blink-w4-returned-d0db2026	prefix-117	873
planned-blink	4	d0db2026	planned-blink-w4-returned-d0db2026	prefix-118	878
planned-blink	4	d0db2026	planned-blink-w4-returned-d0db2026	prefix-119	883
planned-blink	4	d0db2026	planned-blink-w4-returned-d0db2026	prefix-120	888
planned-blink	4	d0db2026	planned-blink-w4-returned-d0db2026	prefix-121	893
planned-blink	4	d0db2026	planned-blink-w4-returned-d0db2026	prefix-122	898
planned-blink	4	d0db2026	planned-blink-w4-returned-d0db2026	prefix-123	903
planned-blink	4	d0db2026	planned-blink-w4-returned-d0db2026	prefix-124	908
planned-blink	4	d0db2026	planned-blink-w4-returned-d0db2026	prefix-125	913
planned-blink	4	d0db2026	planned-blink-w4-returned-d0db2026	prefix-126	918
planned-blink	4	d0db2026	planned-blink-w4-returned-d0db2026	prefix-127	923
planned-blink	4	d0db2026	planned-blink-w4-returned-d0db2026	target	928
planned-blink	4	d0db2026	planned-blink-w4-returned-d0db2026	post-recovery	930
planned-blink	4	d0db2027	planned-blink-w4-returned-d0db2027	seed	283
planned-blink	4	d0db2027	planned-blink-w4-returned-d0db2027	prefix-000	288
planned-blink	4	d0db2027	planned-blink-w4-returned-d0db2027	prefix-001	293
planned-blink	4	d0db2027	planned-blink-w4-returned-d0db2027	prefix-002	298
planned-blink	4	d0db2027	planned-blink-w4-returned-d0db2027	prefix-003	303
planned-blink	4	d0db2027	planned-blink-w4-returned-d0db2027	prefix-004	308
planned-blink	4	d0db2027	planned-blink-w4-returned-d0db2027	prefix-005	313
planned-blink	4	d0db2027	planned-blink-w4-returned-d0db2027	prefix-006	318
planned-blink	4	d0db2027	planned-blink-w4-returned-d0db2027	prefix-007	323
planned-blink	4	d0db2027	planned-blink-w4-returned-d0db2027	prefix-008	328
planned-blink	4	d0db2027	planned-blink-w4-returned-d0db2027	prefix-009	333
planned-blink	4	d0db2027	planned-blink-w4-returned-d0db2027	prefix-010	338
planned-blink	4	d0db2027	planned-blink-w4-returned-d0db2027	prefix-011	343
planned-blink	4	d0db2027	planned-blink-w4-returned-d0db2027	prefix-012	348
planned-blink	4	d0db2027	planned-blink-w4-returned-d0db2027	prefix-013	353
planned-blink	4	d0db2027	planned-blink-w4-returned-d0db2027	prefix-014	358
planned-blink	4	d0db2027	planned-blink-w4-returned-d0db2027	prefix-015	363
planned-blink	4	d0db2027	planned-blink-w4-returned-d0db2027	prefix-016	368
planned-blink	4	d0db2027	planned-blink-w4-returned-d0db2027	prefix-017	373
planned-blink	4	d0db2027	planned-blink-w4-returned-d0db2027	prefix-018	378
planned-blink	4	d0db2027	planned-blink-w4-returned-d0db2027	prefix-019	383
planned-blink	4	d0db2027	planned-blink-w4-returned-d0db2027	prefix-020	388
planned-blink	4	d0db2027	planned-blink-w4-returned-d0db2027	prefix-021	393
planned-blink	4	d0db2027	planned-blink-w4-returned-d0db2027	prefix-022	398
planned-blink	4	d0db2027	planned-blink-w4-returned-d0db2027	prefix-023	403
planned-blink	4	d0db2027	planned-blink-w4-returned-d0db2027	prefix-024	408
planned-blink	4	d0db2027	planned-blink-w4-returned-d0db2027	prefix-025	413
planned-blink	4	d0db2027	planned-blink-w4-returned-d0db2027	prefix-026	418
planned-blink	4	d0db2027	planned-blink-w4-returned-d0db2027	prefix-027	423
planned-blink	4	d0db2027	planned-blink-w4-returned-d0db2027	prefix-028	428
planned-blink	4	d0db2027	planned-blink-w4-returned-d0db2027	prefix-029	433
planned-blink	4	d0db2027	planned-blink-w4-returned-d0db2027	prefix-030	438
planned-blink	4	d0db2027	planned-blink-w4-returned-d0db2027	prefix-031	443
planned-blink	4	d0db2027	planned-blink-w4-returned-d0db2027	prefix-032	448
planned-blink	4	d0db2027	planned-blink-w4-returned-d0db2027	prefix-033	453
planned-blink	4	d0db2027	planned-blink-w4-returned-d0db2027	prefix-034	458
planned-blink	4	d0db2027	planned-blink-w4-returned-d0db2027	prefix-035	463
planned-blink	4	d0db2027	planned-blink-w4-returned-d0db2027	prefix-036	468
planned-blink	4	d0db2027	planned-blink-w4-returned-d0db2027	prefix-037	473
planned-blink	4	d0db2027	planned-blink-w4-returned-d0db2027	prefix-038	478
planned-blink	4	d0db2027	planned-blink-w4-returned-d0db2027	prefix-039	483
planned-blink	4	d0db2027	planned-blink-w4-returned-d0db2027	prefix-040	488
planned-blink	4	d0db2027	planned-blink-w4-returned-d0db2027	prefix-041	493
planned-blink	4	d0db2027	planned-blink-w4-returned-d0db2027	prefix-042	498
planned-blink	4	d0db2027	planned-blink-w4-returned-d0db2027	prefix-043	503
planned-blink	4	d0db2027	planned-blink-w4-returned-d0db2027	prefix-044	508
planned-blink	4	d0db2027	planned-blink-w4-returned-d0db2027	prefix-045	513
planned-blink	4	d0db2027	planned-blink-w4-returned-d0db2027	prefix-046	518
planned-blink	4	d0db2027	planned-blink-w4-returned-d0db2027	prefix-047	523
planned-blink	4	d0db2027	planned-blink-w4-returned-d0db2027	prefix-048	528
planned-blink	4	d0db2027	planned-blink-w4-returned-d0db2027	prefix-049	533
planned-blink	4	d0db2027	planned-blink-w4-returned-d0db2027	prefix-050	538
planned-blink	4	d0db2027	planned-blink-w4-returned-d0db2027	prefix-051	543
planned-blink	4	d0db2027	planned-blink-w4-returned-d0db2027	prefix-052	548
planned-blink	4	d0db2027	planned-blink-w4-returned-d0db2027	prefix-053	553
planned-blink	4	d0db2027	planned-blink-w4-returned-d0db2027	prefix-054	558
planned-blink	4	d0db2027	planned-blink-w4-returned-d0db2027	prefix-055	563
planned-blink	4	d0db2027	planned-blink-w4-returned-d0db2027	prefix-056	568
planned-blink	4	d0db2027	planned-blink-w4-returned-d0db2027	prefix-057	573
planned-blink	4	d0db2027	planned-blink-w4-returned-d0db2027	prefix-058	578
planned-blink	4	d0db2027	planned-blink-w4-returned-d0db2027	prefix-059	583
planned-blink	4	d0db2027	planned-blink-w4-returned-d0db2027	prefix-060	588
planned-blink	4	d0db2027	planned-blink-w4-returned-d0db2027	prefix-061	593
planned-blink	4	d0db2027	planned-blink-w4-returned-d0db2027	prefix-062	598
planned-blink	4	d0db2027	planned-blink-w4-returned-d0db2027	prefix-063	603
planned-blink	4	d0db2027	planned-blink-w4-returned-d0db2027	prefix-064	608
planned-blink	4	d0db2027	planned-blink-w4-returned-d0db2027	prefix-065	613
planned-blink	4	d0db2027	planned-blink-w4-returned-d0db2027	prefix-066	618
planned-blink	4	d0db2027	planned-blink-w4-returned-d0db2027	prefix-067	623
planned-blink	4	d0db2027	planned-blink-w4-returned-d0db2027	prefix-068	628
planned-blink	4	d0db2027	planned-blink-w4-returned-d0db2027	prefix-069	633
planned-blink	4	d0db2027	planned-blink-w4-returned-d0db2027	prefix-070	638
planned-blink	4	d0db2027	planned-blink-w4-returned-d0db2027	prefix-071	643
planned-blink	4	d0db2027	planned-blink-w4-returned-d0db2027	prefix-072	648
planned-blink	4	d0db2027	planned-blink-w4-returned-d0db2027	prefix-073	653
planned-blink	4	d0db2027	planned-blink-w4-returned-d0db2027	prefix-074	658
planned-blink	4	d0db2027	planned-blink-w4-returned-d0db2027	prefix-075	663
planned-blink	4	d0db2027	planned-blink-w4-returned-d0db2027	prefix-076	668
planned-blink	4	d0db2027	planned-blink-w4-returned-d0db2027	prefix-077	673
planned-blink	4	d0db2027	planned-blink-w4-returned-d0db2027	prefix-078	678
planned-blink	4	d0db2027	planned-blink-w4-returned-d0db2027	prefix-079	683
planned-blink	4	d0db2027	planned-blink-w4-returned-d0db2027	prefix-080	688
planned-blink	4	d0db2027	planned-blink-w4-returned-d0db2027	prefix-081	693
planned-blink	4	d0db2027	planned-blink-w4-returned-d0db2027	prefix-082	698
planned-blink	4	d0db2027	planned-blink-w4-returned-d0db2027	prefix-083	703
planned-blink	4	d0db2027	planned-blink-w4-returned-d0db2027	prefix-084	708
planned-blink	4	d0db2027	planned-blink-w4-returned-d0db2027	prefix-085	713
planned-blink	4	d0db2027	planned-blink-w4-returned-d0db2027	prefix-086	718
planned-blink	4	d0db2027	planned-blink-w4-returned-d0db2027	prefix-087	723
planned-blink	4	d0db2027	planned-blink-w4-returned-d0db2027	prefix-088	728
planned-blink	4	d0db2027	planned-blink-w4-returned-d0db2027	prefix-089	733
planned-blink	4	d0db2027	planned-blink-w4-returned-d0db2027	prefix-090	738
planned-blink	4	d0db2027	planned-blink-w4-returned-d0db2027	prefix-091	743
planned-blink	4	d0db2027	planned-blink-w4-returned-d0db2027	prefix-092	748
planned-blink	4	d0db2027	planned-blink-w4-returned-d0db2027	prefix-093	753
planned-blink	4	d0db2027	planned-blink-w4-returned-d0db2027	prefix-094	758
planned-blink	4	d0db2027	planned-blink-w4-returned-d0db2027	prefix-095	763
planned-blink	4	d0db2027	planned-blink-w4-returned-d0db2027	prefix-096	768
planned-blink	4	d0db2027	planned-blink-w4-returned-d0db2027	prefix-097	773
planned-blink	4	d0db2027	planned-blink-w4-returned-d0db2027	prefix-098	778
planned-blink	4	d0db2027	planned-blink-w4-returned-d0db2027	prefix-099	783
planned-blink	4	d0db2027	planned-blink-w4-returned-d0db2027	prefix-100	788
planned-blink	4	d0db2027	planned-blink-w4-returned-d0db2027	prefix-101	793
planned-blink	4	d0db2027	planned-blink-w4-returned-d0db2027	prefix-102	798
planned-blink	4	d0db2027	planned-blink-w4-returned-d0db2027	prefix-103	803
planned-blink	4	d0db2027	planned-blink-w4-returned-d0db2027	prefix-104	808
planned-blink	4	d0db2027	planned-blink-w4-returned-d0db2027	prefix-105	813
planned-blink	4	d0db2027	planned-blink-w4-returned-d0db2027	prefix-106	818
planned-blink	4	d0db2027	planned-blink-w4-returned-d0db2027	prefix-107	823
planned-blink	4	d0db2027	planned-blink-w4-returned-d0db2027	prefix-108	828
planned-blink	4	d0db2027	planned-blink-w4-returned-d0db2027	prefix-109	833
planned-blink	4	d0db2027	planned-blink-w4-returned-d0db2027	prefix-110	838
planned-blink	4	d0db2027	planned-blink-w4-returned-d0db2027	prefix-111	843
planned-blink	4	d0db2027	planned-blink-w4-returned-d0db2027	prefix-112	848
planned-blink	4	d0db2027	planned-blink-w4-returned-d0db2027	prefix-113	853
planned-blink	4	d0db2027	planned-blink-w4-returned-d0db2027	prefix-114	858
planned-blink	4	d0db2027	planned-blink-w4-returned-d0db2027	prefix-115	863
planned-blink	4	d0db2027	planned-blink-w4-returned-d0db2027	prefix-116	868
planned-blink	4	d0db2027	planned-blink-w4-returned-d0db2027	prefix-117	873
planned-blink	4	d0db2027	planned-blink-w4-returned-d0db2027	prefix-118	878
planned-blink	4	d0db2027	planned-blink-w4-returned-d0db2027	prefix-119	883
planned-blink	4	d0db2027	planned-blink-w4-returned-d0db2027	prefix-120	888
planned-blink	4	d0db2027	planned-blink-w4-returned-d0db2027	prefix-121	893
planned-blink	4	d0db2027	planned-blink-w4-returned-d0db2027	prefix-122	898
planned-blink	4	d0db2027	planned-blink-w4-returned-d0db2027	prefix-123	903
planned-blink	4	d0db2027	planned-blink-w4-returned-d0db2027	prefix-124	908
planned-blink	4	d0db2027	planned-blink-w4-returned-d0db2027	prefix-125	913
planned-blink	4	d0db2027	planned-blink-w4-returned-d0db2027	prefix-126	918
planned-blink	4	d0db2027	planned-blink-w4-returned-d0db2027	prefix-127	923
planned-blink	4	d0db2027	planned-blink-w4-returned-d0db2027	target	928
planned-blink	4	d0db2027	planned-blink-w4-returned-d0db2027	post-recovery	930
planned-blink	4	d0db2028	planned-blink-w4-returned-d0db2028	seed	283
planned-blink	4	d0db2028	planned-blink-w4-returned-d0db2028	prefix-000	288
planned-blink	4	d0db2028	planned-blink-w4-returned-d0db2028	prefix-001	293
planned-blink	4	d0db2028	planned-blink-w4-returned-d0db2028	prefix-002	298
planned-blink	4	d0db2028	planned-blink-w4-returned-d0db2028	prefix-003	303
planned-blink	4	d0db2028	planned-blink-w4-returned-d0db2028	prefix-004	308
planned-blink	4	d0db2028	planned-blink-w4-returned-d0db2028	prefix-005	313
planned-blink	4	d0db2028	planned-blink-w4-returned-d0db2028	prefix-006	318
planned-blink	4	d0db2028	planned-blink-w4-returned-d0db2028	prefix-007	323
planned-blink	4	d0db2028	planned-blink-w4-returned-d0db2028	prefix-008	328
planned-blink	4	d0db2028	planned-blink-w4-returned-d0db2028	prefix-009	333
planned-blink	4	d0db2028	planned-blink-w4-returned-d0db2028	prefix-010	338
planned-blink	4	d0db2028	planned-blink-w4-returned-d0db2028	prefix-011	343
planned-blink	4	d0db2028	planned-blink-w4-returned-d0db2028	prefix-012	348
planned-blink	4	d0db2028	planned-blink-w4-returned-d0db2028	prefix-013	353
planned-blink	4	d0db2028	planned-blink-w4-returned-d0db2028	prefix-014	358
planned-blink	4	d0db2028	planned-blink-w4-returned-d0db2028	prefix-015	363
planned-blink	4	d0db2028	planned-blink-w4-returned-d0db2028	prefix-016	368
planned-blink	4	d0db2028	planned-blink-w4-returned-d0db2028	prefix-017	373
planned-blink	4	d0db2028	planned-blink-w4-returned-d0db2028	prefix-018	378
planned-blink	4	d0db2028	planned-blink-w4-returned-d0db2028	prefix-019	383
planned-blink	4	d0db2028	planned-blink-w4-returned-d0db2028	prefix-020	388
planned-blink	4	d0db2028	planned-blink-w4-returned-d0db2028	prefix-021	393
planned-blink	4	d0db2028	planned-blink-w4-returned-d0db2028	prefix-022	398
planned-blink	4	d0db2028	planned-blink-w4-returned-d0db2028	prefix-023	403
planned-blink	4	d0db2028	planned-blink-w4-returned-d0db2028	prefix-024	408
planned-blink	4	d0db2028	planned-blink-w4-returned-d0db2028	prefix-025	413
planned-blink	4	d0db2028	planned-blink-w4-returned-d0db2028	prefix-026	418
planned-blink	4	d0db2028	planned-blink-w4-returned-d0db2028	prefix-027	423
planned-blink	4	d0db2028	planned-blink-w4-returned-d0db2028	prefix-028	428
planned-blink	4	d0db2028	planned-blink-w4-returned-d0db2028	prefix-029	433
planned-blink	4	d0db2028	planned-blink-w4-returned-d0db2028	prefix-030	438
planned-blink	4	d0db2028	planned-blink-w4-returned-d0db2028	prefix-031	443
planned-blink	4	d0db2028	planned-blink-w4-returned-d0db2028	prefix-032	448
planned-blink	4	d0db2028	planned-blink-w4-returned-d0db2028	prefix-033	453
planned-blink	4	d0db2028	planned-blink-w4-returned-d0db2028	prefix-034	458
planned-blink	4	d0db2028	planned-blink-w4-returned-d0db2028	prefix-035	463
planned-blink	4	d0db2028	planned-blink-w4-returned-d0db2028	prefix-036	468
planned-blink	4	d0db2028	planned-blink-w4-returned-d0db2028	prefix-037	473
planned-blink	4	d0db2028	planned-blink-w4-returned-d0db2028	prefix-038	478
planned-blink	4	d0db2028	planned-blink-w4-returned-d0db2028	prefix-039	483
planned-blink	4	d0db2028	planned-blink-w4-returned-d0db2028	prefix-040	488
planned-blink	4	d0db2028	planned-blink-w4-returned-d0db2028	prefix-041	493
planned-blink	4	d0db2028	planned-blink-w4-returned-d0db2028	prefix-042	498
planned-blink	4	d0db2028	planned-blink-w4-returned-d0db2028	prefix-043	503
planned-blink	4	d0db2028	planned-blink-w4-returned-d0db2028	prefix-044	508
planned-blink	4	d0db2028	planned-blink-w4-returned-d0db2028	prefix-045	513
planned-blink	4	d0db2028	planned-blink-w4-returned-d0db2028	prefix-046	518
planned-blink	4	d0db2028	planned-blink-w4-returned-d0db2028	prefix-047	523
planned-blink	4	d0db2028	planned-blink-w4-returned-d0db2028	prefix-048	528
planned-blink	4	d0db2028	planned-blink-w4-returned-d0db2028	prefix-049	533
planned-blink	4	d0db2028	planned-blink-w4-returned-d0db2028	prefix-050	538
planned-blink	4	d0db2028	planned-blink-w4-returned-d0db2028	prefix-051	543
planned-blink	4	d0db2028	planned-blink-w4-returned-d0db2028	prefix-052	548
planned-blink	4	d0db2028	planned-blink-w4-returned-d0db2028	prefix-053	553
planned-blink	4	d0db2028	planned-blink-w4-returned-d0db2028	prefix-054	558
planned-blink	4	d0db2028	planned-blink-w4-returned-d0db2028	prefix-055	563
planned-blink	4	d0db2028	planned-blink-w4-returned-d0db2028	prefix-056	568
planned-blink	4	d0db2028	planned-blink-w4-returned-d0db2028	prefix-057	573
planned-blink	4	d0db2028	planned-blink-w4-returned-d0db2028	prefix-058	578
planned-blink	4	d0db2028	planned-blink-w4-returned-d0db2028	prefix-059	583
planned-blink	4	d0db2028	planned-blink-w4-returned-d0db2028	prefix-060	588
planned-blink	4	d0db2028	planned-blink-w4-returned-d0db2028	prefix-061	593
planned-blink	4	d0db2028	planned-blink-w4-returned-d0db2028	prefix-062	598
planned-blink	4	d0db2028	planned-blink-w4-returned-d0db2028	prefix-063	603
planned-blink	4	d0db2028	planned-blink-w4-returned-d0db2028	prefix-064	608
planned-blink	4	d0db2028	planned-blink-w4-returned-d0db2028	prefix-065	613
planned-blink	4	d0db2028	planned-blink-w4-returned-d0db2028	prefix-066	618
planned-blink	4	d0db2028	planned-blink-w4-returned-d0db2028	prefix-067	623
planned-blink	4	d0db2028	planned-blink-w4-returned-d0db2028	prefix-068	628
planned-blink	4	d0db2028	planned-blink-w4-returned-d0db2028	prefix-069	633
planned-blink	4	d0db2028	planned-blink-w4-returned-d0db2028	prefix-070	638
planned-blink	4	d0db2028	planned-blink-w4-returned-d0db2028	prefix-071	643
planned-blink	4	d0db2028	planned-blink-w4-returned-d0db2028	prefix-072	648
planned-blink	4	d0db2028	planned-blink-w4-returned-d0db2028	prefix-073	653
planned-blink	4	d0db2028	planned-blink-w4-returned-d0db2028	prefix-074	658
planned-blink	4	d0db2028	planned-blink-w4-returned-d0db2028	prefix-075	663
planned-blink	4	d0db2028	planned-blink-w4-returned-d0db2028	prefix-076	668
planned-blink	4	d0db2028	planned-blink-w4-returned-d0db2028	prefix-077	673
planned-blink	4	d0db2028	planned-blink-w4-returned-d0db2028	prefix-078	678
planned-blink	4	d0db2028	planned-blink-w4-returned-d0db2028	prefix-079	683
planned-blink	4	d0db2028	planned-blink-w4-returned-d0db2028	prefix-080	688
planned-blink	4	d0db2028	planned-blink-w4-returned-d0db2028	prefix-081	693
planned-blink	4	d0db2028	planned-blink-w4-returned-d0db2028	prefix-082	698
planned-blink	4	d0db2028	planned-blink-w4-returned-d0db2028	prefix-083	703
planned-blink	4	d0db2028	planned-blink-w4-returned-d0db2028	prefix-084	708
planned-blink	4	d0db2028	planned-blink-w4-returned-d0db2028	prefix-085	713
planned-blink	4	d0db2028	planned-blink-w4-returned-d0db2028	prefix-086	718
planned-blink	4	d0db2028	planned-blink-w4-returned-d0db2028	prefix-087	723
planned-blink	4	d0db2028	planned-blink-w4-returned-d0db2028	prefix-088	728
planned-blink	4	d0db2028	planned-blink-w4-returned-d0db2028	prefix-089	733
planned-blink	4	d0db2028	planned-blink-w4-returned-d0db2028	prefix-090	738
planned-blink	4	d0db2028	planned-blink-w4-returned-d0db2028	prefix-091	743
planned-blink	4	d0db2028	planned-blink-w4-returned-d0db2028	prefix-092	748
planned-blink	4	d0db2028	planned-blink-w4-returned-d0db2028	prefix-093	753
planned-blink	4	d0db2028	planned-blink-w4-returned-d0db2028	prefix-094	758
planned-blink	4	d0db2028	planned-blink-w4-returned-d0db2028	prefix-095	763
planned-blink	4	d0db2028	planned-blink-w4-returned-d0db2028	prefix-096	768
planned-blink	4	d0db2028	planned-blink-w4-returned-d0db2028	prefix-097	773
planned-blink	4	d0db2028	planned-blink-w4-returned-d0db2028	prefix-098	778
planned-blink	4	d0db2028	planned-blink-w4-returned-d0db2028	prefix-099	783
planned-blink	4	d0db2028	planned-blink-w4-returned-d0db2028	prefix-100	788
planned-blink	4	d0db2028	planned-blink-w4-returned-d0db2028	prefix-101	793
planned-blink	4	d0db2028	planned-blink-w4-returned-d0db2028	prefix-102	798
planned-blink	4	d0db2028	planned-blink-w4-returned-d0db2028	prefix-103	803
planned-blink	4	d0db2028	planned-blink-w4-returned-d0db2028	prefix-104	808
planned-blink	4	d0db2028	planned-blink-w4-returned-d0db2028	prefix-105	813
planned-blink	4	d0db2028	planned-blink-w4-returned-d0db2028	prefix-106	818
planned-blink	4	d0db2028	planned-blink-w4-returned-d0db2028	prefix-107	823
planned-blink	4	d0db2028	planned-blink-w4-returned-d0db2028	prefix-108	828
planned-blink	4	d0db2028	planned-blink-w4-returned-d0db2028	prefix-109	833
planned-blink	4	d0db2028	planned-blink-w4-returned-d0db2028	prefix-110	838
planned-blink	4	d0db2028	planned-blink-w4-returned-d0db2028	prefix-111	843
planned-blink	4	d0db2028	planned-blink-w4-returned-d0db2028	prefix-112	848
planned-blink	4	d0db2028	planned-blink-w4-returned-d0db2028	prefix-113	853
planned-blink	4	d0db2028	planned-blink-w4-returned-d0db2028	prefix-114	858
planned-blink	4	d0db2028	planned-blink-w4-returned-d0db2028	prefix-115	863
planned-blink	4	d0db2028	planned-blink-w4-returned-d0db2028	prefix-116	868
planned-blink	4	d0db2028	planned-blink-w4-returned-d0db2028	prefix-117	873
planned-blink	4	d0db2028	planned-blink-w4-returned-d0db2028	prefix-118	878
planned-blink	4	d0db2028	planned-blink-w4-returned-d0db2028	prefix-119	883
planned-blink	4	d0db2028	planned-blink-w4-returned-d0db2028	prefix-120	888
planned-blink	4	d0db2028	planned-blink-w4-returned-d0db2028	prefix-121	893
planned-blink	4	d0db2028	planned-blink-w4-returned-d0db2028	prefix-122	898
planned-blink	4	d0db2028	planned-blink-w4-returned-d0db2028	prefix-123	903
planned-blink	4	d0db2028	planned-blink-w4-returned-d0db2028	prefix-124	908
planned-blink	4	d0db2028	planned-blink-w4-returned-d0db2028	prefix-125	913
planned-blink	4	d0db2028	planned-blink-w4-returned-d0db2028	prefix-126	918
planned-blink	4	d0db2028	planned-blink-w4-returned-d0db2028	prefix-127	923
planned-blink	4	d0db2028	planned-blink-w4-returned-d0db2028	target	928
planned-blink	4	d0db2028	planned-blink-w4-returned-d0db2028	post-recovery	930
planned-blink	4	d0db2026	planned-blink-w4-before_wal_append-d0db2026	seed	283
planned-blink	4	d0db2026	planned-blink-w4-before_wal_append-d0db2026	prefix-000	288
planned-blink	4	d0db2026	planned-blink-w4-before_wal_append-d0db2026	prefix-001	293
planned-blink	4	d0db2026	planned-blink-w4-before_wal_append-d0db2026	prefix-002	298
planned-blink	4	d0db2026	planned-blink-w4-before_wal_append-d0db2026	prefix-003	303
planned-blink	4	d0db2026	planned-blink-w4-before_wal_append-d0db2026	prefix-004	308
planned-blink	4	d0db2026	planned-blink-w4-before_wal_append-d0db2026	prefix-005	313
planned-blink	4	d0db2026	planned-blink-w4-before_wal_append-d0db2026	prefix-006	318
planned-blink	4	d0db2026	planned-blink-w4-before_wal_append-d0db2026	prefix-007	323
planned-blink	4	d0db2026	planned-blink-w4-before_wal_append-d0db2026	prefix-008	328
planned-blink	4	d0db2026	planned-blink-w4-before_wal_append-d0db2026	prefix-009	333
planned-blink	4	d0db2026	planned-blink-w4-before_wal_append-d0db2026	prefix-010	338
planned-blink	4	d0db2026	planned-blink-w4-before_wal_append-d0db2026	prefix-011	343
planned-blink	4	d0db2026	planned-blink-w4-before_wal_append-d0db2026	prefix-012	348
planned-blink	4	d0db2026	planned-blink-w4-before_wal_append-d0db2026	prefix-013	353
planned-blink	4	d0db2026	planned-blink-w4-before_wal_append-d0db2026	prefix-014	358
planned-blink	4	d0db2026	planned-blink-w4-before_wal_append-d0db2026	prefix-015	363
planned-blink	4	d0db2026	planned-blink-w4-before_wal_append-d0db2026	prefix-016	368
planned-blink	4	d0db2026	planned-blink-w4-before_wal_append-d0db2026	prefix-017	373
planned-blink	4	d0db2026	planned-blink-w4-before_wal_append-d0db2026	prefix-018	378
planned-blink	4	d0db2026	planned-blink-w4-before_wal_append-d0db2026	prefix-019	383
planned-blink	4	d0db2026	planned-blink-w4-before_wal_append-d0db2026	prefix-020	388
planned-blink	4	d0db2026	planned-blink-w4-before_wal_append-d0db2026	prefix-021	393
planned-blink	4	d0db2026	planned-blink-w4-before_wal_append-d0db2026	prefix-022	398
planned-blink	4	d0db2026	planned-blink-w4-before_wal_append-d0db2026	prefix-023	403
planned-blink	4	d0db2026	planned-blink-w4-before_wal_append-d0db2026	prefix-024	408
planned-blink	4	d0db2026	planned-blink-w4-before_wal_append-d0db2026	prefix-025	413
planned-blink	4	d0db2026	planned-blink-w4-before_wal_append-d0db2026	prefix-026	418
planned-blink	4	d0db2026	planned-blink-w4-before_wal_append-d0db2026	prefix-027	423
planned-blink	4	d0db2026	planned-blink-w4-before_wal_append-d0db2026	prefix-028	428
planned-blink	4	d0db2026	planned-blink-w4-before_wal_append-d0db2026	prefix-029	433
planned-blink	4	d0db2026	planned-blink-w4-before_wal_append-d0db2026	prefix-030	438
planned-blink	4	d0db2026	planned-blink-w4-before_wal_append-d0db2026	prefix-031	443
planned-blink	4	d0db2026	planned-blink-w4-before_wal_append-d0db2026	prefix-032	448
planned-blink	4	d0db2026	planned-blink-w4-before_wal_append-d0db2026	prefix-033	453
planned-blink	4	d0db2026	planned-blink-w4-before_wal_append-d0db2026	prefix-034	458
planned-blink	4	d0db2026	planned-blink-w4-before_wal_append-d0db2026	prefix-035	463
planned-blink	4	d0db2026	planned-blink-w4-before_wal_append-d0db2026	prefix-036	468
planned-blink	4	d0db2026	planned-blink-w4-before_wal_append-d0db2026	prefix-037	473
planned-blink	4	d0db2026	planned-blink-w4-before_wal_append-d0db2026	prefix-038	478
planned-blink	4	d0db2026	planned-blink-w4-before_wal_append-d0db2026	prefix-039	483
planned-blink	4	d0db2026	planned-blink-w4-before_wal_append-d0db2026	prefix-040	488
planned-blink	4	d0db2026	planned-blink-w4-before_wal_append-d0db2026	prefix-041	493
planned-blink	4	d0db2026	planned-blink-w4-before_wal_append-d0db2026	prefix-042	498
planned-blink	4	d0db2026	planned-blink-w4-before_wal_append-d0db2026	prefix-043	503
planned-blink	4	d0db2026	planned-blink-w4-before_wal_append-d0db2026	prefix-044	508
planned-blink	4	d0db2026	planned-blink-w4-before_wal_append-d0db2026	prefix-045	513
planned-blink	4	d0db2026	planned-blink-w4-before_wal_append-d0db2026	prefix-046	518
planned-blink	4	d0db2026	planned-blink-w4-before_wal_append-d0db2026	prefix-047	523
planned-blink	4	d0db2026	planned-blink-w4-before_wal_append-d0db2026	prefix-048	528
planned-blink	4	d0db2026	planned-blink-w4-before_wal_append-d0db2026	prefix-049	533
planned-blink	4	d0db2026	planned-blink-w4-before_wal_append-d0db2026	prefix-050	538
planned-blink	4	d0db2026	planned-blink-w4-before_wal_append-d0db2026	prefix-051	543
planned-blink	4	d0db2026	planned-blink-w4-before_wal_append-d0db2026	prefix-052	548
planned-blink	4	d0db2026	planned-blink-w4-before_wal_append-d0db2026	prefix-053	553
planned-blink	4	d0db2026	planned-blink-w4-before_wal_append-d0db2026	prefix-054	558
planned-blink	4	d0db2026	planned-blink-w4-before_wal_append-d0db2026	prefix-055	563
planned-blink	4	d0db2026	planned-blink-w4-before_wal_append-d0db2026	prefix-056	568
planned-blink	4	d0db2026	planned-blink-w4-before_wal_append-d0db2026	prefix-057	573
planned-blink	4	d0db2026	planned-blink-w4-before_wal_append-d0db2026	prefix-058	578
planned-blink	4	d0db2026	planned-blink-w4-before_wal_append-d0db2026	prefix-059	583
planned-blink	4	d0db2026	planned-blink-w4-before_wal_append-d0db2026	prefix-060	588
planned-blink	4	d0db2026	planned-blink-w4-before_wal_append-d0db2026	prefix-061	593
planned-blink	4	d0db2026	planned-blink-w4-before_wal_append-d0db2026	prefix-062	598
planned-blink	4	d0db2026	planned-blink-w4-before_wal_append-d0db2026	prefix-063	603
planned-blink	4	d0db2026	planned-blink-w4-before_wal_append-d0db2026	prefix-064	608
planned-blink	4	d0db2026	planned-blink-w4-before_wal_append-d0db2026	prefix-065	613
planned-blink	4	d0db2026	planned-blink-w4-before_wal_append-d0db2026	prefix-066	618
planned-blink	4	d0db2026	planned-blink-w4-before_wal_append-d0db2026	prefix-067	623
planned-blink	4	d0db2026	planned-blink-w4-before_wal_append-d0db2026	prefix-068	628
planned-blink	4	d0db2026	planned-blink-w4-before_wal_append-d0db2026	prefix-069	633
planned-blink	4	d0db2026	planned-blink-w4-before_wal_append-d0db2026	prefix-070	638
planned-blink	4	d0db2026	planned-blink-w4-before_wal_append-d0db2026	prefix-071	643
planned-blink	4	d0db2026	planned-blink-w4-before_wal_append-d0db2026	prefix-072	648
planned-blink	4	d0db2026	planned-blink-w4-before_wal_append-d0db2026	prefix-073	653
planned-blink	4	d0db2026	planned-blink-w4-before_wal_append-d0db2026	prefix-074	658
planned-blink	4	d0db2026	planned-blink-w4-before_wal_append-d0db2026	prefix-075	663
planned-blink	4	d0db2026	planned-blink-w4-before_wal_append-d0db2026	prefix-076	668
planned-blink	4	d0db2026	planned-blink-w4-before_wal_append-d0db2026	prefix-077	673
planned-blink	4	d0db2026	planned-blink-w4-before_wal_append-d0db2026	prefix-078	678
planned-blink	4	d0db2026	planned-blink-w4-before_wal_append-d0db2026	prefix-079	683
planned-blink	4	d0db2026	planned-blink-w4-before_wal_append-d0db2026	prefix-080	688
planned-blink	4	d0db2026	planned-blink-w4-before_wal_append-d0db2026	prefix-081	693
planned-blink	4	d0db2026	planned-blink-w4-before_wal_append-d0db2026	prefix-082	698
planned-blink	4	d0db2026	planned-blink-w4-before_wal_append-d0db2026	prefix-083	703
planned-blink	4	d0db2026	planned-blink-w4-before_wal_append-d0db2026	prefix-084	708
planned-blink	4	d0db2026	planned-blink-w4-before_wal_append-d0db2026	prefix-085	713
planned-blink	4	d0db2026	planned-blink-w4-before_wal_append-d0db2026	prefix-086	718
planned-blink	4	d0db2026	planned-blink-w4-before_wal_append-d0db2026	prefix-087	723
planned-blink	4	d0db2026	planned-blink-w4-before_wal_append-d0db2026	prefix-088	728
planned-blink	4	d0db2026	planned-blink-w4-before_wal_append-d0db2026	prefix-089	733
planned-blink	4	d0db2026	planned-blink-w4-before_wal_append-d0db2026	prefix-090	738
planned-blink	4	d0db2026	planned-blink-w4-before_wal_append-d0db2026	prefix-091	743
planned-blink	4	d0db2026	planned-blink-w4-before_wal_append-d0db2026	prefix-092	748
planned-blink	4	d0db2026	planned-blink-w4-before_wal_append-d0db2026	prefix-093	753
planned-blink	4	d0db2026	planned-blink-w4-before_wal_append-d0db2026	prefix-094	758
planned-blink	4	d0db2026	planned-blink-w4-before_wal_append-d0db2026	prefix-095	763
planned-blink	4	d0db2026	planned-blink-w4-before_wal_append-d0db2026	prefix-096	768
planned-blink	4	d0db2026	planned-blink-w4-before_wal_append-d0db2026	prefix-097	773
planned-blink	4	d0db2026	planned-blink-w4-before_wal_append-d0db2026	prefix-098	778
planned-blink	4	d0db2026	planned-blink-w4-before_wal_append-d0db2026	prefix-099	783
planned-blink	4	d0db2026	planned-blink-w4-before_wal_append-d0db2026	prefix-100	788
planned-blink	4	d0db2026	planned-blink-w4-before_wal_append-d0db2026	prefix-101	793
planned-blink	4	d0db2026	planned-blink-w4-before_wal_append-d0db2026	prefix-102	798
planned-blink	4	d0db2026	planned-blink-w4-before_wal_append-d0db2026	prefix-103	803
planned-blink	4	d0db2026	planned-blink-w4-before_wal_append-d0db2026	prefix-104	808
planned-blink	4	d0db2026	planned-blink-w4-before_wal_append-d0db2026	prefix-105	813
planned-blink	4	d0db2026	planned-blink-w4-before_wal_append-d0db2026	prefix-106	818
planned-blink	4	d0db2026	planned-blink-w4-before_wal_append-d0db2026	prefix-107	823
planned-blink	4	d0db2026	planned-blink-w4-before_wal_append-d0db2026	prefix-108	828
planned-blink	4	d0db2026	planned-blink-w4-before_wal_append-d0db2026	prefix-109	833
planned-blink	4	d0db2026	planned-blink-w4-before_wal_append-d0db2026	prefix-110	838
planned-blink	4	d0db2026	planned-blink-w4-before_wal_append-d0db2026	prefix-111	843
planned-blink	4	d0db2026	planned-blink-w4-before_wal_append-d0db2026	prefix-112	848
planned-blink	4	d0db2026	planned-blink-w4-before_wal_append-d0db2026	prefix-113	853
planned-blink	4	d0db2026	planned-blink-w4-before_wal_append-d0db2026	prefix-114	858
planned-blink	4	d0db2026	planned-blink-w4-before_wal_append-d0db2026	prefix-115	863
planned-blink	4	d0db2026	planned-blink-w4-before_wal_append-d0db2026	prefix-116	868
planned-blink	4	d0db2026	planned-blink-w4-before_wal_append-d0db2026	prefix-117	873
planned-blink	4	d0db2026	planned-blink-w4-before_wal_append-d0db2026	prefix-118	878
planned-blink	4	d0db2026	planned-blink-w4-before_wal_append-d0db2026	prefix-119	883
planned-blink	4	d0db2026	planned-blink-w4-before_wal_append-d0db2026	prefix-120	888
planned-blink	4	d0db2026	planned-blink-w4-before_wal_append-d0db2026	prefix-121	893
planned-blink	4	d0db2026	planned-blink-w4-before_wal_append-d0db2026	prefix-122	898
planned-blink	4	d0db2026	planned-blink-w4-before_wal_append-d0db2026	prefix-123	903
planned-blink	4	d0db2026	planned-blink-w4-before_wal_append-d0db2026	prefix-124	908
planned-blink	4	d0db2026	planned-blink-w4-before_wal_append-d0db2026	prefix-125	913
planned-blink	4	d0db2026	planned-blink-w4-before_wal_append-d0db2026	prefix-126	918
planned-blink	4	d0db2026	planned-blink-w4-before_wal_append-d0db2026	prefix-127	923
planned-blink	4	d0db2026	planned-blink-w4-before_wal_append-d0db2026	post-recovery	925
planned-blink	4	d0db2027	planned-blink-w4-before_wal_append-d0db2027	seed	283
planned-blink	4	d0db2027	planned-blink-w4-before_wal_append-d0db2027	prefix-000	288
planned-blink	4	d0db2027	planned-blink-w4-before_wal_append-d0db2027	prefix-001	293
planned-blink	4	d0db2027	planned-blink-w4-before_wal_append-d0db2027	prefix-002	298
planned-blink	4	d0db2027	planned-blink-w4-before_wal_append-d0db2027	prefix-003	303
planned-blink	4	d0db2027	planned-blink-w4-before_wal_append-d0db2027	prefix-004	308
planned-blink	4	d0db2027	planned-blink-w4-before_wal_append-d0db2027	prefix-005	313
planned-blink	4	d0db2027	planned-blink-w4-before_wal_append-d0db2027	prefix-006	318
planned-blink	4	d0db2027	planned-blink-w4-before_wal_append-d0db2027	prefix-007	323
planned-blink	4	d0db2027	planned-blink-w4-before_wal_append-d0db2027	prefix-008	328
planned-blink	4	d0db2027	planned-blink-w4-before_wal_append-d0db2027	prefix-009	333
planned-blink	4	d0db2027	planned-blink-w4-before_wal_append-d0db2027	prefix-010	338
planned-blink	4	d0db2027	planned-blink-w4-before_wal_append-d0db2027	prefix-011	343
planned-blink	4	d0db2027	planned-blink-w4-before_wal_append-d0db2027	prefix-012	348
planned-blink	4	d0db2027	planned-blink-w4-before_wal_append-d0db2027	prefix-013	353
planned-blink	4	d0db2027	planned-blink-w4-before_wal_append-d0db2027	prefix-014	358
planned-blink	4	d0db2027	planned-blink-w4-before_wal_append-d0db2027	prefix-015	363
planned-blink	4	d0db2027	planned-blink-w4-before_wal_append-d0db2027	prefix-016	368
planned-blink	4	d0db2027	planned-blink-w4-before_wal_append-d0db2027	prefix-017	373
planned-blink	4	d0db2027	planned-blink-w4-before_wal_append-d0db2027	prefix-018	378
planned-blink	4	d0db2027	planned-blink-w4-before_wal_append-d0db2027	prefix-019	383
planned-blink	4	d0db2027	planned-blink-w4-before_wal_append-d0db2027	prefix-020	388
planned-blink	4	d0db2027	planned-blink-w4-before_wal_append-d0db2027	prefix-021	393
planned-blink	4	d0db2027	planned-blink-w4-before_wal_append-d0db2027	prefix-022	398
planned-blink	4	d0db2027	planned-blink-w4-before_wal_append-d0db2027	prefix-023	403
planned-blink	4	d0db2027	planned-blink-w4-before_wal_append-d0db2027	prefix-024	408
planned-blink	4	d0db2027	planned-blink-w4-before_wal_append-d0db2027	prefix-025	413
planned-blink	4	d0db2027	planned-blink-w4-before_wal_append-d0db2027	prefix-026	418
planned-blink	4	d0db2027	planned-blink-w4-before_wal_append-d0db2027	prefix-027	423
planned-blink	4	d0db2027	planned-blink-w4-before_wal_append-d0db2027	prefix-028	428
planned-blink	4	d0db2027	planned-blink-w4-before_wal_append-d0db2027	prefix-029	433
planned-blink	4	d0db2027	planned-blink-w4-before_wal_append-d0db2027	prefix-030	438
planned-blink	4	d0db2027	planned-blink-w4-before_wal_append-d0db2027	prefix-031	443
planned-blink	4	d0db2027	planned-blink-w4-before_wal_append-d0db2027	prefix-032	448
planned-blink	4	d0db2027	planned-blink-w4-before_wal_append-d0db2027	prefix-033	453
planned-blink	4	d0db2027	planned-blink-w4-before_wal_append-d0db2027	prefix-034	458
planned-blink	4	d0db2027	planned-blink-w4-before_wal_append-d0db2027	prefix-035	463
planned-blink	4	d0db2027	planned-blink-w4-before_wal_append-d0db2027	prefix-036	468
planned-blink	4	d0db2027	planned-blink-w4-before_wal_append-d0db2027	prefix-037	473
planned-blink	4	d0db2027	planned-blink-w4-before_wal_append-d0db2027	prefix-038	478
planned-blink	4	d0db2027	planned-blink-w4-before_wal_append-d0db2027	prefix-039	483
planned-blink	4	d0db2027	planned-blink-w4-before_wal_append-d0db2027	prefix-040	488
planned-blink	4	d0db2027	planned-blink-w4-before_wal_append-d0db2027	prefix-041	493
planned-blink	4	d0db2027	planned-blink-w4-before_wal_append-d0db2027	prefix-042	498
planned-blink	4	d0db2027	planned-blink-w4-before_wal_append-d0db2027	prefix-043	503
planned-blink	4	d0db2027	planned-blink-w4-before_wal_append-d0db2027	prefix-044	508
planned-blink	4	d0db2027	planned-blink-w4-before_wal_append-d0db2027	prefix-045	513
planned-blink	4	d0db2027	planned-blink-w4-before_wal_append-d0db2027	prefix-046	518
planned-blink	4	d0db2027	planned-blink-w4-before_wal_append-d0db2027	prefix-047	523
planned-blink	4	d0db2027	planned-blink-w4-before_wal_append-d0db2027	prefix-048	528
planned-blink	4	d0db2027	planned-blink-w4-before_wal_append-d0db2027	prefix-049	533
planned-blink	4	d0db2027	planned-blink-w4-before_wal_append-d0db2027	prefix-050	538
planned-blink	4	d0db2027	planned-blink-w4-before_wal_append-d0db2027	prefix-051	543
planned-blink	4	d0db2027	planned-blink-w4-before_wal_append-d0db2027	prefix-052	548
planned-blink	4	d0db2027	planned-blink-w4-before_wal_append-d0db2027	prefix-053	553
planned-blink	4	d0db2027	planned-blink-w4-before_wal_append-d0db2027	prefix-054	558
planned-blink	4	d0db2027	planned-blink-w4-before_wal_append-d0db2027	prefix-055	563
planned-blink	4	d0db2027	planned-blink-w4-before_wal_append-d0db2027	prefix-056	568
planned-blink	4	d0db2027	planned-blink-w4-before_wal_append-d0db2027	prefix-057	573
planned-blink	4	d0db2027	planned-blink-w4-before_wal_append-d0db2027	prefix-058	578
planned-blink	4	d0db2027	planned-blink-w4-before_wal_append-d0db2027	prefix-059	583
planned-blink	4	d0db2027	planned-blink-w4-before_wal_append-d0db2027	prefix-060	588
planned-blink	4	d0db2027	planned-blink-w4-before_wal_append-d0db2027	prefix-061	593
planned-blink	4	d0db2027	planned-blink-w4-before_wal_append-d0db2027	prefix-062	598
planned-blink	4	d0db2027	planned-blink-w4-before_wal_append-d0db2027	prefix-063	603
planned-blink	4	d0db2027	planned-blink-w4-before_wal_append-d0db2027	prefix-064	608
planned-blink	4	d0db2027	planned-blink-w4-before_wal_append-d0db2027	prefix-065	613
planned-blink	4	d0db2027	planned-blink-w4-before_wal_append-d0db2027	prefix-066	618
planned-blink	4	d0db2027	planned-blink-w4-before_wal_append-d0db2027	prefix-067	623
planned-blink	4	d0db2027	planned-blink-w4-before_wal_append-d0db2027	prefix-068	628
planned-blink	4	d0db2027	planned-blink-w4-before_wal_append-d0db2027	prefix-069	633
planned-blink	4	d0db2027	planned-blink-w4-before_wal_append-d0db2027	prefix-070	638
planned-blink	4	d0db2027	planned-blink-w4-before_wal_append-d0db2027	prefix-071	643
planned-blink	4	d0db2027	planned-blink-w4-before_wal_append-d0db2027	prefix-072	648
planned-blink	4	d0db2027	planned-blink-w4-before_wal_append-d0db2027	prefix-073	653
planned-blink	4	d0db2027	planned-blink-w4-before_wal_append-d0db2027	prefix-074	658
planned-blink	4	d0db2027	planned-blink-w4-before_wal_append-d0db2027	prefix-075	663
planned-blink	4	d0db2027	planned-blink-w4-before_wal_append-d0db2027	prefix-076	668
planned-blink	4	d0db2027	planned-blink-w4-before_wal_append-d0db2027	prefix-077	673
planned-blink	4	d0db2027	planned-blink-w4-before_wal_append-d0db2027	prefix-078	678
planned-blink	4	d0db2027	planned-blink-w4-before_wal_append-d0db2027	prefix-079	683
planned-blink	4	d0db2027	planned-blink-w4-before_wal_append-d0db2027	prefix-080	688
planned-blink	4	d0db2027	planned-blink-w4-before_wal_append-d0db2027	prefix-081	693
planned-blink	4	d0db2027	planned-blink-w4-before_wal_append-d0db2027	prefix-082	698
planned-blink	4	d0db2027	planned-blink-w4-before_wal_append-d0db2027	prefix-083	703
planned-blink	4	d0db2027	planned-blink-w4-before_wal_append-d0db2027	prefix-084	708
planned-blink	4	d0db2027	planned-blink-w4-before_wal_append-d0db2027	prefix-085	713
planned-blink	4	d0db2027	planned-blink-w4-before_wal_append-d0db2027	prefix-086	718
planned-blink	4	d0db2027	planned-blink-w4-before_wal_append-d0db2027	prefix-087	723
planned-blink	4	d0db2027	planned-blink-w4-before_wal_append-d0db2027	prefix-088	728
planned-blink	4	d0db2027	planned-blink-w4-before_wal_append-d0db2027	prefix-089	733
planned-blink	4	d0db2027	planned-blink-w4-before_wal_append-d0db2027	prefix-090	738
planned-blink	4	d0db2027	planned-blink-w4-before_wal_append-d0db2027	prefix-091	743
planned-blink	4	d0db2027	planned-blink-w4-before_wal_append-d0db2027	prefix-092	748
planned-blink	4	d0db2027	planned-blink-w4-before_wal_append-d0db2027	prefix-093	753
planned-blink	4	d0db2027	planned-blink-w4-before_wal_append-d0db2027	prefix-094	758
planned-blink	4	d0db2027	planned-blink-w4-before_wal_append-d0db2027	prefix-095	763
planned-blink	4	d0db2027	planned-blink-w4-before_wal_append-d0db2027	prefix-096	768
planned-blink	4	d0db2027	planned-blink-w4-before_wal_append-d0db2027	prefix-097	773
planned-blink	4	d0db2027	planned-blink-w4-before_wal_append-d0db2027	prefix-098	778
planned-blink	4	d0db2027	planned-blink-w4-before_wal_append-d0db2027	prefix-099	783
planned-blink	4	d0db2027	planned-blink-w4-before_wal_append-d0db2027	prefix-100	788
planned-blink	4	d0db2027	planned-blink-w4-before_wal_append-d0db2027	prefix-101	793
planned-blink	4	d0db2027	planned-blink-w4-before_wal_append-d0db2027	prefix-102	798
planned-blink	4	d0db2027	planned-blink-w4-before_wal_append-d0db2027	prefix-103	803
planned-blink	4	d0db2027	planned-blink-w4-before_wal_append-d0db2027	prefix-104	808
planned-blink	4	d0db2027	planned-blink-w4-before_wal_append-d0db2027	prefix-105	813
planned-blink	4	d0db2027	planned-blink-w4-before_wal_append-d0db2027	prefix-106	818
planned-blink	4	d0db2027	planned-blink-w4-before_wal_append-d0db2027	prefix-107	823
planned-blink	4	d0db2027	planned-blink-w4-before_wal_append-d0db2027	prefix-108	828
planned-blink	4	d0db2027	planned-blink-w4-before_wal_append-d0db2027	prefix-109	833
planned-blink	4	d0db2027	planned-blink-w4-before_wal_append-d0db2027	prefix-110	838
planned-blink	4	d0db2027	planned-blink-w4-before_wal_append-d0db2027	prefix-111	843
planned-blink	4	d0db2027	planned-blink-w4-before_wal_append-d0db2027	prefix-112	848
planned-blink	4	d0db2027	planned-blink-w4-before_wal_append-d0db2027	prefix-113	853
planned-blink	4	d0db2027	planned-blink-w4-before_wal_append-d0db2027	prefix-114	858
planned-blink	4	d0db2027	planned-blink-w4-before_wal_append-d0db2027	prefix-115	863
planned-blink	4	d0db2027	planned-blink-w4-before_wal_append-d0db2027	prefix-116	868
planned-blink	4	d0db2027	planned-blink-w4-before_wal_append-d0db2027	prefix-117	873
planned-blink	4	d0db2027	planned-blink-w4-before_wal_append-d0db2027	prefix-118	878
planned-blink	4	d0db2027	planned-blink-w4-before_wal_append-d0db2027	prefix-119	883
planned-blink	4	d0db2027	planned-blink-w4-before_wal_append-d0db2027	prefix-120	888
planned-blink	4	d0db2027	planned-blink-w4-before_wal_append-d0db2027	prefix-121	893
planned-blink	4	d0db2027	planned-blink-w4-before_wal_append-d0db2027	prefix-122	898
planned-blink	4	d0db2027	planned-blink-w4-before_wal_append-d0db2027	prefix-123	903
planned-blink	4	d0db2027	planned-blink-w4-before_wal_append-d0db2027	prefix-124	908
planned-blink	4	d0db2027	planned-blink-w4-before_wal_append-d0db2027	prefix-125	913
planned-blink	4	d0db2027	planned-blink-w4-before_wal_append-d0db2027	prefix-126	918
planned-blink	4	d0db2027	planned-blink-w4-before_wal_append-d0db2027	prefix-127	923
planned-blink	4	d0db2027	planned-blink-w4-before_wal_append-d0db2027	post-recovery	925
planned-blink	4	d0db2028	planned-blink-w4-before_wal_append-d0db2028	seed	283
planned-blink	4	d0db2028	planned-blink-w4-before_wal_append-d0db2028	prefix-000	288
planned-blink	4	d0db2028	planned-blink-w4-before_wal_append-d0db2028	prefix-001	293
planned-blink	4	d0db2028	planned-blink-w4-before_wal_append-d0db2028	prefix-002	298
planned-blink	4	d0db2028	planned-blink-w4-before_wal_append-d0db2028	prefix-003	303
planned-blink	4	d0db2028	planned-blink-w4-before_wal_append-d0db2028	prefix-004	308
planned-blink	4	d0db2028	planned-blink-w4-before_wal_append-d0db2028	prefix-005	313
planned-blink	4	d0db2028	planned-blink-w4-before_wal_append-d0db2028	prefix-006	318
planned-blink	4	d0db2028	planned-blink-w4-before_wal_append-d0db2028	prefix-007	323
planned-blink	4	d0db2028	planned-blink-w4-before_wal_append-d0db2028	prefix-008	328
planned-blink	4	d0db2028	planned-blink-w4-before_wal_append-d0db2028	prefix-009	333
planned-blink	4	d0db2028	planned-blink-w4-before_wal_append-d0db2028	prefix-010	338
planned-blink	4	d0db2028	planned-blink-w4-before_wal_append-d0db2028	prefix-011	343
planned-blink	4	d0db2028	planned-blink-w4-before_wal_append-d0db2028	prefix-012	348
planned-blink	4	d0db2028	planned-blink-w4-before_wal_append-d0db2028	prefix-013	353
planned-blink	4	d0db2028	planned-blink-w4-before_wal_append-d0db2028	prefix-014	358
planned-blink	4	d0db2028	planned-blink-w4-before_wal_append-d0db2028	prefix-015	363
planned-blink	4	d0db2028	planned-blink-w4-before_wal_append-d0db2028	prefix-016	368
planned-blink	4	d0db2028	planned-blink-w4-before_wal_append-d0db2028	prefix-017	373
planned-blink	4	d0db2028	planned-blink-w4-before_wal_append-d0db2028	prefix-018	378
planned-blink	4	d0db2028	planned-blink-w4-before_wal_append-d0db2028	prefix-019	383
planned-blink	4	d0db2028	planned-blink-w4-before_wal_append-d0db2028	prefix-020	388
planned-blink	4	d0db2028	planned-blink-w4-before_wal_append-d0db2028	prefix-021	393
planned-blink	4	d0db2028	planned-blink-w4-before_wal_append-d0db2028	prefix-022	398
planned-blink	4	d0db2028	planned-blink-w4-before_wal_append-d0db2028	prefix-023	403
planned-blink	4	d0db2028	planned-blink-w4-before_wal_append-d0db2028	prefix-024	408
planned-blink	4	d0db2028	planned-blink-w4-before_wal_append-d0db2028	prefix-025	413
planned-blink	4	d0db2028	planned-blink-w4-before_wal_append-d0db2028	prefix-026	418
planned-blink	4	d0db2028	planned-blink-w4-before_wal_append-d0db2028	prefix-027	423
planned-blink	4	d0db2028	planned-blink-w4-before_wal_append-d0db2028	prefix-028	428
planned-blink	4	d0db2028	planned-blink-w4-before_wal_append-d0db2028	prefix-029	433
planned-blink	4	d0db2028	planned-blink-w4-before_wal_append-d0db2028	prefix-030	438
planned-blink	4	d0db2028	planned-blink-w4-before_wal_append-d0db2028	prefix-031	443
planned-blink	4	d0db2028	planned-blink-w4-before_wal_append-d0db2028	prefix-032	448
planned-blink	4	d0db2028	planned-blink-w4-before_wal_append-d0db2028	prefix-033	453
planned-blink	4	d0db2028	planned-blink-w4-before_wal_append-d0db2028	prefix-034	458
planned-blink	4	d0db2028	planned-blink-w4-before_wal_append-d0db2028	prefix-035	463
planned-blink	4	d0db2028	planned-blink-w4-before_wal_append-d0db2028	prefix-036	468
planned-blink	4	d0db2028	planned-blink-w4-before_wal_append-d0db2028	prefix-037	473
planned-blink	4	d0db2028	planned-blink-w4-before_wal_append-d0db2028	prefix-038	478
planned-blink	4	d0db2028	planned-blink-w4-before_wal_append-d0db2028	prefix-039	483
planned-blink	4	d0db2028	planned-blink-w4-before_wal_append-d0db2028	prefix-040	488
planned-blink	4	d0db2028	planned-blink-w4-before_wal_append-d0db2028	prefix-041	493
planned-blink	4	d0db2028	planned-blink-w4-before_wal_append-d0db2028	prefix-042	498
planned-blink	4	d0db2028	planned-blink-w4-before_wal_append-d0db2028	prefix-043	503
planned-blink	4	d0db2028	planned-blink-w4-before_wal_append-d0db2028	prefix-044	508
planned-blink	4	d0db2028	planned-blink-w4-before_wal_append-d0db2028	prefix-045	513
planned-blink	4	d0db2028	planned-blink-w4-before_wal_append-d0db2028	prefix-046	518
planned-blink	4	d0db2028	planned-blink-w4-before_wal_append-d0db2028	prefix-047	523
planned-blink	4	d0db2028	planned-blink-w4-before_wal_append-d0db2028	prefix-048	528
planned-blink	4	d0db2028	planned-blink-w4-before_wal_append-d0db2028	prefix-049	533
planned-blink	4	d0db2028	planned-blink-w4-before_wal_append-d0db2028	prefix-050	538
planned-blink	4	d0db2028	planned-blink-w4-before_wal_append-d0db2028	prefix-051	543
planned-blink	4	d0db2028	planned-blink-w4-before_wal_append-d0db2028	prefix-052	548
planned-blink	4	d0db2028	planned-blink-w4-before_wal_append-d0db2028	prefix-053	553
planned-blink	4	d0db2028	planned-blink-w4-before_wal_append-d0db2028	prefix-054	558
planned-blink	4	d0db2028	planned-blink-w4-before_wal_append-d0db2028	prefix-055	563
planned-blink	4	d0db2028	planned-blink-w4-before_wal_append-d0db2028	prefix-056	568
planned-blink	4	d0db2028	planned-blink-w4-before_wal_append-d0db2028	prefix-057	573
planned-blink	4	d0db2028	planned-blink-w4-before_wal_append-d0db2028	prefix-058	578
planned-blink	4	d0db2028	planned-blink-w4-before_wal_append-d0db2028	prefix-059	583
planned-blink	4	d0db2028	planned-blink-w4-before_wal_append-d0db2028	prefix-060	588
planned-blink	4	d0db2028	planned-blink-w4-before_wal_append-d0db2028	prefix-061	593
planned-blink	4	d0db2028	planned-blink-w4-before_wal_append-d0db2028	prefix-062	598
planned-blink	4	d0db2028	planned-blink-w4-before_wal_append-d0db2028	prefix-063	603
planned-blink	4	d0db2028	planned-blink-w4-before_wal_append-d0db2028	prefix-064	608
planned-blink	4	d0db2028	planned-blink-w4-before_wal_append-d0db2028	prefix-065	613
planned-blink	4	d0db2028	planned-blink-w4-before_wal_append-d0db2028	prefix-066	618
planned-blink	4	d0db2028	planned-blink-w4-before_wal_append-d0db2028	prefix-067	623
planned-blink	4	d0db2028	planned-blink-w4-before_wal_append-d0db2028	prefix-068	628
planned-blink	4	d0db2028	planned-blink-w4-before_wal_append-d0db2028	prefix-069	633
planned-blink	4	d0db2028	planned-blink-w4-before_wal_append-d0db2028	prefix-070	638
planned-blink	4	d0db2028	planned-blink-w4-before_wal_append-d0db2028	prefix-071	643
planned-blink	4	d0db2028	planned-blink-w4-before_wal_append-d0db2028	prefix-072	648
planned-blink	4	d0db2028	planned-blink-w4-before_wal_append-d0db2028	prefix-073	653
planned-blink	4	d0db2028	planned-blink-w4-before_wal_append-d0db2028	prefix-074	658
planned-blink	4	d0db2028	planned-blink-w4-before_wal_append-d0db2028	prefix-075	663
planned-blink	4	d0db2028	planned-blink-w4-before_wal_append-d0db2028	prefix-076	668
planned-blink	4	d0db2028	planned-blink-w4-before_wal_append-d0db2028	prefix-077	673
planned-blink	4	d0db2028	planned-blink-w4-before_wal_append-d0db2028	prefix-078	678
planned-blink	4	d0db2028	planned-blink-w4-before_wal_append-d0db2028	prefix-079	683
planned-blink	4	d0db2028	planned-blink-w4-before_wal_append-d0db2028	prefix-080	688
planned-blink	4	d0db2028	planned-blink-w4-before_wal_append-d0db2028	prefix-081	693
planned-blink	4	d0db2028	planned-blink-w4-before_wal_append-d0db2028	prefix-082	698
planned-blink	4	d0db2028	planned-blink-w4-before_wal_append-d0db2028	prefix-083	703
planned-blink	4	d0db2028	planned-blink-w4-before_wal_append-d0db2028	prefix-084	708
planned-blink	4	d0db2028	planned-blink-w4-before_wal_append-d0db2028	prefix-085	713
planned-blink	4	d0db2028	planned-blink-w4-before_wal_append-d0db2028	prefix-086	718
planned-blink	4	d0db2028	planned-blink-w4-before_wal_append-d0db2028	prefix-087	723
planned-blink	4	d0db2028	planned-blink-w4-before_wal_append-d0db2028	prefix-088	728
planned-blink	4	d0db2028	planned-blink-w4-before_wal_append-d0db2028	prefix-089	733
planned-blink	4	d0db2028	planned-blink-w4-before_wal_append-d0db2028	prefix-090	738
planned-blink	4	d0db2028	planned-blink-w4-before_wal_append-d0db2028	prefix-091	743
planned-blink	4	d0db2028	planned-blink-w4-before_wal_append-d0db2028	prefix-092	748
planned-blink	4	d0db2028	planned-blink-w4-before_wal_append-d0db2028	prefix-093	753
planned-blink	4	d0db2028	planned-blink-w4-before_wal_append-d0db2028	prefix-094	758
planned-blink	4	d0db2028	planned-blink-w4-before_wal_append-d0db2028	prefix-095	763
planned-blink	4	d0db2028	planned-blink-w4-before_wal_append-d0db2028	prefix-096	768
planned-blink	4	d0db2028	planned-blink-w4-before_wal_append-d0db2028	prefix-097	773
planned-blink	4	d0db2028	planned-blink-w4-before_wal_append-d0db2028	prefix-098	778
planned-blink	4	d0db2028	planned-blink-w4-before_wal_append-d0db2028	prefix-099	783
planned-blink	4	d0db2028	planned-blink-w4-before_wal_append-d0db2028	prefix-100	788
planned-blink	4	d0db2028	planned-blink-w4-before_wal_append-d0db2028	prefix-101	793
planned-blink	4	d0db2028	planned-blink-w4-before_wal_append-d0db2028	prefix-102	798
planned-blink	4	d0db2028	planned-blink-w4-before_wal_append-d0db2028	prefix-103	803
planned-blink	4	d0db2028	planned-blink-w4-before_wal_append-d0db2028	prefix-104	808
planned-blink	4	d0db2028	planned-blink-w4-before_wal_append-d0db2028	prefix-105	813
planned-blink	4	d0db2028	planned-blink-w4-before_wal_append-d0db2028	prefix-106	818
planned-blink	4	d0db2028	planned-blink-w4-before_wal_append-d0db2028	prefix-107	823
planned-blink	4	d0db2028	planned-blink-w4-before_wal_append-d0db2028	prefix-108	828
planned-blink	4	d0db2028	planned-blink-w4-before_wal_append-d0db2028	prefix-109	833
planned-blink	4	d0db2028	planned-blink-w4-before_wal_append-d0db2028	prefix-110	838
planned-blink	4	d0db2028	planned-blink-w4-before_wal_append-d0db2028	prefix-111	843
planned-blink	4	d0db2028	planned-blink-w4-before_wal_append-d0db2028	prefix-112	848
planned-blink	4	d0db2028	planned-blink-w4-before_wal_append-d0db2028	prefix-113	853
planned-blink	4	d0db2028	planned-blink-w4-before_wal_append-d0db2028	prefix-114	858
planned-blink	4	d0db2028	planned-blink-w4-before_wal_append-d0db2028	prefix-115	863
planned-blink	4	d0db2028	planned-blink-w4-before_wal_append-d0db2028	prefix-116	868
planned-blink	4	d0db2028	planned-blink-w4-before_wal_append-d0db2028	prefix-117	873
planned-blink	4	d0db2028	planned-blink-w4-before_wal_append-d0db2028	prefix-118	878
planned-blink	4	d0db2028	planned-blink-w4-before_wal_append-d0db2028	prefix-119	883
planned-blink	4	d0db2028	planned-blink-w4-before_wal_append-d0db2028	prefix-120	888
planned-blink	4	d0db2028	planned-blink-w4-before_wal_append-d0db2028	prefix-121	893
planned-blink	4	d0db2028	planned-blink-w4-before_wal_append-d0db2028	prefix-122	898
planned-blink	4	d0db2028	planned-blink-w4-before_wal_append-d0db2028	prefix-123	903
planned-blink	4	d0db2028	planned-blink-w4-before_wal_append-d0db2028	prefix-124	908
planned-blink	4	d0db2028	planned-blink-w4-before_wal_append-d0db2028	prefix-125	913
planned-blink	4	d0db2028	planned-blink-w4-before_wal_append-d0db2028	prefix-126	918
planned-blink	4	d0db2028	planned-blink-w4-before_wal_append-d0db2028	prefix-127	923
planned-blink	4	d0db2028	planned-blink-w4-before_wal_append-d0db2028	post-recovery	925
planned-blink	4	d0db2026	planned-blink-w4-before_wal_sync-d0db2026	seed	283
planned-blink	4	d0db2026	planned-blink-w4-before_wal_sync-d0db2026	prefix-000	288
planned-blink	4	d0db2026	planned-blink-w4-before_wal_sync-d0db2026	prefix-001	293
planned-blink	4	d0db2026	planned-blink-w4-before_wal_sync-d0db2026	prefix-002	298
planned-blink	4	d0db2026	planned-blink-w4-before_wal_sync-d0db2026	prefix-003	303
planned-blink	4	d0db2026	planned-blink-w4-before_wal_sync-d0db2026	prefix-004	308
planned-blink	4	d0db2026	planned-blink-w4-before_wal_sync-d0db2026	prefix-005	313
planned-blink	4	d0db2026	planned-blink-w4-before_wal_sync-d0db2026	prefix-006	318
planned-blink	4	d0db2026	planned-blink-w4-before_wal_sync-d0db2026	prefix-007	323
planned-blink	4	d0db2026	planned-blink-w4-before_wal_sync-d0db2026	prefix-008	328
planned-blink	4	d0db2026	planned-blink-w4-before_wal_sync-d0db2026	prefix-009	333
planned-blink	4	d0db2026	planned-blink-w4-before_wal_sync-d0db2026	prefix-010	338
planned-blink	4	d0db2026	planned-blink-w4-before_wal_sync-d0db2026	prefix-011	343
planned-blink	4	d0db2026	planned-blink-w4-before_wal_sync-d0db2026	prefix-012	348
planned-blink	4	d0db2026	planned-blink-w4-before_wal_sync-d0db2026	prefix-013	353
planned-blink	4	d0db2026	planned-blink-w4-before_wal_sync-d0db2026	prefix-014	358
planned-blink	4	d0db2026	planned-blink-w4-before_wal_sync-d0db2026	prefix-015	363
planned-blink	4	d0db2026	planned-blink-w4-before_wal_sync-d0db2026	prefix-016	368
planned-blink	4	d0db2026	planned-blink-w4-before_wal_sync-d0db2026	prefix-017	373
planned-blink	4	d0db2026	planned-blink-w4-before_wal_sync-d0db2026	prefix-018	378
planned-blink	4	d0db2026	planned-blink-w4-before_wal_sync-d0db2026	prefix-019	383
planned-blink	4	d0db2026	planned-blink-w4-before_wal_sync-d0db2026	prefix-020	388
planned-blink	4	d0db2026	planned-blink-w4-before_wal_sync-d0db2026	prefix-021	393
planned-blink	4	d0db2026	planned-blink-w4-before_wal_sync-d0db2026	prefix-022	398
planned-blink	4	d0db2026	planned-blink-w4-before_wal_sync-d0db2026	prefix-023	403
planned-blink	4	d0db2026	planned-blink-w4-before_wal_sync-d0db2026	prefix-024	408
planned-blink	4	d0db2026	planned-blink-w4-before_wal_sync-d0db2026	prefix-025	413
planned-blink	4	d0db2026	planned-blink-w4-before_wal_sync-d0db2026	prefix-026	418
planned-blink	4	d0db2026	planned-blink-w4-before_wal_sync-d0db2026	prefix-027	423
planned-blink	4	d0db2026	planned-blink-w4-before_wal_sync-d0db2026	prefix-028	428
planned-blink	4	d0db2026	planned-blink-w4-before_wal_sync-d0db2026	prefix-029	433
planned-blink	4	d0db2026	planned-blink-w4-before_wal_sync-d0db2026	prefix-030	438
planned-blink	4	d0db2026	planned-blink-w4-before_wal_sync-d0db2026	prefix-031	443
planned-blink	4	d0db2026	planned-blink-w4-before_wal_sync-d0db2026	prefix-032	448
planned-blink	4	d0db2026	planned-blink-w4-before_wal_sync-d0db2026	prefix-033	453
planned-blink	4	d0db2026	planned-blink-w4-before_wal_sync-d0db2026	prefix-034	458
planned-blink	4	d0db2026	planned-blink-w4-before_wal_sync-d0db2026	prefix-035	463
planned-blink	4	d0db2026	planned-blink-w4-before_wal_sync-d0db2026	prefix-036	468
planned-blink	4	d0db2026	planned-blink-w4-before_wal_sync-d0db2026	prefix-037	473
planned-blink	4	d0db2026	planned-blink-w4-before_wal_sync-d0db2026	prefix-038	478
planned-blink	4	d0db2026	planned-blink-w4-before_wal_sync-d0db2026	prefix-039	483
planned-blink	4	d0db2026	planned-blink-w4-before_wal_sync-d0db2026	prefix-040	488
planned-blink	4	d0db2026	planned-blink-w4-before_wal_sync-d0db2026	prefix-041	493
planned-blink	4	d0db2026	planned-blink-w4-before_wal_sync-d0db2026	prefix-042	498
planned-blink	4	d0db2026	planned-blink-w4-before_wal_sync-d0db2026	prefix-043	503
planned-blink	4	d0db2026	planned-blink-w4-before_wal_sync-d0db2026	prefix-044	508
planned-blink	4	d0db2026	planned-blink-w4-before_wal_sync-d0db2026	prefix-045	513
planned-blink	4	d0db2026	planned-blink-w4-before_wal_sync-d0db2026	prefix-046	518
planned-blink	4	d0db2026	planned-blink-w4-before_wal_sync-d0db2026	prefix-047	523
planned-blink	4	d0db2026	planned-blink-w4-before_wal_sync-d0db2026	prefix-048	528
planned-blink	4	d0db2026	planned-blink-w4-before_wal_sync-d0db2026	prefix-049	533
planned-blink	4	d0db2026	planned-blink-w4-before_wal_sync-d0db2026	prefix-050	538
planned-blink	4	d0db2026	planned-blink-w4-before_wal_sync-d0db2026	prefix-051	543
planned-blink	4	d0db2026	planned-blink-w4-before_wal_sync-d0db2026	prefix-052	548
planned-blink	4	d0db2026	planned-blink-w4-before_wal_sync-d0db2026	prefix-053	553
planned-blink	4	d0db2026	planned-blink-w4-before_wal_sync-d0db2026	prefix-054	558
planned-blink	4	d0db2026	planned-blink-w4-before_wal_sync-d0db2026	prefix-055	563
planned-blink	4	d0db2026	planned-blink-w4-before_wal_sync-d0db2026	prefix-056	568
planned-blink	4	d0db2026	planned-blink-w4-before_wal_sync-d0db2026	prefix-057	573
planned-blink	4	d0db2026	planned-blink-w4-before_wal_sync-d0db2026	prefix-058	578
planned-blink	4	d0db2026	planned-blink-w4-before_wal_sync-d0db2026	prefix-059	583
planned-blink	4	d0db2026	planned-blink-w4-before_wal_sync-d0db2026	prefix-060	588
planned-blink	4	d0db2026	planned-blink-w4-before_wal_sync-d0db2026	prefix-061	593
planned-blink	4	d0db2026	planned-blink-w4-before_wal_sync-d0db2026	prefix-062	598
planned-blink	4	d0db2026	planned-blink-w4-before_wal_sync-d0db2026	prefix-063	603
planned-blink	4	d0db2026	planned-blink-w4-before_wal_sync-d0db2026	prefix-064	608
planned-blink	4	d0db2026	planned-blink-w4-before_wal_sync-d0db2026	prefix-065	613
planned-blink	4	d0db2026	planned-blink-w4-before_wal_sync-d0db2026	prefix-066	618
planned-blink	4	d0db2026	planned-blink-w4-before_wal_sync-d0db2026	prefix-067	623
planned-blink	4	d0db2026	planned-blink-w4-before_wal_sync-d0db2026	prefix-068	628
planned-blink	4	d0db2026	planned-blink-w4-before_wal_sync-d0db2026	prefix-069	633
planned-blink	4	d0db2026	planned-blink-w4-before_wal_sync-d0db2026	prefix-070	638
planned-blink	4	d0db2026	planned-blink-w4-before_wal_sync-d0db2026	prefix-071	643
planned-blink	4	d0db2026	planned-blink-w4-before_wal_sync-d0db2026	prefix-072	648
planned-blink	4	d0db2026	planned-blink-w4-before_wal_sync-d0db2026	prefix-073	653
planned-blink	4	d0db2026	planned-blink-w4-before_wal_sync-d0db2026	prefix-074	658
planned-blink	4	d0db2026	planned-blink-w4-before_wal_sync-d0db2026	prefix-075	663
planned-blink	4	d0db2026	planned-blink-w4-before_wal_sync-d0db2026	prefix-076	668
planned-blink	4	d0db2026	planned-blink-w4-before_wal_sync-d0db2026	prefix-077	673
planned-blink	4	d0db2026	planned-blink-w4-before_wal_sync-d0db2026	prefix-078	678
planned-blink	4	d0db2026	planned-blink-w4-before_wal_sync-d0db2026	prefix-079	683
planned-blink	4	d0db2026	planned-blink-w4-before_wal_sync-d0db2026	prefix-080	688
planned-blink	4	d0db2026	planned-blink-w4-before_wal_sync-d0db2026	prefix-081	693
planned-blink	4	d0db2026	planned-blink-w4-before_wal_sync-d0db2026	prefix-082	698
planned-blink	4	d0db2026	planned-blink-w4-before_wal_sync-d0db2026	prefix-083	703
planned-blink	4	d0db2026	planned-blink-w4-before_wal_sync-d0db2026	prefix-084	708
planned-blink	4	d0db2026	planned-blink-w4-before_wal_sync-d0db2026	prefix-085	713
planned-blink	4	d0db2026	planned-blink-w4-before_wal_sync-d0db2026	prefix-086	718
planned-blink	4	d0db2026	planned-blink-w4-before_wal_sync-d0db2026	prefix-087	723
planned-blink	4	d0db2026	planned-blink-w4-before_wal_sync-d0db2026	prefix-088	728
planned-blink	4	d0db2026	planned-blink-w4-before_wal_sync-d0db2026	prefix-089	733
planned-blink	4	d0db2026	planned-blink-w4-before_wal_sync-d0db2026	prefix-090	738
planned-blink	4	d0db2026	planned-blink-w4-before_wal_sync-d0db2026	prefix-091	743
planned-blink	4	d0db2026	planned-blink-w4-before_wal_sync-d0db2026	prefix-092	748
planned-blink	4	d0db2026	planned-blink-w4-before_wal_sync-d0db2026	prefix-093	753
planned-blink	4	d0db2026	planned-blink-w4-before_wal_sync-d0db2026	prefix-094	758
planned-blink	4	d0db2026	planned-blink-w4-before_wal_sync-d0db2026	prefix-095	763
planned-blink	4	d0db2026	planned-blink-w4-before_wal_sync-d0db2026	prefix-096	768
planned-blink	4	d0db2026	planned-blink-w4-before_wal_sync-d0db2026	prefix-097	773
planned-blink	4	d0db2026	planned-blink-w4-before_wal_sync-d0db2026	prefix-098	778
planned-blink	4	d0db2026	planned-blink-w4-before_wal_sync-d0db2026	prefix-099	783
planned-blink	4	d0db2026	planned-blink-w4-before_wal_sync-d0db2026	prefix-100	788
planned-blink	4	d0db2026	planned-blink-w4-before_wal_sync-d0db2026	prefix-101	793
planned-blink	4	d0db2026	planned-blink-w4-before_wal_sync-d0db2026	prefix-102	798
planned-blink	4	d0db2026	planned-blink-w4-before_wal_sync-d0db2026	prefix-103	803
planned-blink	4	d0db2026	planned-blink-w4-before_wal_sync-d0db2026	prefix-104	808
planned-blink	4	d0db2026	planned-blink-w4-before_wal_sync-d0db2026	prefix-105	813
planned-blink	4	d0db2026	planned-blink-w4-before_wal_sync-d0db2026	prefix-106	818
planned-blink	4	d0db2026	planned-blink-w4-before_wal_sync-d0db2026	prefix-107	823
planned-blink	4	d0db2026	planned-blink-w4-before_wal_sync-d0db2026	prefix-108	828
planned-blink	4	d0db2026	planned-blink-w4-before_wal_sync-d0db2026	prefix-109	833
planned-blink	4	d0db2026	planned-blink-w4-before_wal_sync-d0db2026	prefix-110	838
planned-blink	4	d0db2026	planned-blink-w4-before_wal_sync-d0db2026	prefix-111	843
planned-blink	4	d0db2026	planned-blink-w4-before_wal_sync-d0db2026	prefix-112	848
planned-blink	4	d0db2026	planned-blink-w4-before_wal_sync-d0db2026	prefix-113	853
planned-blink	4	d0db2026	planned-blink-w4-before_wal_sync-d0db2026	prefix-114	858
planned-blink	4	d0db2026	planned-blink-w4-before_wal_sync-d0db2026	prefix-115	863
planned-blink	4	d0db2026	planned-blink-w4-before_wal_sync-d0db2026	prefix-116	868
planned-blink	4	d0db2026	planned-blink-w4-before_wal_sync-d0db2026	prefix-117	873
planned-blink	4	d0db2026	planned-blink-w4-before_wal_sync-d0db2026	prefix-118	878
planned-blink	4	d0db2026	planned-blink-w4-before_wal_sync-d0db2026	prefix-119	883
planned-blink	4	d0db2026	planned-blink-w4-before_wal_sync-d0db2026	prefix-120	888
planned-blink	4	d0db2026	planned-blink-w4-before_wal_sync-d0db2026	prefix-121	893
planned-blink	4	d0db2026	planned-blink-w4-before_wal_sync-d0db2026	prefix-122	898
planned-blink	4	d0db2026	planned-blink-w4-before_wal_sync-d0db2026	prefix-123	903
planned-blink	4	d0db2026	planned-blink-w4-before_wal_sync-d0db2026	prefix-124	908
planned-blink	4	d0db2026	planned-blink-w4-before_wal_sync-d0db2026	prefix-125	913
planned-blink	4	d0db2026	planned-blink-w4-before_wal_sync-d0db2026	prefix-126	918
planned-blink	4	d0db2026	planned-blink-w4-before_wal_sync-d0db2026	prefix-127	923
planned-blink	4	d0db2026	planned-blink-w4-before_wal_sync-d0db2026	post-recovery	930
planned-blink	4	d0db2027	planned-blink-w4-before_wal_sync-d0db2027	seed	283
planned-blink	4	d0db2027	planned-blink-w4-before_wal_sync-d0db2027	prefix-000	288
planned-blink	4	d0db2027	planned-blink-w4-before_wal_sync-d0db2027	prefix-001	293
planned-blink	4	d0db2027	planned-blink-w4-before_wal_sync-d0db2027	prefix-002	298
planned-blink	4	d0db2027	planned-blink-w4-before_wal_sync-d0db2027	prefix-003	303
planned-blink	4	d0db2027	planned-blink-w4-before_wal_sync-d0db2027	prefix-004	308
planned-blink	4	d0db2027	planned-blink-w4-before_wal_sync-d0db2027	prefix-005	313
planned-blink	4	d0db2027	planned-blink-w4-before_wal_sync-d0db2027	prefix-006	318
planned-blink	4	d0db2027	planned-blink-w4-before_wal_sync-d0db2027	prefix-007	323
planned-blink	4	d0db2027	planned-blink-w4-before_wal_sync-d0db2027	prefix-008	328
planned-blink	4	d0db2027	planned-blink-w4-before_wal_sync-d0db2027	prefix-009	333
planned-blink	4	d0db2027	planned-blink-w4-before_wal_sync-d0db2027	prefix-010	338
planned-blink	4	d0db2027	planned-blink-w4-before_wal_sync-d0db2027	prefix-011	343
planned-blink	4	d0db2027	planned-blink-w4-before_wal_sync-d0db2027	prefix-012	348
planned-blink	4	d0db2027	planned-blink-w4-before_wal_sync-d0db2027	prefix-013	353
planned-blink	4	d0db2027	planned-blink-w4-before_wal_sync-d0db2027	prefix-014	358
planned-blink	4	d0db2027	planned-blink-w4-before_wal_sync-d0db2027	prefix-015	363
planned-blink	4	d0db2027	planned-blink-w4-before_wal_sync-d0db2027	prefix-016	368
planned-blink	4	d0db2027	planned-blink-w4-before_wal_sync-d0db2027	prefix-017	373
planned-blink	4	d0db2027	planned-blink-w4-before_wal_sync-d0db2027	prefix-018	378
planned-blink	4	d0db2027	planned-blink-w4-before_wal_sync-d0db2027	prefix-019	383
planned-blink	4	d0db2027	planned-blink-w4-before_wal_sync-d0db2027	prefix-020	388
planned-blink	4	d0db2027	planned-blink-w4-before_wal_sync-d0db2027	prefix-021	393
planned-blink	4	d0db2027	planned-blink-w4-before_wal_sync-d0db2027	prefix-022	398
planned-blink	4	d0db2027	planned-blink-w4-before_wal_sync-d0db2027	prefix-023	403
planned-blink	4	d0db2027	planned-blink-w4-before_wal_sync-d0db2027	prefix-024	408
planned-blink	4	d0db2027	planned-blink-w4-before_wal_sync-d0db2027	prefix-025	413
planned-blink	4	d0db2027	planned-blink-w4-before_wal_sync-d0db2027	prefix-026	418
planned-blink	4	d0db2027	planned-blink-w4-before_wal_sync-d0db2027	prefix-027	423
planned-blink	4	d0db2027	planned-blink-w4-before_wal_sync-d0db2027	prefix-028	428
planned-blink	4	d0db2027	planned-blink-w4-before_wal_sync-d0db2027	prefix-029	433
planned-blink	4	d0db2027	planned-blink-w4-before_wal_sync-d0db2027	prefix-030	438
planned-blink	4	d0db2027	planned-blink-w4-before_wal_sync-d0db2027	prefix-031	443
planned-blink	4	d0db2027	planned-blink-w4-before_wal_sync-d0db2027	prefix-032	448
planned-blink	4	d0db2027	planned-blink-w4-before_wal_sync-d0db2027	prefix-033	453
planned-blink	4	d0db2027	planned-blink-w4-before_wal_sync-d0db2027	prefix-034	458
planned-blink	4	d0db2027	planned-blink-w4-before_wal_sync-d0db2027	prefix-035	463
planned-blink	4	d0db2027	planned-blink-w4-before_wal_sync-d0db2027	prefix-036	468
planned-blink	4	d0db2027	planned-blink-w4-before_wal_sync-d0db2027	prefix-037	473
planned-blink	4	d0db2027	planned-blink-w4-before_wal_sync-d0db2027	prefix-038	478
planned-blink	4	d0db2027	planned-blink-w4-before_wal_sync-d0db2027	prefix-039	483
planned-blink	4	d0db2027	planned-blink-w4-before_wal_sync-d0db2027	prefix-040	488
planned-blink	4	d0db2027	planned-blink-w4-before_wal_sync-d0db2027	prefix-041	493
planned-blink	4	d0db2027	planned-blink-w4-before_wal_sync-d0db2027	prefix-042	498
planned-blink	4	d0db2027	planned-blink-w4-before_wal_sync-d0db2027	prefix-043	503
planned-blink	4	d0db2027	planned-blink-w4-before_wal_sync-d0db2027	prefix-044	508
planned-blink	4	d0db2027	planned-blink-w4-before_wal_sync-d0db2027	prefix-045	513
planned-blink	4	d0db2027	planned-blink-w4-before_wal_sync-d0db2027	prefix-046	518
planned-blink	4	d0db2027	planned-blink-w4-before_wal_sync-d0db2027	prefix-047	523
planned-blink	4	d0db2027	planned-blink-w4-before_wal_sync-d0db2027	prefix-048	528
planned-blink	4	d0db2027	planned-blink-w4-before_wal_sync-d0db2027	prefix-049	533
planned-blink	4	d0db2027	planned-blink-w4-before_wal_sync-d0db2027	prefix-050	538
planned-blink	4	d0db2027	planned-blink-w4-before_wal_sync-d0db2027	prefix-051	543
planned-blink	4	d0db2027	planned-blink-w4-before_wal_sync-d0db2027	prefix-052	548
planned-blink	4	d0db2027	planned-blink-w4-before_wal_sync-d0db2027	prefix-053	553
planned-blink	4	d0db2027	planned-blink-w4-before_wal_sync-d0db2027	prefix-054	558
planned-blink	4	d0db2027	planned-blink-w4-before_wal_sync-d0db2027	prefix-055	563
planned-blink	4	d0db2027	planned-blink-w4-before_wal_sync-d0db2027	prefix-056	568
planned-blink	4	d0db2027	planned-blink-w4-before_wal_sync-d0db2027	prefix-057	573
planned-blink	4	d0db2027	planned-blink-w4-before_wal_sync-d0db2027	prefix-058	578
planned-blink	4	d0db2027	planned-blink-w4-before_wal_sync-d0db2027	prefix-059	583
planned-blink	4	d0db2027	planned-blink-w4-before_wal_sync-d0db2027	prefix-060	588
planned-blink	4	d0db2027	planned-blink-w4-before_wal_sync-d0db2027	prefix-061	593
planned-blink	4	d0db2027	planned-blink-w4-before_wal_sync-d0db2027	prefix-062	598
planned-blink	4	d0db2027	planned-blink-w4-before_wal_sync-d0db2027	prefix-063	603
planned-blink	4	d0db2027	planned-blink-w4-before_wal_sync-d0db2027	prefix-064	608
planned-blink	4	d0db2027	planned-blink-w4-before_wal_sync-d0db2027	prefix-065	613
planned-blink	4	d0db2027	planned-blink-w4-before_wal_sync-d0db2027	prefix-066	618
planned-blink	4	d0db2027	planned-blink-w4-before_wal_sync-d0db2027	prefix-067	623
planned-blink	4	d0db2027	planned-blink-w4-before_wal_sync-d0db2027	prefix-068	628
planned-blink	4	d0db2027	planned-blink-w4-before_wal_sync-d0db2027	prefix-069	633
planned-blink	4	d0db2027	planned-blink-w4-before_wal_sync-d0db2027	prefix-070	638
planned-blink	4	d0db2027	planned-blink-w4-before_wal_sync-d0db2027	prefix-071	643
planned-blink	4	d0db2027	planned-blink-w4-before_wal_sync-d0db2027	prefix-072	648
planned-blink	4	d0db2027	planned-blink-w4-before_wal_sync-d0db2027	prefix-073	653
planned-blink	4	d0db2027	planned-blink-w4-before_wal_sync-d0db2027	prefix-074	658
planned-blink	4	d0db2027	planned-blink-w4-before_wal_sync-d0db2027	prefix-075	663
planned-blink	4	d0db2027	planned-blink-w4-before_wal_sync-d0db2027	prefix-076	668
planned-blink	4	d0db2027	planned-blink-w4-before_wal_sync-d0db2027	prefix-077	673
planned-blink	4	d0db2027	planned-blink-w4-before_wal_sync-d0db2027	prefix-078	678
planned-blink	4	d0db2027	planned-blink-w4-before_wal_sync-d0db2027	prefix-079	683
planned-blink	4	d0db2027	planned-blink-w4-before_wal_sync-d0db2027	prefix-080	688
planned-blink	4	d0db2027	planned-blink-w4-before_wal_sync-d0db2027	prefix-081	693
planned-blink	4	d0db2027	planned-blink-w4-before_wal_sync-d0db2027	prefix-082	698
planned-blink	4	d0db2027	planned-blink-w4-before_wal_sync-d0db2027	prefix-083	703
planned-blink	4	d0db2027	planned-blink-w4-before_wal_sync-d0db2027	prefix-084	708
planned-blink	4	d0db2027	planned-blink-w4-before_wal_sync-d0db2027	prefix-085	713
planned-blink	4	d0db2027	planned-blink-w4-before_wal_sync-d0db2027	prefix-086	718
planned-blink	4	d0db2027	planned-blink-w4-before_wal_sync-d0db2027	prefix-087	723
planned-blink	4	d0db2027	planned-blink-w4-before_wal_sync-d0db2027	prefix-088	728
planned-blink	4	d0db2027	planned-blink-w4-before_wal_sync-d0db2027	prefix-089	733
planned-blink	4	d0db2027	planned-blink-w4-before_wal_sync-d0db2027	prefix-090	738
planned-blink	4	d0db2027	planned-blink-w4-before_wal_sync-d0db2027	prefix-091	743
planned-blink	4	d0db2027	planned-blink-w4-before_wal_sync-d0db2027	prefix-092	748
planned-blink	4	d0db2027	planned-blink-w4-before_wal_sync-d0db2027	prefix-093	753
planned-blink	4	d0db2027	planned-blink-w4-before_wal_sync-d0db2027	prefix-094	758
planned-blink	4	d0db2027	planned-blink-w4-before_wal_sync-d0db2027	prefix-095	763
planned-blink	4	d0db2027	planned-blink-w4-before_wal_sync-d0db2027	prefix-096	768
planned-blink	4	d0db2027	planned-blink-w4-before_wal_sync-d0db2027	prefix-097	773
planned-blink	4	d0db2027	planned-blink-w4-before_wal_sync-d0db2027	prefix-098	778
planned-blink	4	d0db2027	planned-blink-w4-before_wal_sync-d0db2027	prefix-099	783
planned-blink	4	d0db2027	planned-blink-w4-before_wal_sync-d0db2027	prefix-100	788
planned-blink	4	d0db2027	planned-blink-w4-before_wal_sync-d0db2027	prefix-101	793
planned-blink	4	d0db2027	planned-blink-w4-before_wal_sync-d0db2027	prefix-102	798
planned-blink	4	d0db2027	planned-blink-w4-before_wal_sync-d0db2027	prefix-103	803
planned-blink	4	d0db2027	planned-blink-w4-before_wal_sync-d0db2027	prefix-104	808
planned-blink	4	d0db2027	planned-blink-w4-before_wal_sync-d0db2027	prefix-105	813
planned-blink	4	d0db2027	planned-blink-w4-before_wal_sync-d0db2027	prefix-106	818
planned-blink	4	d0db2027	planned-blink-w4-before_wal_sync-d0db2027	prefix-107	823
planned-blink	4	d0db2027	planned-blink-w4-before_wal_sync-d0db2027	prefix-108	828
planned-blink	4	d0db2027	planned-blink-w4-before_wal_sync-d0db2027	prefix-109	833
planned-blink	4	d0db2027	planned-blink-w4-before_wal_sync-d0db2027	prefix-110	838
planned-blink	4	d0db2027	planned-blink-w4-before_wal_sync-d0db2027	prefix-111	843
planned-blink	4	d0db2027	planned-blink-w4-before_wal_sync-d0db2027	prefix-112	848
planned-blink	4	d0db2027	planned-blink-w4-before_wal_sync-d0db2027	prefix-113	853
planned-blink	4	d0db2027	planned-blink-w4-before_wal_sync-d0db2027	prefix-114	858
planned-blink	4	d0db2027	planned-blink-w4-before_wal_sync-d0db2027	prefix-115	863
planned-blink	4	d0db2027	planned-blink-w4-before_wal_sync-d0db2027	prefix-116	868
planned-blink	4	d0db2027	planned-blink-w4-before_wal_sync-d0db2027	prefix-117	873
planned-blink	4	d0db2027	planned-blink-w4-before_wal_sync-d0db2027	prefix-118	878
planned-blink	4	d0db2027	planned-blink-w4-before_wal_sync-d0db2027	prefix-119	883
planned-blink	4	d0db2027	planned-blink-w4-before_wal_sync-d0db2027	prefix-120	888
planned-blink	4	d0db2027	planned-blink-w4-before_wal_sync-d0db2027	prefix-121	893
planned-blink	4	d0db2027	planned-blink-w4-before_wal_sync-d0db2027	prefix-122	898
planned-blink	4	d0db2027	planned-blink-w4-before_wal_sync-d0db2027	prefix-123	903
planned-blink	4	d0db2027	planned-blink-w4-before_wal_sync-d0db2027	prefix-124	908
planned-blink	4	d0db2027	planned-blink-w4-before_wal_sync-d0db2027	prefix-125	913
planned-blink	4	d0db2027	planned-blink-w4-before_wal_sync-d0db2027	prefix-126	918
planned-blink	4	d0db2027	planned-blink-w4-before_wal_sync-d0db2027	prefix-127	923
planned-blink	4	d0db2027	planned-blink-w4-before_wal_sync-d0db2027	post-recovery	930
planned-blink	4	d0db2028	planned-blink-w4-before_wal_sync-d0db2028	seed	283
planned-blink	4	d0db2028	planned-blink-w4-before_wal_sync-d0db2028	prefix-000	288
planned-blink	4	d0db2028	planned-blink-w4-before_wal_sync-d0db2028	prefix-001	293
planned-blink	4	d0db2028	planned-blink-w4-before_wal_sync-d0db2028	prefix-002	298
planned-blink	4	d0db2028	planned-blink-w4-before_wal_sync-d0db2028	prefix-003	303
planned-blink	4	d0db2028	planned-blink-w4-before_wal_sync-d0db2028	prefix-004	308
planned-blink	4	d0db2028	planned-blink-w4-before_wal_sync-d0db2028	prefix-005	313
planned-blink	4	d0db2028	planned-blink-w4-before_wal_sync-d0db2028	prefix-006	318
planned-blink	4	d0db2028	planned-blink-w4-before_wal_sync-d0db2028	prefix-007	323
planned-blink	4	d0db2028	planned-blink-w4-before_wal_sync-d0db2028	prefix-008	328
planned-blink	4	d0db2028	planned-blink-w4-before_wal_sync-d0db2028	prefix-009	333
planned-blink	4	d0db2028	planned-blink-w4-before_wal_sync-d0db2028	prefix-010	338
planned-blink	4	d0db2028	planned-blink-w4-before_wal_sync-d0db2028	prefix-011	343
planned-blink	4	d0db2028	planned-blink-w4-before_wal_sync-d0db2028	prefix-012	348
planned-blink	4	d0db2028	planned-blink-w4-before_wal_sync-d0db2028	prefix-013	353
planned-blink	4	d0db2028	planned-blink-w4-before_wal_sync-d0db2028	prefix-014	358
planned-blink	4	d0db2028	planned-blink-w4-before_wal_sync-d0db2028	prefix-015	363
planned-blink	4	d0db2028	planned-blink-w4-before_wal_sync-d0db2028	prefix-016	368
planned-blink	4	d0db2028	planned-blink-w4-before_wal_sync-d0db2028	prefix-017	373
planned-blink	4	d0db2028	planned-blink-w4-before_wal_sync-d0db2028	prefix-018	378
planned-blink	4	d0db2028	planned-blink-w4-before_wal_sync-d0db2028	prefix-019	383
planned-blink	4	d0db2028	planned-blink-w4-before_wal_sync-d0db2028	prefix-020	388
planned-blink	4	d0db2028	planned-blink-w4-before_wal_sync-d0db2028	prefix-021	393
planned-blink	4	d0db2028	planned-blink-w4-before_wal_sync-d0db2028	prefix-022	398
planned-blink	4	d0db2028	planned-blink-w4-before_wal_sync-d0db2028	prefix-023	403
planned-blink	4	d0db2028	planned-blink-w4-before_wal_sync-d0db2028	prefix-024	408
planned-blink	4	d0db2028	planned-blink-w4-before_wal_sync-d0db2028	prefix-025	413
planned-blink	4	d0db2028	planned-blink-w4-before_wal_sync-d0db2028	prefix-026	418
planned-blink	4	d0db2028	planned-blink-w4-before_wal_sync-d0db2028	prefix-027	423
planned-blink	4	d0db2028	planned-blink-w4-before_wal_sync-d0db2028	prefix-028	428
planned-blink	4	d0db2028	planned-blink-w4-before_wal_sync-d0db2028	prefix-029	433
planned-blink	4	d0db2028	planned-blink-w4-before_wal_sync-d0db2028	prefix-030	438
planned-blink	4	d0db2028	planned-blink-w4-before_wal_sync-d0db2028	prefix-031	443
planned-blink	4	d0db2028	planned-blink-w4-before_wal_sync-d0db2028	prefix-032	448
planned-blink	4	d0db2028	planned-blink-w4-before_wal_sync-d0db2028	prefix-033	453
planned-blink	4	d0db2028	planned-blink-w4-before_wal_sync-d0db2028	prefix-034	458
planned-blink	4	d0db2028	planned-blink-w4-before_wal_sync-d0db2028	prefix-035	463
planned-blink	4	d0db2028	planned-blink-w4-before_wal_sync-d0db2028	prefix-036	468
planned-blink	4	d0db2028	planned-blink-w4-before_wal_sync-d0db2028	prefix-037	473
planned-blink	4	d0db2028	planned-blink-w4-before_wal_sync-d0db2028	prefix-038	478
planned-blink	4	d0db2028	planned-blink-w4-before_wal_sync-d0db2028	prefix-039	483
planned-blink	4	d0db2028	planned-blink-w4-before_wal_sync-d0db2028	prefix-040	488
planned-blink	4	d0db2028	planned-blink-w4-before_wal_sync-d0db2028	prefix-041	493
planned-blink	4	d0db2028	planned-blink-w4-before_wal_sync-d0db2028	prefix-042	498
planned-blink	4	d0db2028	planned-blink-w4-before_wal_sync-d0db2028	prefix-043	503
planned-blink	4	d0db2028	planned-blink-w4-before_wal_sync-d0db2028	prefix-044	508
planned-blink	4	d0db2028	planned-blink-w4-before_wal_sync-d0db2028	prefix-045	513
planned-blink	4	d0db2028	planned-blink-w4-before_wal_sync-d0db2028	prefix-046	518
planned-blink	4	d0db2028	planned-blink-w4-before_wal_sync-d0db2028	prefix-047	523
planned-blink	4	d0db2028	planned-blink-w4-before_wal_sync-d0db2028	prefix-048	528
planned-blink	4	d0db2028	planned-blink-w4-before_wal_sync-d0db2028	prefix-049	533
planned-blink	4	d0db2028	planned-blink-w4-before_wal_sync-d0db2028	prefix-050	538
planned-blink	4	d0db2028	planned-blink-w4-before_wal_sync-d0db2028	prefix-051	543
planned-blink	4	d0db2028	planned-blink-w4-before_wal_sync-d0db2028	prefix-052	548
planned-blink	4	d0db2028	planned-blink-w4-before_wal_sync-d0db2028	prefix-053	553
planned-blink	4	d0db2028	planned-blink-w4-before_wal_sync-d0db2028	prefix-054	558
planned-blink	4	d0db2028	planned-blink-w4-before_wal_sync-d0db2028	prefix-055	563
planned-blink	4	d0db2028	planned-blink-w4-before_wal_sync-d0db2028	prefix-056	568
planned-blink	4	d0db2028	planned-blink-w4-before_wal_sync-d0db2028	prefix-057	573
planned-blink	4	d0db2028	planned-blink-w4-before_wal_sync-d0db2028	prefix-058	578
planned-blink	4	d0db2028	planned-blink-w4-before_wal_sync-d0db2028	prefix-059	583
planned-blink	4	d0db2028	planned-blink-w4-before_wal_sync-d0db2028	prefix-060	588
planned-blink	4	d0db2028	planned-blink-w4-before_wal_sync-d0db2028	prefix-061	593
planned-blink	4	d0db2028	planned-blink-w4-before_wal_sync-d0db2028	prefix-062	598
planned-blink	4	d0db2028	planned-blink-w4-before_wal_sync-d0db2028	prefix-063	603
planned-blink	4	d0db2028	planned-blink-w4-before_wal_sync-d0db2028	prefix-064	608
planned-blink	4	d0db2028	planned-blink-w4-before_wal_sync-d0db2028	prefix-065	613
planned-blink	4	d0db2028	planned-blink-w4-before_wal_sync-d0db2028	prefix-066	618
planned-blink	4	d0db2028	planned-blink-w4-before_wal_sync-d0db2028	prefix-067	623
planned-blink	4	d0db2028	planned-blink-w4-before_wal_sync-d0db2028	prefix-068	628
planned-blink	4	d0db2028	planned-blink-w4-before_wal_sync-d0db2028	prefix-069	633
planned-blink	4	d0db2028	planned-blink-w4-before_wal_sync-d0db2028	prefix-070	638
planned-blink	4	d0db2028	planned-blink-w4-before_wal_sync-d0db2028	prefix-071	643
planned-blink	4	d0db2028	planned-blink-w4-before_wal_sync-d0db2028	prefix-072	648
planned-blink	4	d0db2028	planned-blink-w4-before_wal_sync-d0db2028	prefix-073	653
planned-blink	4	d0db2028	planned-blink-w4-before_wal_sync-d0db2028	prefix-074	658
planned-blink	4	d0db2028	planned-blink-w4-before_wal_sync-d0db2028	prefix-075	663
planned-blink	4	d0db2028	planned-blink-w4-before_wal_sync-d0db2028	prefix-076	668
planned-blink	4	d0db2028	planned-blink-w4-before_wal_sync-d0db2028	prefix-077	673
planned-blink	4	d0db2028	planned-blink-w4-before_wal_sync-d0db2028	prefix-078	678
planned-blink	4	d0db2028	planned-blink-w4-before_wal_sync-d0db2028	prefix-079	683
planned-blink	4	d0db2028	planned-blink-w4-before_wal_sync-d0db2028	prefix-080	688
planned-blink	4	d0db2028	planned-blink-w4-before_wal_sync-d0db2028	prefix-081	693
planned-blink	4	d0db2028	planned-blink-w4-before_wal_sync-d0db2028	prefix-082	698
planned-blink	4	d0db2028	planned-blink-w4-before_wal_sync-d0db2028	prefix-083	703
planned-blink	4	d0db2028	planned-blink-w4-before_wal_sync-d0db2028	prefix-084	708
planned-blink	4	d0db2028	planned-blink-w4-before_wal_sync-d0db2028	prefix-085	713
planned-blink	4	d0db2028	planned-blink-w4-before_wal_sync-d0db2028	prefix-086	718
planned-blink	4	d0db2028	planned-blink-w4-before_wal_sync-d0db2028	prefix-087	723
planned-blink	4	d0db2028	planned-blink-w4-before_wal_sync-d0db2028	prefix-088	728
planned-blink	4	d0db2028	planned-blink-w4-before_wal_sync-d0db2028	prefix-089	733
planned-blink	4	d0db2028	planned-blink-w4-before_wal_sync-d0db2028	prefix-090	738
planned-blink	4	d0db2028	planned-blink-w4-before_wal_sync-d0db2028	prefix-091	743
planned-blink	4	d0db2028	planned-blink-w4-before_wal_sync-d0db2028	prefix-092	748
planned-blink	4	d0db2028	planned-blink-w4-before_wal_sync-d0db2028	prefix-093	753
planned-blink	4	d0db2028	planned-blink-w4-before_wal_sync-d0db2028	prefix-094	758
planned-blink	4	d0db2028	planned-blink-w4-before_wal_sync-d0db2028	prefix-095	763
planned-blink	4	d0db2028	planned-blink-w4-before_wal_sync-d0db2028	prefix-096	768
planned-blink	4	d0db2028	planned-blink-w4-before_wal_sync-d0db2028	prefix-097	773
planned-blink	4	d0db2028	planned-blink-w4-before_wal_sync-d0db2028	prefix-098	778
planned-blink	4	d0db2028	planned-blink-w4-before_wal_sync-d0db2028	prefix-099	783
planned-blink	4	d0db2028	planned-blink-w4-before_wal_sync-d0db2028	prefix-100	788
planned-blink	4	d0db2028	planned-blink-w4-before_wal_sync-d0db2028	prefix-101	793
planned-blink	4	d0db2028	planned-blink-w4-before_wal_sync-d0db2028	prefix-102	798
planned-blink	4	d0db2028	planned-blink-w4-before_wal_sync-d0db2028	prefix-103	803
planned-blink	4	d0db2028	planned-blink-w4-before_wal_sync-d0db2028	prefix-104	808
planned-blink	4	d0db2028	planned-blink-w4-before_wal_sync-d0db2028	prefix-105	813
planned-blink	4	d0db2028	planned-blink-w4-before_wal_sync-d0db2028	prefix-106	818
planned-blink	4	d0db2028	planned-blink-w4-before_wal_sync-d0db2028	prefix-107	823
planned-blink	4	d0db2028	planned-blink-w4-before_wal_sync-d0db2028	prefix-108	828
planned-blink	4	d0db2028	planned-blink-w4-before_wal_sync-d0db2028	prefix-109	833
planned-blink	4	d0db2028	planned-blink-w4-before_wal_sync-d0db2028	prefix-110	838
planned-blink	4	d0db2028	planned-blink-w4-before_wal_sync-d0db2028	prefix-111	843
planned-blink	4	d0db2028	planned-blink-w4-before_wal_sync-d0db2028	prefix-112	848
planned-blink	4	d0db2028	planned-blink-w4-before_wal_sync-d0db2028	prefix-113	853
planned-blink	4	d0db2028	planned-blink-w4-before_wal_sync-d0db2028	prefix-114	858
planned-blink	4	d0db2028	planned-blink-w4-before_wal_sync-d0db2028	prefix-115	863
planned-blink	4	d0db2028	planned-blink-w4-before_wal_sync-d0db2028	prefix-116	868
planned-blink	4	d0db2028	planned-blink-w4-before_wal_sync-d0db2028	prefix-117	873
planned-blink	4	d0db2028	planned-blink-w4-before_wal_sync-d0db2028	prefix-118	878
planned-blink	4	d0db2028	planned-blink-w4-before_wal_sync-d0db2028	prefix-119	883
planned-blink	4	d0db2028	planned-blink-w4-before_wal_sync-d0db2028	prefix-120	888
planned-blink	4	d0db2028	planned-blink-w4-before_wal_sync-d0db2028	prefix-121	893
planned-blink	4	d0db2028	planned-blink-w4-before_wal_sync-d0db2028	prefix-122	898
planned-blink	4	d0db2028	planned-blink-w4-before_wal_sync-d0db2028	prefix-123	903
planned-blink	4	d0db2028	planned-blink-w4-before_wal_sync-d0db2028	prefix-124	908
planned-blink	4	d0db2028	planned-blink-w4-before_wal_sync-d0db2028	prefix-125	913
planned-blink	4	d0db2028	planned-blink-w4-before_wal_sync-d0db2028	prefix-126	918
planned-blink	4	d0db2028	planned-blink-w4-before_wal_sync-d0db2028	prefix-127	923
planned-blink	4	d0db2028	planned-blink-w4-before_wal_sync-d0db2028	post-recovery	930
planned-blink	4	d0db2026	planned-blink-w4-after_wal_sync-d0db2026	seed	283
planned-blink	4	d0db2026	planned-blink-w4-after_wal_sync-d0db2026	prefix-000	288
planned-blink	4	d0db2026	planned-blink-w4-after_wal_sync-d0db2026	prefix-001	293
planned-blink	4	d0db2026	planned-blink-w4-after_wal_sync-d0db2026	prefix-002	298
planned-blink	4	d0db2026	planned-blink-w4-after_wal_sync-d0db2026	prefix-003	303
planned-blink	4	d0db2026	planned-blink-w4-after_wal_sync-d0db2026	prefix-004	308
planned-blink	4	d0db2026	planned-blink-w4-after_wal_sync-d0db2026	prefix-005	313
planned-blink	4	d0db2026	planned-blink-w4-after_wal_sync-d0db2026	prefix-006	318
planned-blink	4	d0db2026	planned-blink-w4-after_wal_sync-d0db2026	prefix-007	323
planned-blink	4	d0db2026	planned-blink-w4-after_wal_sync-d0db2026	prefix-008	328
planned-blink	4	d0db2026	planned-blink-w4-after_wal_sync-d0db2026	prefix-009	333
planned-blink	4	d0db2026	planned-blink-w4-after_wal_sync-d0db2026	prefix-010	338
planned-blink	4	d0db2026	planned-blink-w4-after_wal_sync-d0db2026	prefix-011	343
planned-blink	4	d0db2026	planned-blink-w4-after_wal_sync-d0db2026	prefix-012	348
planned-blink	4	d0db2026	planned-blink-w4-after_wal_sync-d0db2026	prefix-013	353
planned-blink	4	d0db2026	planned-blink-w4-after_wal_sync-d0db2026	prefix-014	358
planned-blink	4	d0db2026	planned-blink-w4-after_wal_sync-d0db2026	prefix-015	363
planned-blink	4	d0db2026	planned-blink-w4-after_wal_sync-d0db2026	prefix-016	368
planned-blink	4	d0db2026	planned-blink-w4-after_wal_sync-d0db2026	prefix-017	373
planned-blink	4	d0db2026	planned-blink-w4-after_wal_sync-d0db2026	prefix-018	378
planned-blink	4	d0db2026	planned-blink-w4-after_wal_sync-d0db2026	prefix-019	383
planned-blink	4	d0db2026	planned-blink-w4-after_wal_sync-d0db2026	prefix-020	388
planned-blink	4	d0db2026	planned-blink-w4-after_wal_sync-d0db2026	prefix-021	393
planned-blink	4	d0db2026	planned-blink-w4-after_wal_sync-d0db2026	prefix-022	398
planned-blink	4	d0db2026	planned-blink-w4-after_wal_sync-d0db2026	prefix-023	403
planned-blink	4	d0db2026	planned-blink-w4-after_wal_sync-d0db2026	prefix-024	408
planned-blink	4	d0db2026	planned-blink-w4-after_wal_sync-d0db2026	prefix-025	413
planned-blink	4	d0db2026	planned-blink-w4-after_wal_sync-d0db2026	prefix-026	418
planned-blink	4	d0db2026	planned-blink-w4-after_wal_sync-d0db2026	prefix-027	423
planned-blink	4	d0db2026	planned-blink-w4-after_wal_sync-d0db2026	prefix-028	428
planned-blink	4	d0db2026	planned-blink-w4-after_wal_sync-d0db2026	prefix-029	433
planned-blink	4	d0db2026	planned-blink-w4-after_wal_sync-d0db2026	prefix-030	438
planned-blink	4	d0db2026	planned-blink-w4-after_wal_sync-d0db2026	prefix-031	443
planned-blink	4	d0db2026	planned-blink-w4-after_wal_sync-d0db2026	prefix-032	448
planned-blink	4	d0db2026	planned-blink-w4-after_wal_sync-d0db2026	prefix-033	453
planned-blink	4	d0db2026	planned-blink-w4-after_wal_sync-d0db2026	prefix-034	458
planned-blink	4	d0db2026	planned-blink-w4-after_wal_sync-d0db2026	prefix-035	463
planned-blink	4	d0db2026	planned-blink-w4-after_wal_sync-d0db2026	prefix-036	468
planned-blink	4	d0db2026	planned-blink-w4-after_wal_sync-d0db2026	prefix-037	473
planned-blink	4	d0db2026	planned-blink-w4-after_wal_sync-d0db2026	prefix-038	478
planned-blink	4	d0db2026	planned-blink-w4-after_wal_sync-d0db2026	prefix-039	483
planned-blink	4	d0db2026	planned-blink-w4-after_wal_sync-d0db2026	prefix-040	488
planned-blink	4	d0db2026	planned-blink-w4-after_wal_sync-d0db2026	prefix-041	493
planned-blink	4	d0db2026	planned-blink-w4-after_wal_sync-d0db2026	prefix-042	498
planned-blink	4	d0db2026	planned-blink-w4-after_wal_sync-d0db2026	prefix-043	503
planned-blink	4	d0db2026	planned-blink-w4-after_wal_sync-d0db2026	prefix-044	508
planned-blink	4	d0db2026	planned-blink-w4-after_wal_sync-d0db2026	prefix-045	513
planned-blink	4	d0db2026	planned-blink-w4-after_wal_sync-d0db2026	prefix-046	518
planned-blink	4	d0db2026	planned-blink-w4-after_wal_sync-d0db2026	prefix-047	523
planned-blink	4	d0db2026	planned-blink-w4-after_wal_sync-d0db2026	prefix-048	528
planned-blink	4	d0db2026	planned-blink-w4-after_wal_sync-d0db2026	prefix-049	533
planned-blink	4	d0db2026	planned-blink-w4-after_wal_sync-d0db2026	prefix-050	538
planned-blink	4	d0db2026	planned-blink-w4-after_wal_sync-d0db2026	prefix-051	543
planned-blink	4	d0db2026	planned-blink-w4-after_wal_sync-d0db2026	prefix-052	548
planned-blink	4	d0db2026	planned-blink-w4-after_wal_sync-d0db2026	prefix-053	553
planned-blink	4	d0db2026	planned-blink-w4-after_wal_sync-d0db2026	prefix-054	558
planned-blink	4	d0db2026	planned-blink-w4-after_wal_sync-d0db2026	prefix-055	563
planned-blink	4	d0db2026	planned-blink-w4-after_wal_sync-d0db2026	prefix-056	568
planned-blink	4	d0db2026	planned-blink-w4-after_wal_sync-d0db2026	prefix-057	573
planned-blink	4	d0db2026	planned-blink-w4-after_wal_sync-d0db2026	prefix-058	578
planned-blink	4	d0db2026	planned-blink-w4-after_wal_sync-d0db2026	prefix-059	583
planned-blink	4	d0db2026	planned-blink-w4-after_wal_sync-d0db2026	prefix-060	588
planned-blink	4	d0db2026	planned-blink-w4-after_wal_sync-d0db2026	prefix-061	593
planned-blink	4	d0db2026	planned-blink-w4-after_wal_sync-d0db2026	prefix-062	598
planned-blink	4	d0db2026	planned-blink-w4-after_wal_sync-d0db2026	prefix-063	603
planned-blink	4	d0db2026	planned-blink-w4-after_wal_sync-d0db2026	prefix-064	608
planned-blink	4	d0db2026	planned-blink-w4-after_wal_sync-d0db2026	prefix-065	613
planned-blink	4	d0db2026	planned-blink-w4-after_wal_sync-d0db2026	prefix-066	618
planned-blink	4	d0db2026	planned-blink-w4-after_wal_sync-d0db2026	prefix-067	623
planned-blink	4	d0db2026	planned-blink-w4-after_wal_sync-d0db2026	prefix-068	628
planned-blink	4	d0db2026	planned-blink-w4-after_wal_sync-d0db2026	prefix-069	633
planned-blink	4	d0db2026	planned-blink-w4-after_wal_sync-d0db2026	prefix-070	638
planned-blink	4	d0db2026	planned-blink-w4-after_wal_sync-d0db2026	prefix-071	643
planned-blink	4	d0db2026	planned-blink-w4-after_wal_sync-d0db2026	prefix-072	648
planned-blink	4	d0db2026	planned-blink-w4-after_wal_sync-d0db2026	prefix-073	653
planned-blink	4	d0db2026	planned-blink-w4-after_wal_sync-d0db2026	prefix-074	658
planned-blink	4	d0db2026	planned-blink-w4-after_wal_sync-d0db2026	prefix-075	663
planned-blink	4	d0db2026	planned-blink-w4-after_wal_sync-d0db2026	prefix-076	668
planned-blink	4	d0db2026	planned-blink-w4-after_wal_sync-d0db2026	prefix-077	673
planned-blink	4	d0db2026	planned-blink-w4-after_wal_sync-d0db2026	prefix-078	678
planned-blink	4	d0db2026	planned-blink-w4-after_wal_sync-d0db2026	prefix-079	683
planned-blink	4	d0db2026	planned-blink-w4-after_wal_sync-d0db2026	prefix-080	688
planned-blink	4	d0db2026	planned-blink-w4-after_wal_sync-d0db2026	prefix-081	693
planned-blink	4	d0db2026	planned-blink-w4-after_wal_sync-d0db2026	prefix-082	698
planned-blink	4	d0db2026	planned-blink-w4-after_wal_sync-d0db2026	prefix-083	703
planned-blink	4	d0db2026	planned-blink-w4-after_wal_sync-d0db2026	prefix-084	708
planned-blink	4	d0db2026	planned-blink-w4-after_wal_sync-d0db2026	prefix-085	713
planned-blink	4	d0db2026	planned-blink-w4-after_wal_sync-d0db2026	prefix-086	718
planned-blink	4	d0db2026	planned-blink-w4-after_wal_sync-d0db2026	prefix-087	723
planned-blink	4	d0db2026	planned-blink-w4-after_wal_sync-d0db2026	prefix-088	728
planned-blink	4	d0db2026	planned-blink-w4-after_wal_sync-d0db2026	prefix-089	733
planned-blink	4	d0db2026	planned-blink-w4-after_wal_sync-d0db2026	prefix-090	738
planned-blink	4	d0db2026	planned-blink-w4-after_wal_sync-d0db2026	prefix-091	743
planned-blink	4	d0db2026	planned-blink-w4-after_wal_sync-d0db2026	prefix-092	748
planned-blink	4	d0db2026	planned-blink-w4-after_wal_sync-d0db2026	prefix-093	753
planned-blink	4	d0db2026	planned-blink-w4-after_wal_sync-d0db2026	prefix-094	758
planned-blink	4	d0db2026	planned-blink-w4-after_wal_sync-d0db2026	prefix-095	763
planned-blink	4	d0db2026	planned-blink-w4-after_wal_sync-d0db2026	prefix-096	768
planned-blink	4	d0db2026	planned-blink-w4-after_wal_sync-d0db2026	prefix-097	773
planned-blink	4	d0db2026	planned-blink-w4-after_wal_sync-d0db2026	prefix-098	778
planned-blink	4	d0db2026	planned-blink-w4-after_wal_sync-d0db2026	prefix-099	783
planned-blink	4	d0db2026	planned-blink-w4-after_wal_sync-d0db2026	prefix-100	788
planned-blink	4	d0db2026	planned-blink-w4-after_wal_sync-d0db2026	prefix-101	793
planned-blink	4	d0db2026	planned-blink-w4-after_wal_sync-d0db2026	prefix-102	798
planned-blink	4	d0db2026	planned-blink-w4-after_wal_sync-d0db2026	prefix-103	803
planned-blink	4	d0db2026	planned-blink-w4-after_wal_sync-d0db2026	prefix-104	808
planned-blink	4	d0db2026	planned-blink-w4-after_wal_sync-d0db2026	prefix-105	813
planned-blink	4	d0db2026	planned-blink-w4-after_wal_sync-d0db2026	prefix-106	818
planned-blink	4	d0db2026	planned-blink-w4-after_wal_sync-d0db2026	prefix-107	823
planned-blink	4	d0db2026	planned-blink-w4-after_wal_sync-d0db2026	prefix-108	828
planned-blink	4	d0db2026	planned-blink-w4-after_wal_sync-d0db2026	prefix-109	833
planned-blink	4	d0db2026	planned-blink-w4-after_wal_sync-d0db2026	prefix-110	838
planned-blink	4	d0db2026	planned-blink-w4-after_wal_sync-d0db2026	prefix-111	843
planned-blink	4	d0db2026	planned-blink-w4-after_wal_sync-d0db2026	prefix-112	848
planned-blink	4	d0db2026	planned-blink-w4-after_wal_sync-d0db2026	prefix-113	853
planned-blink	4	d0db2026	planned-blink-w4-after_wal_sync-d0db2026	prefix-114	858
planned-blink	4	d0db2026	planned-blink-w4-after_wal_sync-d0db2026	prefix-115	863
planned-blink	4	d0db2026	planned-blink-w4-after_wal_sync-d0db2026	prefix-116	868
planned-blink	4	d0db2026	planned-blink-w4-after_wal_sync-d0db2026	prefix-117	873
planned-blink	4	d0db2026	planned-blink-w4-after_wal_sync-d0db2026	prefix-118	878
planned-blink	4	d0db2026	planned-blink-w4-after_wal_sync-d0db2026	prefix-119	883
planned-blink	4	d0db2026	planned-blink-w4-after_wal_sync-d0db2026	prefix-120	888
planned-blink	4	d0db2026	planned-blink-w4-after_wal_sync-d0db2026	prefix-121	893
planned-blink	4	d0db2026	planned-blink-w4-after_wal_sync-d0db2026	prefix-122	898
planned-blink	4	d0db2026	planned-blink-w4-after_wal_sync-d0db2026	prefix-123	903
planned-blink	4	d0db2026	planned-blink-w4-after_wal_sync-d0db2026	prefix-124	908
planned-blink	4	d0db2026	planned-blink-w4-after_wal_sync-d0db2026	prefix-125	913
planned-blink	4	d0db2026	planned-blink-w4-after_wal_sync-d0db2026	prefix-126	918
planned-blink	4	d0db2026	planned-blink-w4-after_wal_sync-d0db2026	prefix-127	923
planned-blink	4	d0db2026	planned-blink-w4-after_wal_sync-d0db2026	post-recovery	930
planned-blink	4	d0db2027	planned-blink-w4-after_wal_sync-d0db2027	seed	283
planned-blink	4	d0db2027	planned-blink-w4-after_wal_sync-d0db2027	prefix-000	288
planned-blink	4	d0db2027	planned-blink-w4-after_wal_sync-d0db2027	prefix-001	293
planned-blink	4	d0db2027	planned-blink-w4-after_wal_sync-d0db2027	prefix-002	298
planned-blink	4	d0db2027	planned-blink-w4-after_wal_sync-d0db2027	prefix-003	303
planned-blink	4	d0db2027	planned-blink-w4-after_wal_sync-d0db2027	prefix-004	308
planned-blink	4	d0db2027	planned-blink-w4-after_wal_sync-d0db2027	prefix-005	313
planned-blink	4	d0db2027	planned-blink-w4-after_wal_sync-d0db2027	prefix-006	318
planned-blink	4	d0db2027	planned-blink-w4-after_wal_sync-d0db2027	prefix-007	323
planned-blink	4	d0db2027	planned-blink-w4-after_wal_sync-d0db2027	prefix-008	328
planned-blink	4	d0db2027	planned-blink-w4-after_wal_sync-d0db2027	prefix-009	333
planned-blink	4	d0db2027	planned-blink-w4-after_wal_sync-d0db2027	prefix-010	338
planned-blink	4	d0db2027	planned-blink-w4-after_wal_sync-d0db2027	prefix-011	343
planned-blink	4	d0db2027	planned-blink-w4-after_wal_sync-d0db2027	prefix-012	348
planned-blink	4	d0db2027	planned-blink-w4-after_wal_sync-d0db2027	prefix-013	353
planned-blink	4	d0db2027	planned-blink-w4-after_wal_sync-d0db2027	prefix-014	358
planned-blink	4	d0db2027	planned-blink-w4-after_wal_sync-d0db2027	prefix-015	363
planned-blink	4	d0db2027	planned-blink-w4-after_wal_sync-d0db2027	prefix-016	368
planned-blink	4	d0db2027	planned-blink-w4-after_wal_sync-d0db2027	prefix-017	373
planned-blink	4	d0db2027	planned-blink-w4-after_wal_sync-d0db2027	prefix-018	378
planned-blink	4	d0db2027	planned-blink-w4-after_wal_sync-d0db2027	prefix-019	383
planned-blink	4	d0db2027	planned-blink-w4-after_wal_sync-d0db2027	prefix-020	388
planned-blink	4	d0db2027	planned-blink-w4-after_wal_sync-d0db2027	prefix-021	393
planned-blink	4	d0db2027	planned-blink-w4-after_wal_sync-d0db2027	prefix-022	398
planned-blink	4	d0db2027	planned-blink-w4-after_wal_sync-d0db2027	prefix-023	403
planned-blink	4	d0db2027	planned-blink-w4-after_wal_sync-d0db2027	prefix-024	408
planned-blink	4	d0db2027	planned-blink-w4-after_wal_sync-d0db2027	prefix-025	413
planned-blink	4	d0db2027	planned-blink-w4-after_wal_sync-d0db2027	prefix-026	418
planned-blink	4	d0db2027	planned-blink-w4-after_wal_sync-d0db2027	prefix-027	423
planned-blink	4	d0db2027	planned-blink-w4-after_wal_sync-d0db2027	prefix-028	428
planned-blink	4	d0db2027	planned-blink-w4-after_wal_sync-d0db2027	prefix-029	433
planned-blink	4	d0db2027	planned-blink-w4-after_wal_sync-d0db2027	prefix-030	438
planned-blink	4	d0db2027	planned-blink-w4-after_wal_sync-d0db2027	prefix-031	443
planned-blink	4	d0db2027	planned-blink-w4-after_wal_sync-d0db2027	prefix-032	448
planned-blink	4	d0db2027	planned-blink-w4-after_wal_sync-d0db2027	prefix-033	453
planned-blink	4	d0db2027	planned-blink-w4-after_wal_sync-d0db2027	prefix-034	458
planned-blink	4	d0db2027	planned-blink-w4-after_wal_sync-d0db2027	prefix-035	463
planned-blink	4	d0db2027	planned-blink-w4-after_wal_sync-d0db2027	prefix-036	468
planned-blink	4	d0db2027	planned-blink-w4-after_wal_sync-d0db2027	prefix-037	473
planned-blink	4	d0db2027	planned-blink-w4-after_wal_sync-d0db2027	prefix-038	478
planned-blink	4	d0db2027	planned-blink-w4-after_wal_sync-d0db2027	prefix-039	483
planned-blink	4	d0db2027	planned-blink-w4-after_wal_sync-d0db2027	prefix-040	488
planned-blink	4	d0db2027	planned-blink-w4-after_wal_sync-d0db2027	prefix-041	493
planned-blink	4	d0db2027	planned-blink-w4-after_wal_sync-d0db2027	prefix-042	498
planned-blink	4	d0db2027	planned-blink-w4-after_wal_sync-d0db2027	prefix-043	503
planned-blink	4	d0db2027	planned-blink-w4-after_wal_sync-d0db2027	prefix-044	508
planned-blink	4	d0db2027	planned-blink-w4-after_wal_sync-d0db2027	prefix-045	513
planned-blink	4	d0db2027	planned-blink-w4-after_wal_sync-d0db2027	prefix-046	518
planned-blink	4	d0db2027	planned-blink-w4-after_wal_sync-d0db2027	prefix-047	523
planned-blink	4	d0db2027	planned-blink-w4-after_wal_sync-d0db2027	prefix-048	528
planned-blink	4	d0db2027	planned-blink-w4-after_wal_sync-d0db2027	prefix-049	533
planned-blink	4	d0db2027	planned-blink-w4-after_wal_sync-d0db2027	prefix-050	538
planned-blink	4	d0db2027	planned-blink-w4-after_wal_sync-d0db2027	prefix-051	543
planned-blink	4	d0db2027	planned-blink-w4-after_wal_sync-d0db2027	prefix-052	548
planned-blink	4	d0db2027	planned-blink-w4-after_wal_sync-d0db2027	prefix-053	553
planned-blink	4	d0db2027	planned-blink-w4-after_wal_sync-d0db2027	prefix-054	558
planned-blink	4	d0db2027	planned-blink-w4-after_wal_sync-d0db2027	prefix-055	563
planned-blink	4	d0db2027	planned-blink-w4-after_wal_sync-d0db2027	prefix-056	568
planned-blink	4	d0db2027	planned-blink-w4-after_wal_sync-d0db2027	prefix-057	573
planned-blink	4	d0db2027	planned-blink-w4-after_wal_sync-d0db2027	prefix-058	578
planned-blink	4	d0db2027	planned-blink-w4-after_wal_sync-d0db2027	prefix-059	583
planned-blink	4	d0db2027	planned-blink-w4-after_wal_sync-d0db2027	prefix-060	588
planned-blink	4	d0db2027	planned-blink-w4-after_wal_sync-d0db2027	prefix-061	593
planned-blink	4	d0db2027	planned-blink-w4-after_wal_sync-d0db2027	prefix-062	598
planned-blink	4	d0db2027	planned-blink-w4-after_wal_sync-d0db2027	prefix-063	603
planned-blink	4	d0db2027	planned-blink-w4-after_wal_sync-d0db2027	prefix-064	608
planned-blink	4	d0db2027	planned-blink-w4-after_wal_sync-d0db2027	prefix-065	613
planned-blink	4	d0db2027	planned-blink-w4-after_wal_sync-d0db2027	prefix-066	618
planned-blink	4	d0db2027	planned-blink-w4-after_wal_sync-d0db2027	prefix-067	623
planned-blink	4	d0db2027	planned-blink-w4-after_wal_sync-d0db2027	prefix-068	628
planned-blink	4	d0db2027	planned-blink-w4-after_wal_sync-d0db2027	prefix-069	633
planned-blink	4	d0db2027	planned-blink-w4-after_wal_sync-d0db2027	prefix-070	638
planned-blink	4	d0db2027	planned-blink-w4-after_wal_sync-d0db2027	prefix-071	643
planned-blink	4	d0db2027	planned-blink-w4-after_wal_sync-d0db2027	prefix-072	648
planned-blink	4	d0db2027	planned-blink-w4-after_wal_sync-d0db2027	prefix-073	653
planned-blink	4	d0db2027	planned-blink-w4-after_wal_sync-d0db2027	prefix-074	658
planned-blink	4	d0db2027	planned-blink-w4-after_wal_sync-d0db2027	prefix-075	663
planned-blink	4	d0db2027	planned-blink-w4-after_wal_sync-d0db2027	prefix-076	668
planned-blink	4	d0db2027	planned-blink-w4-after_wal_sync-d0db2027	prefix-077	673
planned-blink	4	d0db2027	planned-blink-w4-after_wal_sync-d0db2027	prefix-078	678
planned-blink	4	d0db2027	planned-blink-w4-after_wal_sync-d0db2027	prefix-079	683
planned-blink	4	d0db2027	planned-blink-w4-after_wal_sync-d0db2027	prefix-080	688
planned-blink	4	d0db2027	planned-blink-w4-after_wal_sync-d0db2027	prefix-081	693
planned-blink	4	d0db2027	planned-blink-w4-after_wal_sync-d0db2027	prefix-082	698
planned-blink	4	d0db2027	planned-blink-w4-after_wal_sync-d0db2027	prefix-083	703
planned-blink	4	d0db2027	planned-blink-w4-after_wal_sync-d0db2027	prefix-084	708
planned-blink	4	d0db2027	planned-blink-w4-after_wal_sync-d0db2027	prefix-085	713
planned-blink	4	d0db2027	planned-blink-w4-after_wal_sync-d0db2027	prefix-086	718
planned-blink	4	d0db2027	planned-blink-w4-after_wal_sync-d0db2027	prefix-087	723
planned-blink	4	d0db2027	planned-blink-w4-after_wal_sync-d0db2027	prefix-088	728
planned-blink	4	d0db2027	planned-blink-w4-after_wal_sync-d0db2027	prefix-089	733
planned-blink	4	d0db2027	planned-blink-w4-after_wal_sync-d0db2027	prefix-090	738
planned-blink	4	d0db2027	planned-blink-w4-after_wal_sync-d0db2027	prefix-091	743
planned-blink	4	d0db2027	planned-blink-w4-after_wal_sync-d0db2027	prefix-092	748
planned-blink	4	d0db2027	planned-blink-w4-after_wal_sync-d0db2027	prefix-093	753
planned-blink	4	d0db2027	planned-blink-w4-after_wal_sync-d0db2027	prefix-094	758
planned-blink	4	d0db2027	planned-blink-w4-after_wal_sync-d0db2027	prefix-095	763
planned-blink	4	d0db2027	planned-blink-w4-after_wal_sync-d0db2027	prefix-096	768
planned-blink	4	d0db2027	planned-blink-w4-after_wal_sync-d0db2027	prefix-097	773
planned-blink	4	d0db2027	planned-blink-w4-after_wal_sync-d0db2027	prefix-098	778
planned-blink	4	d0db2027	planned-blink-w4-after_wal_sync-d0db2027	prefix-099	783
planned-blink	4	d0db2027	planned-blink-w4-after_wal_sync-d0db2027	prefix-100	788
planned-blink	4	d0db2027	planned-blink-w4-after_wal_sync-d0db2027	prefix-101	793
planned-blink	4	d0db2027	planned-blink-w4-after_wal_sync-d0db2027	prefix-102	798
planned-blink	4	d0db2027	planned-blink-w4-after_wal_sync-d0db2027	prefix-103	803
planned-blink	4	d0db2027	planned-blink-w4-after_wal_sync-d0db2027	prefix-104	808
planned-blink	4	d0db2027	planned-blink-w4-after_wal_sync-d0db2027	prefix-105	813
planned-blink	4	d0db2027	planned-blink-w4-after_wal_sync-d0db2027	prefix-106	818
planned-blink	4	d0db2027	planned-blink-w4-after_wal_sync-d0db2027	prefix-107	823
planned-blink	4	d0db2027	planned-blink-w4-after_wal_sync-d0db2027	prefix-108	828
planned-blink	4	d0db2027	planned-blink-w4-after_wal_sync-d0db2027	prefix-109	833
planned-blink	4	d0db2027	planned-blink-w4-after_wal_sync-d0db2027	prefix-110	838
planned-blink	4	d0db2027	planned-blink-w4-after_wal_sync-d0db2027	prefix-111	843
planned-blink	4	d0db2027	planned-blink-w4-after_wal_sync-d0db2027	prefix-112	848
planned-blink	4	d0db2027	planned-blink-w4-after_wal_sync-d0db2027	prefix-113	853
planned-blink	4	d0db2027	planned-blink-w4-after_wal_sync-d0db2027	prefix-114	858
planned-blink	4	d0db2027	planned-blink-w4-after_wal_sync-d0db2027	prefix-115	863
planned-blink	4	d0db2027	planned-blink-w4-after_wal_sync-d0db2027	prefix-116	868
planned-blink	4	d0db2027	planned-blink-w4-after_wal_sync-d0db2027	prefix-117	873
planned-blink	4	d0db2027	planned-blink-w4-after_wal_sync-d0db2027	prefix-118	878
planned-blink	4	d0db2027	planned-blink-w4-after_wal_sync-d0db2027	prefix-119	883
planned-blink	4	d0db2027	planned-blink-w4-after_wal_sync-d0db2027	prefix-120	888
planned-blink	4	d0db2027	planned-blink-w4-after_wal_sync-d0db2027	prefix-121	893
planned-blink	4	d0db2027	planned-blink-w4-after_wal_sync-d0db2027	prefix-122	898
planned-blink	4	d0db2027	planned-blink-w4-after_wal_sync-d0db2027	prefix-123	903
planned-blink	4	d0db2027	planned-blink-w4-after_wal_sync-d0db2027	prefix-124	908
planned-blink	4	d0db2027	planned-blink-w4-after_wal_sync-d0db2027	prefix-125	913
planned-blink	4	d0db2027	planned-blink-w4-after_wal_sync-d0db2027	prefix-126	918
planned-blink	4	d0db2027	planned-blink-w4-after_wal_sync-d0db2027	prefix-127	923
planned-blink	4	d0db2027	planned-blink-w4-after_wal_sync-d0db2027	post-recovery	930
planned-blink	4	d0db2028	planned-blink-w4-after_wal_sync-d0db2028	seed	283
planned-blink	4	d0db2028	planned-blink-w4-after_wal_sync-d0db2028	prefix-000	288
planned-blink	4	d0db2028	planned-blink-w4-after_wal_sync-d0db2028	prefix-001	293
planned-blink	4	d0db2028	planned-blink-w4-after_wal_sync-d0db2028	prefix-002	298
planned-blink	4	d0db2028	planned-blink-w4-after_wal_sync-d0db2028	prefix-003	303
planned-blink	4	d0db2028	planned-blink-w4-after_wal_sync-d0db2028	prefix-004	308
planned-blink	4	d0db2028	planned-blink-w4-after_wal_sync-d0db2028	prefix-005	313
planned-blink	4	d0db2028	planned-blink-w4-after_wal_sync-d0db2028	prefix-006	318
planned-blink	4	d0db2028	planned-blink-w4-after_wal_sync-d0db2028	prefix-007	323
planned-blink	4	d0db2028	planned-blink-w4-after_wal_sync-d0db2028	prefix-008	328
planned-blink	4	d0db2028	planned-blink-w4-after_wal_sync-d0db2028	prefix-009	333
planned-blink	4	d0db2028	planned-blink-w4-after_wal_sync-d0db2028	prefix-010	338
planned-blink	4	d0db2028	planned-blink-w4-after_wal_sync-d0db2028	prefix-011	343
planned-blink	4	d0db2028	planned-blink-w4-after_wal_sync-d0db2028	prefix-012	348
planned-blink	4	d0db2028	planned-blink-w4-after_wal_sync-d0db2028	prefix-013	353
planned-blink	4	d0db2028	planned-blink-w4-after_wal_sync-d0db2028	prefix-014	358
planned-blink	4	d0db2028	planned-blink-w4-after_wal_sync-d0db2028	prefix-015	363
planned-blink	4	d0db2028	planned-blink-w4-after_wal_sync-d0db2028	prefix-016	368
planned-blink	4	d0db2028	planned-blink-w4-after_wal_sync-d0db2028	prefix-017	373
planned-blink	4	d0db2028	planned-blink-w4-after_wal_sync-d0db2028	prefix-018	378
planned-blink	4	d0db2028	planned-blink-w4-after_wal_sync-d0db2028	prefix-019	383
planned-blink	4	d0db2028	planned-blink-w4-after_wal_sync-d0db2028	prefix-020	388
planned-blink	4	d0db2028	planned-blink-w4-after_wal_sync-d0db2028	prefix-021	393
planned-blink	4	d0db2028	planned-blink-w4-after_wal_sync-d0db2028	prefix-022	398
planned-blink	4	d0db2028	planned-blink-w4-after_wal_sync-d0db2028	prefix-023	403
planned-blink	4	d0db2028	planned-blink-w4-after_wal_sync-d0db2028	prefix-024	408
planned-blink	4	d0db2028	planned-blink-w4-after_wal_sync-d0db2028	prefix-025	413
planned-blink	4	d0db2028	planned-blink-w4-after_wal_sync-d0db2028	prefix-026	418
planned-blink	4	d0db2028	planned-blink-w4-after_wal_sync-d0db2028	prefix-027	423
planned-blink	4	d0db2028	planned-blink-w4-after_wal_sync-d0db2028	prefix-028	428
planned-blink	4	d0db2028	planned-blink-w4-after_wal_sync-d0db2028	prefix-029	433
planned-blink	4	d0db2028	planned-blink-w4-after_wal_sync-d0db2028	prefix-030	438
planned-blink	4	d0db2028	planned-blink-w4-after_wal_sync-d0db2028	prefix-031	443
planned-blink	4	d0db2028	planned-blink-w4-after_wal_sync-d0db2028	prefix-032	448
planned-blink	4	d0db2028	planned-blink-w4-after_wal_sync-d0db2028	prefix-033	453
planned-blink	4	d0db2028	planned-blink-w4-after_wal_sync-d0db2028	prefix-034	458
planned-blink	4	d0db2028	planned-blink-w4-after_wal_sync-d0db2028	prefix-035	463
planned-blink	4	d0db2028	planned-blink-w4-after_wal_sync-d0db2028	prefix-036	468
planned-blink	4	d0db2028	planned-blink-w4-after_wal_sync-d0db2028	prefix-037	473
planned-blink	4	d0db2028	planned-blink-w4-after_wal_sync-d0db2028	prefix-038	478
planned-blink	4	d0db2028	planned-blink-w4-after_wal_sync-d0db2028	prefix-039	483
planned-blink	4	d0db2028	planned-blink-w4-after_wal_sync-d0db2028	prefix-040	488
planned-blink	4	d0db2028	planned-blink-w4-after_wal_sync-d0db2028	prefix-041	493
planned-blink	4	d0db2028	planned-blink-w4-after_wal_sync-d0db2028	prefix-042	498
planned-blink	4	d0db2028	planned-blink-w4-after_wal_sync-d0db2028	prefix-043	503
planned-blink	4	d0db2028	planned-blink-w4-after_wal_sync-d0db2028	prefix-044	508
planned-blink	4	d0db2028	planned-blink-w4-after_wal_sync-d0db2028	prefix-045	513
planned-blink	4	d0db2028	planned-blink-w4-after_wal_sync-d0db2028	prefix-046	518
planned-blink	4	d0db2028	planned-blink-w4-after_wal_sync-d0db2028	prefix-047	523
planned-blink	4	d0db2028	planned-blink-w4-after_wal_sync-d0db2028	prefix-048	528
planned-blink	4	d0db2028	planned-blink-w4-after_wal_sync-d0db2028	prefix-049	533
planned-blink	4	d0db2028	planned-blink-w4-after_wal_sync-d0db2028	prefix-050	538
planned-blink	4	d0db2028	planned-blink-w4-after_wal_sync-d0db2028	prefix-051	543
planned-blink	4	d0db2028	planned-blink-w4-after_wal_sync-d0db2028	prefix-052	548
planned-blink	4	d0db2028	planned-blink-w4-after_wal_sync-d0db2028	prefix-053	553
planned-blink	4	d0db2028	planned-blink-w4-after_wal_sync-d0db2028	prefix-054	558
planned-blink	4	d0db2028	planned-blink-w4-after_wal_sync-d0db2028	prefix-055	563
planned-blink	4	d0db2028	planned-blink-w4-after_wal_sync-d0db2028	prefix-056	568
planned-blink	4	d0db2028	planned-blink-w4-after_wal_sync-d0db2028	prefix-057	573
planned-blink	4	d0db2028	planned-blink-w4-after_wal_sync-d0db2028	prefix-058	578
planned-blink	4	d0db2028	planned-blink-w4-after_wal_sync-d0db2028	prefix-059	583
planned-blink	4	d0db2028	planned-blink-w4-after_wal_sync-d0db2028	prefix-060	588
planned-blink	4	d0db2028	planned-blink-w4-after_wal_sync-d0db2028	prefix-061	593
planned-blink	4	d0db2028	planned-blink-w4-after_wal_sync-d0db2028	prefix-062	598
planned-blink	4	d0db2028	planned-blink-w4-after_wal_sync-d0db2028	prefix-063	603
planned-blink	4	d0db2028	planned-blink-w4-after_wal_sync-d0db2028	prefix-064	608
planned-blink	4	d0db2028	planned-blink-w4-after_wal_sync-d0db2028	prefix-065	613
planned-blink	4	d0db2028	planned-blink-w4-after_wal_sync-d0db2028	prefix-066	618
planned-blink	4	d0db2028	planned-blink-w4-after_wal_sync-d0db2028	prefix-067	623
planned-blink	4	d0db2028	planned-blink-w4-after_wal_sync-d0db2028	prefix-068	628
planned-blink	4	d0db2028	planned-blink-w4-after_wal_sync-d0db2028	prefix-069	633
planned-blink	4	d0db2028	planned-blink-w4-after_wal_sync-d0db2028	prefix-070	638
planned-blink	4	d0db2028	planned-blink-w4-after_wal_sync-d0db2028	prefix-071	643
planned-blink	4	d0db2028	planned-blink-w4-after_wal_sync-d0db2028	prefix-072	648
planned-blink	4	d0db2028	planned-blink-w4-after_wal_sync-d0db2028	prefix-073	653
planned-blink	4	d0db2028	planned-blink-w4-after_wal_sync-d0db2028	prefix-074	658
planned-blink	4	d0db2028	planned-blink-w4-after_wal_sync-d0db2028	prefix-075	663
planned-blink	4	d0db2028	planned-blink-w4-after_wal_sync-d0db2028	prefix-076	668
planned-blink	4	d0db2028	planned-blink-w4-after_wal_sync-d0db2028	prefix-077	673
planned-blink	4	d0db2028	planned-blink-w4-after_wal_sync-d0db2028	prefix-078	678
planned-blink	4	d0db2028	planned-blink-w4-after_wal_sync-d0db2028	prefix-079	683
planned-blink	4	d0db2028	planned-blink-w4-after_wal_sync-d0db2028	prefix-080	688
planned-blink	4	d0db2028	planned-blink-w4-after_wal_sync-d0db2028	prefix-081	693
planned-blink	4	d0db2028	planned-blink-w4-after_wal_sync-d0db2028	prefix-082	698
planned-blink	4	d0db2028	planned-blink-w4-after_wal_sync-d0db2028	prefix-083	703
planned-blink	4	d0db2028	planned-blink-w4-after_wal_sync-d0db2028	prefix-084	708
planned-blink	4	d0db2028	planned-blink-w4-after_wal_sync-d0db2028	prefix-085	713
planned-blink	4	d0db2028	planned-blink-w4-after_wal_sync-d0db2028	prefix-086	718
planned-blink	4	d0db2028	planned-blink-w4-after_wal_sync-d0db2028	prefix-087	723
planned-blink	4	d0db2028	planned-blink-w4-after_wal_sync-d0db2028	prefix-088	728
planned-blink	4	d0db2028	planned-blink-w4-after_wal_sync-d0db2028	prefix-089	733
planned-blink	4	d0db2028	planned-blink-w4-after_wal_sync-d0db2028	prefix-090	738
planned-blink	4	d0db2028	planned-blink-w4-after_wal_sync-d0db2028	prefix-091	743
planned-blink	4	d0db2028	planned-blink-w4-after_wal_sync-d0db2028	prefix-092	748
planned-blink	4	d0db2028	planned-blink-w4-after_wal_sync-d0db2028	prefix-093	753
planned-blink	4	d0db2028	planned-blink-w4-after_wal_sync-d0db2028	prefix-094	758
planned-blink	4	d0db2028	planned-blink-w4-after_wal_sync-d0db2028	prefix-095	763
planned-blink	4	d0db2028	planned-blink-w4-after_wal_sync-d0db2028	prefix-096	768
planned-blink	4	d0db2028	planned-blink-w4-after_wal_sync-d0db2028	prefix-097	773
planned-blink	4	d0db2028	planned-blink-w4-after_wal_sync-d0db2028	prefix-098	778
planned-blink	4	d0db2028	planned-blink-w4-after_wal_sync-d0db2028	prefix-099	783
planned-blink	4	d0db2028	planned-blink-w4-after_wal_sync-d0db2028	prefix-100	788
planned-blink	4	d0db2028	planned-blink-w4-after_wal_sync-d0db2028	prefix-101	793
planned-blink	4	d0db2028	planned-blink-w4-after_wal_sync-d0db2028	prefix-102	798
planned-blink	4	d0db2028	planned-blink-w4-after_wal_sync-d0db2028	prefix-103	803
planned-blink	4	d0db2028	planned-blink-w4-after_wal_sync-d0db2028	prefix-104	808
planned-blink	4	d0db2028	planned-blink-w4-after_wal_sync-d0db2028	prefix-105	813
planned-blink	4	d0db2028	planned-blink-w4-after_wal_sync-d0db2028	prefix-106	818
planned-blink	4	d0db2028	planned-blink-w4-after_wal_sync-d0db2028	prefix-107	823
planned-blink	4	d0db2028	planned-blink-w4-after_wal_sync-d0db2028	prefix-108	828
planned-blink	4	d0db2028	planned-blink-w4-after_wal_sync-d0db2028	prefix-109	833
planned-blink	4	d0db2028	planned-blink-w4-after_wal_sync-d0db2028	prefix-110	838
planned-blink	4	d0db2028	planned-blink-w4-after_wal_sync-d0db2028	prefix-111	843
planned-blink	4	d0db2028	planned-blink-w4-after_wal_sync-d0db2028	prefix-112	848
planned-blink	4	d0db2028	planned-blink-w4-after_wal_sync-d0db2028	prefix-113	853
planned-blink	4	d0db2028	planned-blink-w4-after_wal_sync-d0db2028	prefix-114	858
planned-blink	4	d0db2028	planned-blink-w4-after_wal_sync-d0db2028	prefix-115	863
planned-blink	4	d0db2028	planned-blink-w4-after_wal_sync-d0db2028	prefix-116	868
planned-blink	4	d0db2028	planned-blink-w4-after_wal_sync-d0db2028	prefix-117	873
planned-blink	4	d0db2028	planned-blink-w4-after_wal_sync-d0db2028	prefix-118	878
planned-blink	4	d0db2028	planned-blink-w4-after_wal_sync-d0db2028	prefix-119	883
planned-blink	4	d0db2028	planned-blink-w4-after_wal_sync-d0db2028	prefix-120	888
planned-blink	4	d0db2028	planned-blink-w4-after_wal_sync-d0db2028	prefix-121	893
planned-blink	4	d0db2028	planned-blink-w4-after_wal_sync-d0db2028	prefix-122	898
planned-blink	4	d0db2028	planned-blink-w4-after_wal_sync-d0db2028	prefix-123	903
planned-blink	4	d0db2028	planned-blink-w4-after_wal_sync-d0db2028	prefix-124	908
planned-blink	4	d0db2028	planned-blink-w4-after_wal_sync-d0db2028	prefix-125	913
planned-blink	4	d0db2028	planned-blink-w4-after_wal_sync-d0db2028	prefix-126	918
planned-blink	4	d0db2028	planned-blink-w4-after_wal_sync-d0db2028	prefix-127	923
planned-blink	4	d0db2028	planned-blink-w4-after_wal_sync-d0db2028	post-recovery	930
planned-blink	4	d0db2026	planned-blink-w4-normal-d0db2026	seed	283
planned-blink	4	d0db2026	planned-blink-w4-normal-d0db2026	prefix-000	288
planned-blink	4	d0db2026	planned-blink-w4-normal-d0db2026	prefix-001	293
planned-blink	4	d0db2026	planned-blink-w4-normal-d0db2026	prefix-002	298
planned-blink	4	d0db2026	planned-blink-w4-normal-d0db2026	prefix-003	303
planned-blink	4	d0db2026	planned-blink-w4-normal-d0db2026	prefix-004	308
planned-blink	4	d0db2026	planned-blink-w4-normal-d0db2026	prefix-005	313
planned-blink	4	d0db2026	planned-blink-w4-normal-d0db2026	prefix-006	318
planned-blink	4	d0db2026	planned-blink-w4-normal-d0db2026	prefix-007	323
planned-blink	4	d0db2026	planned-blink-w4-normal-d0db2026	prefix-008	328
planned-blink	4	d0db2026	planned-blink-w4-normal-d0db2026	prefix-009	333
planned-blink	4	d0db2026	planned-blink-w4-normal-d0db2026	prefix-010	338
planned-blink	4	d0db2026	planned-blink-w4-normal-d0db2026	prefix-011	343
planned-blink	4	d0db2026	planned-blink-w4-normal-d0db2026	prefix-012	348
planned-blink	4	d0db2026	planned-blink-w4-normal-d0db2026	prefix-013	353
planned-blink	4	d0db2026	planned-blink-w4-normal-d0db2026	prefix-014	358
planned-blink	4	d0db2026	planned-blink-w4-normal-d0db2026	prefix-015	363
planned-blink	4	d0db2026	planned-blink-w4-normal-d0db2026	prefix-016	368
planned-blink	4	d0db2026	planned-blink-w4-normal-d0db2026	prefix-017	373
planned-blink	4	d0db2026	planned-blink-w4-normal-d0db2026	prefix-018	378
planned-blink	4	d0db2026	planned-blink-w4-normal-d0db2026	prefix-019	383
planned-blink	4	d0db2026	planned-blink-w4-normal-d0db2026	prefix-020	388
planned-blink	4	d0db2026	planned-blink-w4-normal-d0db2026	prefix-021	393
planned-blink	4	d0db2026	planned-blink-w4-normal-d0db2026	prefix-022	398
planned-blink	4	d0db2026	planned-blink-w4-normal-d0db2026	prefix-023	403
planned-blink	4	d0db2026	planned-blink-w4-normal-d0db2026	prefix-024	408
planned-blink	4	d0db2026	planned-blink-w4-normal-d0db2026	prefix-025	413
planned-blink	4	d0db2026	planned-blink-w4-normal-d0db2026	prefix-026	418
planned-blink	4	d0db2026	planned-blink-w4-normal-d0db2026	prefix-027	423
planned-blink	4	d0db2026	planned-blink-w4-normal-d0db2026	prefix-028	428
planned-blink	4	d0db2026	planned-blink-w4-normal-d0db2026	prefix-029	433
planned-blink	4	d0db2026	planned-blink-w4-normal-d0db2026	prefix-030	438
planned-blink	4	d0db2026	planned-blink-w4-normal-d0db2026	prefix-031	443
planned-blink	4	d0db2026	planned-blink-w4-normal-d0db2026	prefix-032	448
planned-blink	4	d0db2026	planned-blink-w4-normal-d0db2026	prefix-033	453
planned-blink	4	d0db2026	planned-blink-w4-normal-d0db2026	prefix-034	458
planned-blink	4	d0db2026	planned-blink-w4-normal-d0db2026	prefix-035	463
planned-blink	4	d0db2026	planned-blink-w4-normal-d0db2026	prefix-036	468
planned-blink	4	d0db2026	planned-blink-w4-normal-d0db2026	prefix-037	473
planned-blink	4	d0db2026	planned-blink-w4-normal-d0db2026	prefix-038	478
planned-blink	4	d0db2026	planned-blink-w4-normal-d0db2026	prefix-039	483
planned-blink	4	d0db2026	planned-blink-w4-normal-d0db2026	prefix-040	488
planned-blink	4	d0db2026	planned-blink-w4-normal-d0db2026	prefix-041	493
planned-blink	4	d0db2026	planned-blink-w4-normal-d0db2026	prefix-042	498
planned-blink	4	d0db2026	planned-blink-w4-normal-d0db2026	prefix-043	503
planned-blink	4	d0db2026	planned-blink-w4-normal-d0db2026	prefix-044	508
planned-blink	4	d0db2026	planned-blink-w4-normal-d0db2026	prefix-045	513
planned-blink	4	d0db2026	planned-blink-w4-normal-d0db2026	prefix-046	518
planned-blink	4	d0db2026	planned-blink-w4-normal-d0db2026	prefix-047	523
planned-blink	4	d0db2026	planned-blink-w4-normal-d0db2026	prefix-048	528
planned-blink	4	d0db2026	planned-blink-w4-normal-d0db2026	prefix-049	533
planned-blink	4	d0db2026	planned-blink-w4-normal-d0db2026	prefix-050	538
planned-blink	4	d0db2026	planned-blink-w4-normal-d0db2026	prefix-051	543
planned-blink	4	d0db2026	planned-blink-w4-normal-d0db2026	prefix-052	548
planned-blink	4	d0db2026	planned-blink-w4-normal-d0db2026	prefix-053	553
planned-blink	4	d0db2026	planned-blink-w4-normal-d0db2026	prefix-054	558
planned-blink	4	d0db2026	planned-blink-w4-normal-d0db2026	prefix-055	563
planned-blink	4	d0db2026	planned-blink-w4-normal-d0db2026	prefix-056	568
planned-blink	4	d0db2026	planned-blink-w4-normal-d0db2026	prefix-057	573
planned-blink	4	d0db2026	planned-blink-w4-normal-d0db2026	prefix-058	578
planned-blink	4	d0db2026	planned-blink-w4-normal-d0db2026	prefix-059	583
planned-blink	4	d0db2026	planned-blink-w4-normal-d0db2026	prefix-060	588
planned-blink	4	d0db2026	planned-blink-w4-normal-d0db2026	prefix-061	593
planned-blink	4	d0db2026	planned-blink-w4-normal-d0db2026	prefix-062	598
planned-blink	4	d0db2026	planned-blink-w4-normal-d0db2026	prefix-063	603
planned-blink	4	d0db2026	planned-blink-w4-normal-d0db2026	prefix-064	608
planned-blink	4	d0db2026	planned-blink-w4-normal-d0db2026	prefix-065	613
planned-blink	4	d0db2026	planned-blink-w4-normal-d0db2026	prefix-066	618
planned-blink	4	d0db2026	planned-blink-w4-normal-d0db2026	prefix-067	623
planned-blink	4	d0db2026	planned-blink-w4-normal-d0db2026	prefix-068	628
planned-blink	4	d0db2026	planned-blink-w4-normal-d0db2026	prefix-069	633
planned-blink	4	d0db2026	planned-blink-w4-normal-d0db2026	prefix-070	638
planned-blink	4	d0db2026	planned-blink-w4-normal-d0db2026	prefix-071	643
planned-blink	4	d0db2026	planned-blink-w4-normal-d0db2026	prefix-072	648
planned-blink	4	d0db2026	planned-blink-w4-normal-d0db2026	prefix-073	653
planned-blink	4	d0db2026	planned-blink-w4-normal-d0db2026	prefix-074	658
planned-blink	4	d0db2026	planned-blink-w4-normal-d0db2026	prefix-075	663
planned-blink	4	d0db2026	planned-blink-w4-normal-d0db2026	prefix-076	668
planned-blink	4	d0db2026	planned-blink-w4-normal-d0db2026	prefix-077	673
planned-blink	4	d0db2026	planned-blink-w4-normal-d0db2026	prefix-078	678
planned-blink	4	d0db2026	planned-blink-w4-normal-d0db2026	prefix-079	683
planned-blink	4	d0db2026	planned-blink-w4-normal-d0db2026	prefix-080	688
planned-blink	4	d0db2026	planned-blink-w4-normal-d0db2026	prefix-081	693
planned-blink	4	d0db2026	planned-blink-w4-normal-d0db2026	prefix-082	698
planned-blink	4	d0db2026	planned-blink-w4-normal-d0db2026	prefix-083	703
planned-blink	4	d0db2026	planned-blink-w4-normal-d0db2026	prefix-084	708
planned-blink	4	d0db2026	planned-blink-w4-normal-d0db2026	prefix-085	713
planned-blink	4	d0db2026	planned-blink-w4-normal-d0db2026	prefix-086	718
planned-blink	4	d0db2026	planned-blink-w4-normal-d0db2026	prefix-087	723
planned-blink	4	d0db2026	planned-blink-w4-normal-d0db2026	prefix-088	728
planned-blink	4	d0db2026	planned-blink-w4-normal-d0db2026	prefix-089	733
planned-blink	4	d0db2026	planned-blink-w4-normal-d0db2026	prefix-090	738
planned-blink	4	d0db2026	planned-blink-w4-normal-d0db2026	prefix-091	743
planned-blink	4	d0db2026	planned-blink-w4-normal-d0db2026	prefix-092	748
planned-blink	4	d0db2026	planned-blink-w4-normal-d0db2026	prefix-093	753
planned-blink	4	d0db2026	planned-blink-w4-normal-d0db2026	prefix-094	758
planned-blink	4	d0db2026	planned-blink-w4-normal-d0db2026	prefix-095	763
planned-blink	4	d0db2026	planned-blink-w4-normal-d0db2026	prefix-096	768
planned-blink	4	d0db2026	planned-blink-w4-normal-d0db2026	prefix-097	773
planned-blink	4	d0db2026	planned-blink-w4-normal-d0db2026	prefix-098	778
planned-blink	4	d0db2026	planned-blink-w4-normal-d0db2026	prefix-099	783
planned-blink	4	d0db2026	planned-blink-w4-normal-d0db2026	prefix-100	788
planned-blink	4	d0db2026	planned-blink-w4-normal-d0db2026	prefix-101	793
planned-blink	4	d0db2026	planned-blink-w4-normal-d0db2026	prefix-102	798
planned-blink	4	d0db2026	planned-blink-w4-normal-d0db2026	prefix-103	803
planned-blink	4	d0db2026	planned-blink-w4-normal-d0db2026	prefix-104	808
planned-blink	4	d0db2026	planned-blink-w4-normal-d0db2026	prefix-105	813
planned-blink	4	d0db2026	planned-blink-w4-normal-d0db2026	prefix-106	818
planned-blink	4	d0db2026	planned-blink-w4-normal-d0db2026	prefix-107	823
planned-blink	4	d0db2026	planned-blink-w4-normal-d0db2026	prefix-108	828
planned-blink	4	d0db2026	planned-blink-w4-normal-d0db2026	prefix-109	833
planned-blink	4	d0db2026	planned-blink-w4-normal-d0db2026	prefix-110	838
planned-blink	4	d0db2026	planned-blink-w4-normal-d0db2026	prefix-111	843
planned-blink	4	d0db2026	planned-blink-w4-normal-d0db2026	prefix-112	848
planned-blink	4	d0db2026	planned-blink-w4-normal-d0db2026	prefix-113	853
planned-blink	4	d0db2026	planned-blink-w4-normal-d0db2026	prefix-114	858
planned-blink	4	d0db2026	planned-blink-w4-normal-d0db2026	prefix-115	863
planned-blink	4	d0db2026	planned-blink-w4-normal-d0db2026	prefix-116	868
planned-blink	4	d0db2026	planned-blink-w4-normal-d0db2026	prefix-117	873
planned-blink	4	d0db2026	planned-blink-w4-normal-d0db2026	prefix-118	878
planned-blink	4	d0db2026	planned-blink-w4-normal-d0db2026	prefix-119	883
planned-blink	4	d0db2026	planned-blink-w4-normal-d0db2026	prefix-120	888
planned-blink	4	d0db2026	planned-blink-w4-normal-d0db2026	prefix-121	893
planned-blink	4	d0db2026	planned-blink-w4-normal-d0db2026	prefix-122	898
planned-blink	4	d0db2026	planned-blink-w4-normal-d0db2026	prefix-123	903
planned-blink	4	d0db2026	planned-blink-w4-normal-d0db2026	prefix-124	908
planned-blink	4	d0db2026	planned-blink-w4-normal-d0db2026	prefix-125	913
planned-blink	4	d0db2026	planned-blink-w4-normal-d0db2026	prefix-126	918
planned-blink	4	d0db2026	planned-blink-w4-normal-d0db2026	prefix-127	923
planned-blink	4	d0db2026	planned-blink-w4-normal-d0db2026	target	928
planned-blink	4	d0db2026	planned-blink-w4-normal-d0db2026	post-recovery	930
planned-blink	8	d0db2026	planned-blink-w8-returned-d0db2026	seed	283
planned-blink	8	d0db2026	planned-blink-w8-returned-d0db2026	prefix-000	292
planned-blink	8	d0db2026	planned-blink-w8-returned-d0db2026	prefix-001	301
planned-blink	8	d0db2026	planned-blink-w8-returned-d0db2026	prefix-002	310
planned-blink	8	d0db2026	planned-blink-w8-returned-d0db2026	prefix-003	319
planned-blink	8	d0db2026	planned-blink-w8-returned-d0db2026	prefix-004	328
planned-blink	8	d0db2026	planned-blink-w8-returned-d0db2026	prefix-005	337
planned-blink	8	d0db2026	planned-blink-w8-returned-d0db2026	prefix-006	346
planned-blink	8	d0db2026	planned-blink-w8-returned-d0db2026	prefix-007	355
planned-blink	8	d0db2026	planned-blink-w8-returned-d0db2026	prefix-008	364
planned-blink	8	d0db2026	planned-blink-w8-returned-d0db2026	prefix-009	373
planned-blink	8	d0db2026	planned-blink-w8-returned-d0db2026	prefix-010	382
planned-blink	8	d0db2026	planned-blink-w8-returned-d0db2026	prefix-011	391
planned-blink	8	d0db2026	planned-blink-w8-returned-d0db2026	prefix-012	400
planned-blink	8	d0db2026	planned-blink-w8-returned-d0db2026	prefix-013	409
planned-blink	8	d0db2026	planned-blink-w8-returned-d0db2026	prefix-014	418
planned-blink	8	d0db2026	planned-blink-w8-returned-d0db2026	prefix-015	427
planned-blink	8	d0db2026	planned-blink-w8-returned-d0db2026	prefix-016	436
planned-blink	8	d0db2026	planned-blink-w8-returned-d0db2026	prefix-017	445
planned-blink	8	d0db2026	planned-blink-w8-returned-d0db2026	prefix-018	454
planned-blink	8	d0db2026	planned-blink-w8-returned-d0db2026	prefix-019	463
planned-blink	8	d0db2026	planned-blink-w8-returned-d0db2026	prefix-020	472
planned-blink	8	d0db2026	planned-blink-w8-returned-d0db2026	prefix-021	481
planned-blink	8	d0db2026	planned-blink-w8-returned-d0db2026	prefix-022	490
planned-blink	8	d0db2026	planned-blink-w8-returned-d0db2026	prefix-023	499
planned-blink	8	d0db2026	planned-blink-w8-returned-d0db2026	prefix-024	508
planned-blink	8	d0db2026	planned-blink-w8-returned-d0db2026	prefix-025	517
planned-blink	8	d0db2026	planned-blink-w8-returned-d0db2026	prefix-026	526
planned-blink	8	d0db2026	planned-blink-w8-returned-d0db2026	prefix-027	535
planned-blink	8	d0db2026	planned-blink-w8-returned-d0db2026	prefix-028	544
planned-blink	8	d0db2026	planned-blink-w8-returned-d0db2026	prefix-029	553
planned-blink	8	d0db2026	planned-blink-w8-returned-d0db2026	prefix-030	562
planned-blink	8	d0db2026	planned-blink-w8-returned-d0db2026	prefix-031	571
planned-blink	8	d0db2026	planned-blink-w8-returned-d0db2026	prefix-032	580
planned-blink	8	d0db2026	planned-blink-w8-returned-d0db2026	prefix-033	589
planned-blink	8	d0db2026	planned-blink-w8-returned-d0db2026	prefix-034	598
planned-blink	8	d0db2026	planned-blink-w8-returned-d0db2026	prefix-035	607
planned-blink	8	d0db2026	planned-blink-w8-returned-d0db2026	prefix-036	616
planned-blink	8	d0db2026	planned-blink-w8-returned-d0db2026	prefix-037	625
planned-blink	8	d0db2026	planned-blink-w8-returned-d0db2026	prefix-038	634
planned-blink	8	d0db2026	planned-blink-w8-returned-d0db2026	prefix-039	643
planned-blink	8	d0db2026	planned-blink-w8-returned-d0db2026	prefix-040	652
planned-blink	8	d0db2026	planned-blink-w8-returned-d0db2026	prefix-041	661
planned-blink	8	d0db2026	planned-blink-w8-returned-d0db2026	prefix-042	670
planned-blink	8	d0db2026	planned-blink-w8-returned-d0db2026	prefix-043	679
planned-blink	8	d0db2026	planned-blink-w8-returned-d0db2026	prefix-044	688
planned-blink	8	d0db2026	planned-blink-w8-returned-d0db2026	prefix-045	697
planned-blink	8	d0db2026	planned-blink-w8-returned-d0db2026	prefix-046	706
planned-blink	8	d0db2026	planned-blink-w8-returned-d0db2026	prefix-047	715
planned-blink	8	d0db2026	planned-blink-w8-returned-d0db2026	prefix-048	724
planned-blink	8	d0db2026	planned-blink-w8-returned-d0db2026	prefix-049	733
planned-blink	8	d0db2026	planned-blink-w8-returned-d0db2026	prefix-050	742
planned-blink	8	d0db2026	planned-blink-w8-returned-d0db2026	prefix-051	751
planned-blink	8	d0db2026	planned-blink-w8-returned-d0db2026	prefix-052	760
planned-blink	8	d0db2026	planned-blink-w8-returned-d0db2026	prefix-053	769
planned-blink	8	d0db2026	planned-blink-w8-returned-d0db2026	prefix-054	778
planned-blink	8	d0db2026	planned-blink-w8-returned-d0db2026	prefix-055	787
planned-blink	8	d0db2026	planned-blink-w8-returned-d0db2026	prefix-056	796
planned-blink	8	d0db2026	planned-blink-w8-returned-d0db2026	prefix-057	805
planned-blink	8	d0db2026	planned-blink-w8-returned-d0db2026	prefix-058	814
planned-blink	8	d0db2026	planned-blink-w8-returned-d0db2026	prefix-059	823
planned-blink	8	d0db2026	planned-blink-w8-returned-d0db2026	prefix-060	832
planned-blink	8	d0db2026	planned-blink-w8-returned-d0db2026	prefix-061	841
planned-blink	8	d0db2026	planned-blink-w8-returned-d0db2026	prefix-062	850
planned-blink	8	d0db2026	planned-blink-w8-returned-d0db2026	prefix-063	859
planned-blink	8	d0db2026	planned-blink-w8-returned-d0db2026	prefix-064	868
planned-blink	8	d0db2026	planned-blink-w8-returned-d0db2026	prefix-065	877
planned-blink	8	d0db2026	planned-blink-w8-returned-d0db2026	prefix-066	886
planned-blink	8	d0db2026	planned-blink-w8-returned-d0db2026	prefix-067	895
planned-blink	8	d0db2026	planned-blink-w8-returned-d0db2026	prefix-068	904
planned-blink	8	d0db2026	planned-blink-w8-returned-d0db2026	prefix-069	913
planned-blink	8	d0db2026	planned-blink-w8-returned-d0db2026	prefix-070	922
planned-blink	8	d0db2026	planned-blink-w8-returned-d0db2026	prefix-071	931
planned-blink	8	d0db2026	planned-blink-w8-returned-d0db2026	prefix-072	940
planned-blink	8	d0db2026	planned-blink-w8-returned-d0db2026	prefix-073	949
planned-blink	8	d0db2026	planned-blink-w8-returned-d0db2026	prefix-074	958
planned-blink	8	d0db2026	planned-blink-w8-returned-d0db2026	prefix-075	967
planned-blink	8	d0db2026	planned-blink-w8-returned-d0db2026	prefix-076	976
planned-blink	8	d0db2026	planned-blink-w8-returned-d0db2026	prefix-077	985
planned-blink	8	d0db2026	planned-blink-w8-returned-d0db2026	prefix-078	994
planned-blink	8	d0db2026	planned-blink-w8-returned-d0db2026	prefix-079	1003
planned-blink	8	d0db2026	planned-blink-w8-returned-d0db2026	prefix-080	1012
planned-blink	8	d0db2026	planned-blink-w8-returned-d0db2026	prefix-081	1021
planned-blink	8	d0db2026	planned-blink-w8-returned-d0db2026	prefix-082	1030
planned-blink	8	d0db2026	planned-blink-w8-returned-d0db2026	prefix-083	1039
planned-blink	8	d0db2026	planned-blink-w8-returned-d0db2026	prefix-084	1048
planned-blink	8	d0db2026	planned-blink-w8-returned-d0db2026	prefix-085	1057
planned-blink	8	d0db2026	planned-blink-w8-returned-d0db2026	prefix-086	1066
planned-blink	8	d0db2026	planned-blink-w8-returned-d0db2026	prefix-087	1075
planned-blink	8	d0db2026	planned-blink-w8-returned-d0db2026	prefix-088	1084
planned-blink	8	d0db2026	planned-blink-w8-returned-d0db2026	prefix-089	1093
planned-blink	8	d0db2026	planned-blink-w8-returned-d0db2026	prefix-090	1102
planned-blink	8	d0db2026	planned-blink-w8-returned-d0db2026	prefix-091	1111
planned-blink	8	d0db2026	planned-blink-w8-returned-d0db2026	prefix-092	1120
planned-blink	8	d0db2026	planned-blink-w8-returned-d0db2026	prefix-093	1129
planned-blink	8	d0db2026	planned-blink-w8-returned-d0db2026	prefix-094	1138
planned-blink	8	d0db2026	planned-blink-w8-returned-d0db2026	prefix-095	1147
planned-blink	8	d0db2026	planned-blink-w8-returned-d0db2026	prefix-096	1156
planned-blink	8	d0db2026	planned-blink-w8-returned-d0db2026	prefix-097	1165
planned-blink	8	d0db2026	planned-blink-w8-returned-d0db2026	prefix-098	1174
planned-blink	8	d0db2026	planned-blink-w8-returned-d0db2026	prefix-099	1183
planned-blink	8	d0db2026	planned-blink-w8-returned-d0db2026	prefix-100	1192
planned-blink	8	d0db2026	planned-blink-w8-returned-d0db2026	prefix-101	1201
planned-blink	8	d0db2026	planned-blink-w8-returned-d0db2026	prefix-102	1210
planned-blink	8	d0db2026	planned-blink-w8-returned-d0db2026	prefix-103	1219
planned-blink	8	d0db2026	planned-blink-w8-returned-d0db2026	prefix-104	1228
planned-blink	8	d0db2026	planned-blink-w8-returned-d0db2026	prefix-105	1237
planned-blink	8	d0db2026	planned-blink-w8-returned-d0db2026	prefix-106	1246
planned-blink	8	d0db2026	planned-blink-w8-returned-d0db2026	prefix-107	1255
planned-blink	8	d0db2026	planned-blink-w8-returned-d0db2026	prefix-108	1264
planned-blink	8	d0db2026	planned-blink-w8-returned-d0db2026	prefix-109	1273
planned-blink	8	d0db2026	planned-blink-w8-returned-d0db2026	prefix-110	1282
planned-blink	8	d0db2026	planned-blink-w8-returned-d0db2026	prefix-111	1291
planned-blink	8	d0db2026	planned-blink-w8-returned-d0db2026	prefix-112	1300
planned-blink	8	d0db2026	planned-blink-w8-returned-d0db2026	prefix-113	1309
planned-blink	8	d0db2026	planned-blink-w8-returned-d0db2026	prefix-114	1318
planned-blink	8	d0db2026	planned-blink-w8-returned-d0db2026	prefix-115	1327
planned-blink	8	d0db2026	planned-blink-w8-returned-d0db2026	prefix-116	1336
planned-blink	8	d0db2026	planned-blink-w8-returned-d0db2026	prefix-117	1345
planned-blink	8	d0db2026	planned-blink-w8-returned-d0db2026	prefix-118	1354
planned-blink	8	d0db2026	planned-blink-w8-returned-d0db2026	prefix-119	1363
planned-blink	8	d0db2026	planned-blink-w8-returned-d0db2026	prefix-120	1372
planned-blink	8	d0db2026	planned-blink-w8-returned-d0db2026	prefix-121	1381
planned-blink	8	d0db2026	planned-blink-w8-returned-d0db2026	prefix-122	1390
planned-blink	8	d0db2026	planned-blink-w8-returned-d0db2026	prefix-123	1399
planned-blink	8	d0db2026	planned-blink-w8-returned-d0db2026	prefix-124	1408
planned-blink	8	d0db2026	planned-blink-w8-returned-d0db2026	prefix-125	1417
planned-blink	8	d0db2026	planned-blink-w8-returned-d0db2026	prefix-126	1426
planned-blink	8	d0db2026	planned-blink-w8-returned-d0db2026	prefix-127	1435
planned-blink	8	d0db2026	planned-blink-w8-returned-d0db2026	target	1444
planned-blink	8	d0db2026	planned-blink-w8-returned-d0db2026	post-recovery	1446
planned-blink	8	d0db2027	planned-blink-w8-returned-d0db2027	seed	283
planned-blink	8	d0db2027	planned-blink-w8-returned-d0db2027	prefix-000	292
planned-blink	8	d0db2027	planned-blink-w8-returned-d0db2027	prefix-001	301
planned-blink	8	d0db2027	planned-blink-w8-returned-d0db2027	prefix-002	310
planned-blink	8	d0db2027	planned-blink-w8-returned-d0db2027	prefix-003	319
planned-blink	8	d0db2027	planned-blink-w8-returned-d0db2027	prefix-004	328
planned-blink	8	d0db2027	planned-blink-w8-returned-d0db2027	prefix-005	337
planned-blink	8	d0db2027	planned-blink-w8-returned-d0db2027	prefix-006	346
planned-blink	8	d0db2027	planned-blink-w8-returned-d0db2027	prefix-007	355
planned-blink	8	d0db2027	planned-blink-w8-returned-d0db2027	prefix-008	364
planned-blink	8	d0db2027	planned-blink-w8-returned-d0db2027	prefix-009	373
planned-blink	8	d0db2027	planned-blink-w8-returned-d0db2027	prefix-010	382
planned-blink	8	d0db2027	planned-blink-w8-returned-d0db2027	prefix-011	391
planned-blink	8	d0db2027	planned-blink-w8-returned-d0db2027	prefix-012	400
planned-blink	8	d0db2027	planned-blink-w8-returned-d0db2027	prefix-013	409
planned-blink	8	d0db2027	planned-blink-w8-returned-d0db2027	prefix-014	418
planned-blink	8	d0db2027	planned-blink-w8-returned-d0db2027	prefix-015	427
planned-blink	8	d0db2027	planned-blink-w8-returned-d0db2027	prefix-016	436
planned-blink	8	d0db2027	planned-blink-w8-returned-d0db2027	prefix-017	445
planned-blink	8	d0db2027	planned-blink-w8-returned-d0db2027	prefix-018	454
planned-blink	8	d0db2027	planned-blink-w8-returned-d0db2027	prefix-019	463
planned-blink	8	d0db2027	planned-blink-w8-returned-d0db2027	prefix-020	472
planned-blink	8	d0db2027	planned-blink-w8-returned-d0db2027	prefix-021	481
planned-blink	8	d0db2027	planned-blink-w8-returned-d0db2027	prefix-022	490
planned-blink	8	d0db2027	planned-blink-w8-returned-d0db2027	prefix-023	499
planned-blink	8	d0db2027	planned-blink-w8-returned-d0db2027	prefix-024	508
planned-blink	8	d0db2027	planned-blink-w8-returned-d0db2027	prefix-025	517
planned-blink	8	d0db2027	planned-blink-w8-returned-d0db2027	prefix-026	526
planned-blink	8	d0db2027	planned-blink-w8-returned-d0db2027	prefix-027	535
planned-blink	8	d0db2027	planned-blink-w8-returned-d0db2027	prefix-028	544
planned-blink	8	d0db2027	planned-blink-w8-returned-d0db2027	prefix-029	553
planned-blink	8	d0db2027	planned-blink-w8-returned-d0db2027	prefix-030	562
planned-blink	8	d0db2027	planned-blink-w8-returned-d0db2027	prefix-031	571
planned-blink	8	d0db2027	planned-blink-w8-returned-d0db2027	prefix-032	580
planned-blink	8	d0db2027	planned-blink-w8-returned-d0db2027	prefix-033	589
planned-blink	8	d0db2027	planned-blink-w8-returned-d0db2027	prefix-034	598
planned-blink	8	d0db2027	planned-blink-w8-returned-d0db2027	prefix-035	607
planned-blink	8	d0db2027	planned-blink-w8-returned-d0db2027	prefix-036	616
planned-blink	8	d0db2027	planned-blink-w8-returned-d0db2027	prefix-037	625
planned-blink	8	d0db2027	planned-blink-w8-returned-d0db2027	prefix-038	634
planned-blink	8	d0db2027	planned-blink-w8-returned-d0db2027	prefix-039	643
planned-blink	8	d0db2027	planned-blink-w8-returned-d0db2027	prefix-040	652
planned-blink	8	d0db2027	planned-blink-w8-returned-d0db2027	prefix-041	661
planned-blink	8	d0db2027	planned-blink-w8-returned-d0db2027	prefix-042	670
planned-blink	8	d0db2027	planned-blink-w8-returned-d0db2027	prefix-043	679
planned-blink	8	d0db2027	planned-blink-w8-returned-d0db2027	prefix-044	688
planned-blink	8	d0db2027	planned-blink-w8-returned-d0db2027	prefix-045	697
planned-blink	8	d0db2027	planned-blink-w8-returned-d0db2027	prefix-046	706
planned-blink	8	d0db2027	planned-blink-w8-returned-d0db2027	prefix-047	715
planned-blink	8	d0db2027	planned-blink-w8-returned-d0db2027	prefix-048	724
planned-blink	8	d0db2027	planned-blink-w8-returned-d0db2027	prefix-049	733
planned-blink	8	d0db2027	planned-blink-w8-returned-d0db2027	prefix-050	742
planned-blink	8	d0db2027	planned-blink-w8-returned-d0db2027	prefix-051	751
planned-blink	8	d0db2027	planned-blink-w8-returned-d0db2027	prefix-052	760
planned-blink	8	d0db2027	planned-blink-w8-returned-d0db2027	prefix-053	769
planned-blink	8	d0db2027	planned-blink-w8-returned-d0db2027	prefix-054	778
planned-blink	8	d0db2027	planned-blink-w8-returned-d0db2027	prefix-055	787
planned-blink	8	d0db2027	planned-blink-w8-returned-d0db2027	prefix-056	796
planned-blink	8	d0db2027	planned-blink-w8-returned-d0db2027	prefix-057	805
planned-blink	8	d0db2027	planned-blink-w8-returned-d0db2027	prefix-058	814
planned-blink	8	d0db2027	planned-blink-w8-returned-d0db2027	prefix-059	823
planned-blink	8	d0db2027	planned-blink-w8-returned-d0db2027	prefix-060	832
planned-blink	8	d0db2027	planned-blink-w8-returned-d0db2027	prefix-061	841
planned-blink	8	d0db2027	planned-blink-w8-returned-d0db2027	prefix-062	850
planned-blink	8	d0db2027	planned-blink-w8-returned-d0db2027	prefix-063	859
planned-blink	8	d0db2027	planned-blink-w8-returned-d0db2027	prefix-064	868
planned-blink	8	d0db2027	planned-blink-w8-returned-d0db2027	prefix-065	877
planned-blink	8	d0db2027	planned-blink-w8-returned-d0db2027	prefix-066	886
planned-blink	8	d0db2027	planned-blink-w8-returned-d0db2027	prefix-067	895
planned-blink	8	d0db2027	planned-blink-w8-returned-d0db2027	prefix-068	904
planned-blink	8	d0db2027	planned-blink-w8-returned-d0db2027	prefix-069	913
planned-blink	8	d0db2027	planned-blink-w8-returned-d0db2027	prefix-070	922
planned-blink	8	d0db2027	planned-blink-w8-returned-d0db2027	prefix-071	931
planned-blink	8	d0db2027	planned-blink-w8-returned-d0db2027	prefix-072	940
planned-blink	8	d0db2027	planned-blink-w8-returned-d0db2027	prefix-073	949
planned-blink	8	d0db2027	planned-blink-w8-returned-d0db2027	prefix-074	958
planned-blink	8	d0db2027	planned-blink-w8-returned-d0db2027	prefix-075	967
planned-blink	8	d0db2027	planned-blink-w8-returned-d0db2027	prefix-076	976
planned-blink	8	d0db2027	planned-blink-w8-returned-d0db2027	prefix-077	985
planned-blink	8	d0db2027	planned-blink-w8-returned-d0db2027	prefix-078	994
planned-blink	8	d0db2027	planned-blink-w8-returned-d0db2027	prefix-079	1003
planned-blink	8	d0db2027	planned-blink-w8-returned-d0db2027	prefix-080	1012
planned-blink	8	d0db2027	planned-blink-w8-returned-d0db2027	prefix-081	1021
planned-blink	8	d0db2027	planned-blink-w8-returned-d0db2027	prefix-082	1030
planned-blink	8	d0db2027	planned-blink-w8-returned-d0db2027	prefix-083	1039
planned-blink	8	d0db2027	planned-blink-w8-returned-d0db2027	prefix-084	1048
planned-blink	8	d0db2027	planned-blink-w8-returned-d0db2027	prefix-085	1057
planned-blink	8	d0db2027	planned-blink-w8-returned-d0db2027	prefix-086	1066
planned-blink	8	d0db2027	planned-blink-w8-returned-d0db2027	prefix-087	1075
planned-blink	8	d0db2027	planned-blink-w8-returned-d0db2027	prefix-088	1084
planned-blink	8	d0db2027	planned-blink-w8-returned-d0db2027	prefix-089	1093
planned-blink	8	d0db2027	planned-blink-w8-returned-d0db2027	prefix-090	1102
planned-blink	8	d0db2027	planned-blink-w8-returned-d0db2027	prefix-091	1111
planned-blink	8	d0db2027	planned-blink-w8-returned-d0db2027	prefix-092	1120
planned-blink	8	d0db2027	planned-blink-w8-returned-d0db2027	prefix-093	1129
planned-blink	8	d0db2027	planned-blink-w8-returned-d0db2027	prefix-094	1138
planned-blink	8	d0db2027	planned-blink-w8-returned-d0db2027	prefix-095	1147
planned-blink	8	d0db2027	planned-blink-w8-returned-d0db2027	prefix-096	1156
planned-blink	8	d0db2027	planned-blink-w8-returned-d0db2027	prefix-097	1165
planned-blink	8	d0db2027	planned-blink-w8-returned-d0db2027	prefix-098	1174
planned-blink	8	d0db2027	planned-blink-w8-returned-d0db2027	prefix-099	1183
planned-blink	8	d0db2027	planned-blink-w8-returned-d0db2027	prefix-100	1192
planned-blink	8	d0db2027	planned-blink-w8-returned-d0db2027	prefix-101	1201
planned-blink	8	d0db2027	planned-blink-w8-returned-d0db2027	prefix-102	1210
planned-blink	8	d0db2027	planned-blink-w8-returned-d0db2027	prefix-103	1219
planned-blink	8	d0db2027	planned-blink-w8-returned-d0db2027	prefix-104	1228
planned-blink	8	d0db2027	planned-blink-w8-returned-d0db2027	prefix-105	1237
planned-blink	8	d0db2027	planned-blink-w8-returned-d0db2027	prefix-106	1246
planned-blink	8	d0db2027	planned-blink-w8-returned-d0db2027	prefix-107	1255
planned-blink	8	d0db2027	planned-blink-w8-returned-d0db2027	prefix-108	1264
planned-blink	8	d0db2027	planned-blink-w8-returned-d0db2027	prefix-109	1273
planned-blink	8	d0db2027	planned-blink-w8-returned-d0db2027	prefix-110	1282
planned-blink	8	d0db2027	planned-blink-w8-returned-d0db2027	prefix-111	1291
planned-blink	8	d0db2027	planned-blink-w8-returned-d0db2027	prefix-112	1300
planned-blink	8	d0db2027	planned-blink-w8-returned-d0db2027	prefix-113	1309
planned-blink	8	d0db2027	planned-blink-w8-returned-d0db2027	prefix-114	1318
planned-blink	8	d0db2027	planned-blink-w8-returned-d0db2027	prefix-115	1327
planned-blink	8	d0db2027	planned-blink-w8-returned-d0db2027	prefix-116	1336
planned-blink	8	d0db2027	planned-blink-w8-returned-d0db2027	prefix-117	1345
planned-blink	8	d0db2027	planned-blink-w8-returned-d0db2027	prefix-118	1354
planned-blink	8	d0db2027	planned-blink-w8-returned-d0db2027	prefix-119	1363
planned-blink	8	d0db2027	planned-blink-w8-returned-d0db2027	prefix-120	1372
planned-blink	8	d0db2027	planned-blink-w8-returned-d0db2027	prefix-121	1381
planned-blink	8	d0db2027	planned-blink-w8-returned-d0db2027	prefix-122	1390
planned-blink	8	d0db2027	planned-blink-w8-returned-d0db2027	prefix-123	1399
planned-blink	8	d0db2027	planned-blink-w8-returned-d0db2027	prefix-124	1408
planned-blink	8	d0db2027	planned-blink-w8-returned-d0db2027	prefix-125	1417
planned-blink	8	d0db2027	planned-blink-w8-returned-d0db2027	prefix-126	1426
planned-blink	8	d0db2027	planned-blink-w8-returned-d0db2027	prefix-127	1435
planned-blink	8	d0db2027	planned-blink-w8-returned-d0db2027	target	1444
planned-blink	8	d0db2027	planned-blink-w8-returned-d0db2027	post-recovery	1446
planned-blink	8	d0db2028	planned-blink-w8-returned-d0db2028	seed	283
planned-blink	8	d0db2028	planned-blink-w8-returned-d0db2028	prefix-000	292
planned-blink	8	d0db2028	planned-blink-w8-returned-d0db2028	prefix-001	301
planned-blink	8	d0db2028	planned-blink-w8-returned-d0db2028	prefix-002	310
planned-blink	8	d0db2028	planned-blink-w8-returned-d0db2028	prefix-003	319
planned-blink	8	d0db2028	planned-blink-w8-returned-d0db2028	prefix-004	328
planned-blink	8	d0db2028	planned-blink-w8-returned-d0db2028	prefix-005	337
planned-blink	8	d0db2028	planned-blink-w8-returned-d0db2028	prefix-006	346
planned-blink	8	d0db2028	planned-blink-w8-returned-d0db2028	prefix-007	355
planned-blink	8	d0db2028	planned-blink-w8-returned-d0db2028	prefix-008	364
planned-blink	8	d0db2028	planned-blink-w8-returned-d0db2028	prefix-009	373
planned-blink	8	d0db2028	planned-blink-w8-returned-d0db2028	prefix-010	382
planned-blink	8	d0db2028	planned-blink-w8-returned-d0db2028	prefix-011	391
planned-blink	8	d0db2028	planned-blink-w8-returned-d0db2028	prefix-012	400
planned-blink	8	d0db2028	planned-blink-w8-returned-d0db2028	prefix-013	409
planned-blink	8	d0db2028	planned-blink-w8-returned-d0db2028	prefix-014	418
planned-blink	8	d0db2028	planned-blink-w8-returned-d0db2028	prefix-015	427
planned-blink	8	d0db2028	planned-blink-w8-returned-d0db2028	prefix-016	436
planned-blink	8	d0db2028	planned-blink-w8-returned-d0db2028	prefix-017	445
planned-blink	8	d0db2028	planned-blink-w8-returned-d0db2028	prefix-018	454
planned-blink	8	d0db2028	planned-blink-w8-returned-d0db2028	prefix-019	463
planned-blink	8	d0db2028	planned-blink-w8-returned-d0db2028	prefix-020	472
planned-blink	8	d0db2028	planned-blink-w8-returned-d0db2028	prefix-021	481
planned-blink	8	d0db2028	planned-blink-w8-returned-d0db2028	prefix-022	490
planned-blink	8	d0db2028	planned-blink-w8-returned-d0db2028	prefix-023	499
planned-blink	8	d0db2028	planned-blink-w8-returned-d0db2028	prefix-024	508
planned-blink	8	d0db2028	planned-blink-w8-returned-d0db2028	prefix-025	517
planned-blink	8	d0db2028	planned-blink-w8-returned-d0db2028	prefix-026	526
planned-blink	8	d0db2028	planned-blink-w8-returned-d0db2028	prefix-027	535
planned-blink	8	d0db2028	planned-blink-w8-returned-d0db2028	prefix-028	544
planned-blink	8	d0db2028	planned-blink-w8-returned-d0db2028	prefix-029	553
planned-blink	8	d0db2028	planned-blink-w8-returned-d0db2028	prefix-030	562
planned-blink	8	d0db2028	planned-blink-w8-returned-d0db2028	prefix-031	571
planned-blink	8	d0db2028	planned-blink-w8-returned-d0db2028	prefix-032	580
planned-blink	8	d0db2028	planned-blink-w8-returned-d0db2028	prefix-033	589
planned-blink	8	d0db2028	planned-blink-w8-returned-d0db2028	prefix-034	598
planned-blink	8	d0db2028	planned-blink-w8-returned-d0db2028	prefix-035	607
planned-blink	8	d0db2028	planned-blink-w8-returned-d0db2028	prefix-036	616
planned-blink	8	d0db2028	planned-blink-w8-returned-d0db2028	prefix-037	625
planned-blink	8	d0db2028	planned-blink-w8-returned-d0db2028	prefix-038	634
planned-blink	8	d0db2028	planned-blink-w8-returned-d0db2028	prefix-039	643
planned-blink	8	d0db2028	planned-blink-w8-returned-d0db2028	prefix-040	652
planned-blink	8	d0db2028	planned-blink-w8-returned-d0db2028	prefix-041	661
planned-blink	8	d0db2028	planned-blink-w8-returned-d0db2028	prefix-042	670
planned-blink	8	d0db2028	planned-blink-w8-returned-d0db2028	prefix-043	679
planned-blink	8	d0db2028	planned-blink-w8-returned-d0db2028	prefix-044	688
planned-blink	8	d0db2028	planned-blink-w8-returned-d0db2028	prefix-045	697
planned-blink	8	d0db2028	planned-blink-w8-returned-d0db2028	prefix-046	706
planned-blink	8	d0db2028	planned-blink-w8-returned-d0db2028	prefix-047	715
planned-blink	8	d0db2028	planned-blink-w8-returned-d0db2028	prefix-048	724
planned-blink	8	d0db2028	planned-blink-w8-returned-d0db2028	prefix-049	733
planned-blink	8	d0db2028	planned-blink-w8-returned-d0db2028	prefix-050	742
planned-blink	8	d0db2028	planned-blink-w8-returned-d0db2028	prefix-051	751
planned-blink	8	d0db2028	planned-blink-w8-returned-d0db2028	prefix-052	760
planned-blink	8	d0db2028	planned-blink-w8-returned-d0db2028	prefix-053	769
planned-blink	8	d0db2028	planned-blink-w8-returned-d0db2028	prefix-054	778
planned-blink	8	d0db2028	planned-blink-w8-returned-d0db2028	prefix-055	787
planned-blink	8	d0db2028	planned-blink-w8-returned-d0db2028	prefix-056	796
planned-blink	8	d0db2028	planned-blink-w8-returned-d0db2028	prefix-057	805
planned-blink	8	d0db2028	planned-blink-w8-returned-d0db2028	prefix-058	814
planned-blink	8	d0db2028	planned-blink-w8-returned-d0db2028	prefix-059	823
planned-blink	8	d0db2028	planned-blink-w8-returned-d0db2028	prefix-060	832
planned-blink	8	d0db2028	planned-blink-w8-returned-d0db2028	prefix-061	841
planned-blink	8	d0db2028	planned-blink-w8-returned-d0db2028	prefix-062	850
planned-blink	8	d0db2028	planned-blink-w8-returned-d0db2028	prefix-063	859
planned-blink	8	d0db2028	planned-blink-w8-returned-d0db2028	prefix-064	868
planned-blink	8	d0db2028	planned-blink-w8-returned-d0db2028	prefix-065	877
planned-blink	8	d0db2028	planned-blink-w8-returned-d0db2028	prefix-066	886
planned-blink	8	d0db2028	planned-blink-w8-returned-d0db2028	prefix-067	895
planned-blink	8	d0db2028	planned-blink-w8-returned-d0db2028	prefix-068	904
planned-blink	8	d0db2028	planned-blink-w8-returned-d0db2028	prefix-069	913
planned-blink	8	d0db2028	planned-blink-w8-returned-d0db2028	prefix-070	922
planned-blink	8	d0db2028	planned-blink-w8-returned-d0db2028	prefix-071	931
planned-blink	8	d0db2028	planned-blink-w8-returned-d0db2028	prefix-072	940
planned-blink	8	d0db2028	planned-blink-w8-returned-d0db2028	prefix-073	949
planned-blink	8	d0db2028	planned-blink-w8-returned-d0db2028	prefix-074	958
planned-blink	8	d0db2028	planned-blink-w8-returned-d0db2028	prefix-075	967
planned-blink	8	d0db2028	planned-blink-w8-returned-d0db2028	prefix-076	976
planned-blink	8	d0db2028	planned-blink-w8-returned-d0db2028	prefix-077	985
planned-blink	8	d0db2028	planned-blink-w8-returned-d0db2028	prefix-078	994
planned-blink	8	d0db2028	planned-blink-w8-returned-d0db2028	prefix-079	1003
planned-blink	8	d0db2028	planned-blink-w8-returned-d0db2028	prefix-080	1012
planned-blink	8	d0db2028	planned-blink-w8-returned-d0db2028	prefix-081	1021
planned-blink	8	d0db2028	planned-blink-w8-returned-d0db2028	prefix-082	1030
planned-blink	8	d0db2028	planned-blink-w8-returned-d0db2028	prefix-083	1039
planned-blink	8	d0db2028	planned-blink-w8-returned-d0db2028	prefix-084	1048
planned-blink	8	d0db2028	planned-blink-w8-returned-d0db2028	prefix-085	1057
planned-blink	8	d0db2028	planned-blink-w8-returned-d0db2028	prefix-086	1066
planned-blink	8	d0db2028	planned-blink-w8-returned-d0db2028	prefix-087	1075
planned-blink	8	d0db2028	planned-blink-w8-returned-d0db2028	prefix-088	1084
planned-blink	8	d0db2028	planned-blink-w8-returned-d0db2028	prefix-089	1093
planned-blink	8	d0db2028	planned-blink-w8-returned-d0db2028	prefix-090	1102
planned-blink	8	d0db2028	planned-blink-w8-returned-d0db2028	prefix-091	1111
planned-blink	8	d0db2028	planned-blink-w8-returned-d0db2028	prefix-092	1120
planned-blink	8	d0db2028	planned-blink-w8-returned-d0db2028	prefix-093	1129
planned-blink	8	d0db2028	planned-blink-w8-returned-d0db2028	prefix-094	1138
planned-blink	8	d0db2028	planned-blink-w8-returned-d0db2028	prefix-095	1147
planned-blink	8	d0db2028	planned-blink-w8-returned-d0db2028	prefix-096	1156
planned-blink	8	d0db2028	planned-blink-w8-returned-d0db2028	prefix-097	1165
planned-blink	8	d0db2028	planned-blink-w8-returned-d0db2028	prefix-098	1174
planned-blink	8	d0db2028	planned-blink-w8-returned-d0db2028	prefix-099	1183
planned-blink	8	d0db2028	planned-blink-w8-returned-d0db2028	prefix-100	1192
planned-blink	8	d0db2028	planned-blink-w8-returned-d0db2028	prefix-101	1201
planned-blink	8	d0db2028	planned-blink-w8-returned-d0db2028	prefix-102	1210
planned-blink	8	d0db2028	planned-blink-w8-returned-d0db2028	prefix-103	1219
planned-blink	8	d0db2028	planned-blink-w8-returned-d0db2028	prefix-104	1228
planned-blink	8	d0db2028	planned-blink-w8-returned-d0db2028	prefix-105	1237
planned-blink	8	d0db2028	planned-blink-w8-returned-d0db2028	prefix-106	1246
planned-blink	8	d0db2028	planned-blink-w8-returned-d0db2028	prefix-107	1255
planned-blink	8	d0db2028	planned-blink-w8-returned-d0db2028	prefix-108	1264
planned-blink	8	d0db2028	planned-blink-w8-returned-d0db2028	prefix-109	1273
planned-blink	8	d0db2028	planned-blink-w8-returned-d0db2028	prefix-110	1282
planned-blink	8	d0db2028	planned-blink-w8-returned-d0db2028	prefix-111	1291
planned-blink	8	d0db2028	planned-blink-w8-returned-d0db2028	prefix-112	1300
planned-blink	8	d0db2028	planned-blink-w8-returned-d0db2028	prefix-113	1309
planned-blink	8	d0db2028	planned-blink-w8-returned-d0db2028	prefix-114	1318
planned-blink	8	d0db2028	planned-blink-w8-returned-d0db2028	prefix-115	1327
planned-blink	8	d0db2028	planned-blink-w8-returned-d0db2028	prefix-116	1336
planned-blink	8	d0db2028	planned-blink-w8-returned-d0db2028	prefix-117	1345
planned-blink	8	d0db2028	planned-blink-w8-returned-d0db2028	prefix-118	1354
planned-blink	8	d0db2028	planned-blink-w8-returned-d0db2028	prefix-119	1363
planned-blink	8	d0db2028	planned-blink-w8-returned-d0db2028	prefix-120	1372
planned-blink	8	d0db2028	planned-blink-w8-returned-d0db2028	prefix-121	1381
planned-blink	8	d0db2028	planned-blink-w8-returned-d0db2028	prefix-122	1390
planned-blink	8	d0db2028	planned-blink-w8-returned-d0db2028	prefix-123	1399
planned-blink	8	d0db2028	planned-blink-w8-returned-d0db2028	prefix-124	1408
planned-blink	8	d0db2028	planned-blink-w8-returned-d0db2028	prefix-125	1417
planned-blink	8	d0db2028	planned-blink-w8-returned-d0db2028	prefix-126	1426
planned-blink	8	d0db2028	planned-blink-w8-returned-d0db2028	prefix-127	1435
planned-blink	8	d0db2028	planned-blink-w8-returned-d0db2028	target	1444
planned-blink	8	d0db2028	planned-blink-w8-returned-d0db2028	post-recovery	1446
planned-blink	8	d0db2026	planned-blink-w8-before_wal_append-d0db2026	seed	283
planned-blink	8	d0db2026	planned-blink-w8-before_wal_append-d0db2026	prefix-000	292
planned-blink	8	d0db2026	planned-blink-w8-before_wal_append-d0db2026	prefix-001	301
planned-blink	8	d0db2026	planned-blink-w8-before_wal_append-d0db2026	prefix-002	310
planned-blink	8	d0db2026	planned-blink-w8-before_wal_append-d0db2026	prefix-003	319
planned-blink	8	d0db2026	planned-blink-w8-before_wal_append-d0db2026	prefix-004	328
planned-blink	8	d0db2026	planned-blink-w8-before_wal_append-d0db2026	prefix-005	337
planned-blink	8	d0db2026	planned-blink-w8-before_wal_append-d0db2026	prefix-006	346
planned-blink	8	d0db2026	planned-blink-w8-before_wal_append-d0db2026	prefix-007	355
planned-blink	8	d0db2026	planned-blink-w8-before_wal_append-d0db2026	prefix-008	364
planned-blink	8	d0db2026	planned-blink-w8-before_wal_append-d0db2026	prefix-009	373
planned-blink	8	d0db2026	planned-blink-w8-before_wal_append-d0db2026	prefix-010	382
planned-blink	8	d0db2026	planned-blink-w8-before_wal_append-d0db2026	prefix-011	391
planned-blink	8	d0db2026	planned-blink-w8-before_wal_append-d0db2026	prefix-012	400
planned-blink	8	d0db2026	planned-blink-w8-before_wal_append-d0db2026	prefix-013	409
planned-blink	8	d0db2026	planned-blink-w8-before_wal_append-d0db2026	prefix-014	418
planned-blink	8	d0db2026	planned-blink-w8-before_wal_append-d0db2026	prefix-015	427
planned-blink	8	d0db2026	planned-blink-w8-before_wal_append-d0db2026	prefix-016	436
planned-blink	8	d0db2026	planned-blink-w8-before_wal_append-d0db2026	prefix-017	445
planned-blink	8	d0db2026	planned-blink-w8-before_wal_append-d0db2026	prefix-018	454
planned-blink	8	d0db2026	planned-blink-w8-before_wal_append-d0db2026	prefix-019	463
planned-blink	8	d0db2026	planned-blink-w8-before_wal_append-d0db2026	prefix-020	472
planned-blink	8	d0db2026	planned-blink-w8-before_wal_append-d0db2026	prefix-021	481
planned-blink	8	d0db2026	planned-blink-w8-before_wal_append-d0db2026	prefix-022	490
planned-blink	8	d0db2026	planned-blink-w8-before_wal_append-d0db2026	prefix-023	499
planned-blink	8	d0db2026	planned-blink-w8-before_wal_append-d0db2026	prefix-024	508
planned-blink	8	d0db2026	planned-blink-w8-before_wal_append-d0db2026	prefix-025	517
planned-blink	8	d0db2026	planned-blink-w8-before_wal_append-d0db2026	prefix-026	526
planned-blink	8	d0db2026	planned-blink-w8-before_wal_append-d0db2026	prefix-027	535
planned-blink	8	d0db2026	planned-blink-w8-before_wal_append-d0db2026	prefix-028	544
planned-blink	8	d0db2026	planned-blink-w8-before_wal_append-d0db2026	prefix-029	553
planned-blink	8	d0db2026	planned-blink-w8-before_wal_append-d0db2026	prefix-030	562
planned-blink	8	d0db2026	planned-blink-w8-before_wal_append-d0db2026	prefix-031	571
planned-blink	8	d0db2026	planned-blink-w8-before_wal_append-d0db2026	prefix-032	580
planned-blink	8	d0db2026	planned-blink-w8-before_wal_append-d0db2026	prefix-033	589
planned-blink	8	d0db2026	planned-blink-w8-before_wal_append-d0db2026	prefix-034	598
planned-blink	8	d0db2026	planned-blink-w8-before_wal_append-d0db2026	prefix-035	607
planned-blink	8	d0db2026	planned-blink-w8-before_wal_append-d0db2026	prefix-036	616
planned-blink	8	d0db2026	planned-blink-w8-before_wal_append-d0db2026	prefix-037	625
planned-blink	8	d0db2026	planned-blink-w8-before_wal_append-d0db2026	prefix-038	634
planned-blink	8	d0db2026	planned-blink-w8-before_wal_append-d0db2026	prefix-039	643
planned-blink	8	d0db2026	planned-blink-w8-before_wal_append-d0db2026	prefix-040	652
planned-blink	8	d0db2026	planned-blink-w8-before_wal_append-d0db2026	prefix-041	661
planned-blink	8	d0db2026	planned-blink-w8-before_wal_append-d0db2026	prefix-042	670
planned-blink	8	d0db2026	planned-blink-w8-before_wal_append-d0db2026	prefix-043	679
planned-blink	8	d0db2026	planned-blink-w8-before_wal_append-d0db2026	prefix-044	688
planned-blink	8	d0db2026	planned-blink-w8-before_wal_append-d0db2026	prefix-045	697
planned-blink	8	d0db2026	planned-blink-w8-before_wal_append-d0db2026	prefix-046	706
planned-blink	8	d0db2026	planned-blink-w8-before_wal_append-d0db2026	prefix-047	715
planned-blink	8	d0db2026	planned-blink-w8-before_wal_append-d0db2026	prefix-048	724
planned-blink	8	d0db2026	planned-blink-w8-before_wal_append-d0db2026	prefix-049	733
planned-blink	8	d0db2026	planned-blink-w8-before_wal_append-d0db2026	prefix-050	742
planned-blink	8	d0db2026	planned-blink-w8-before_wal_append-d0db2026	prefix-051	751
planned-blink	8	d0db2026	planned-blink-w8-before_wal_append-d0db2026	prefix-052	760
planned-blink	8	d0db2026	planned-blink-w8-before_wal_append-d0db2026	prefix-053	769
planned-blink	8	d0db2026	planned-blink-w8-before_wal_append-d0db2026	prefix-054	778
planned-blink	8	d0db2026	planned-blink-w8-before_wal_append-d0db2026	prefix-055	787
planned-blink	8	d0db2026	planned-blink-w8-before_wal_append-d0db2026	prefix-056	796
planned-blink	8	d0db2026	planned-blink-w8-before_wal_append-d0db2026	prefix-057	805
planned-blink	8	d0db2026	planned-blink-w8-before_wal_append-d0db2026	prefix-058	814
planned-blink	8	d0db2026	planned-blink-w8-before_wal_append-d0db2026	prefix-059	823
planned-blink	8	d0db2026	planned-blink-w8-before_wal_append-d0db2026	prefix-060	832
planned-blink	8	d0db2026	planned-blink-w8-before_wal_append-d0db2026	prefix-061	841
planned-blink	8	d0db2026	planned-blink-w8-before_wal_append-d0db2026	prefix-062	850
planned-blink	8	d0db2026	planned-blink-w8-before_wal_append-d0db2026	prefix-063	859
planned-blink	8	d0db2026	planned-blink-w8-before_wal_append-d0db2026	prefix-064	868
planned-blink	8	d0db2026	planned-blink-w8-before_wal_append-d0db2026	prefix-065	877
planned-blink	8	d0db2026	planned-blink-w8-before_wal_append-d0db2026	prefix-066	886
planned-blink	8	d0db2026	planned-blink-w8-before_wal_append-d0db2026	prefix-067	895
planned-blink	8	d0db2026	planned-blink-w8-before_wal_append-d0db2026	prefix-068	904
planned-blink	8	d0db2026	planned-blink-w8-before_wal_append-d0db2026	prefix-069	913
planned-blink	8	d0db2026	planned-blink-w8-before_wal_append-d0db2026	prefix-070	922
planned-blink	8	d0db2026	planned-blink-w8-before_wal_append-d0db2026	prefix-071	931
planned-blink	8	d0db2026	planned-blink-w8-before_wal_append-d0db2026	prefix-072	940
planned-blink	8	d0db2026	planned-blink-w8-before_wal_append-d0db2026	prefix-073	949
planned-blink	8	d0db2026	planned-blink-w8-before_wal_append-d0db2026	prefix-074	958
planned-blink	8	d0db2026	planned-blink-w8-before_wal_append-d0db2026	prefix-075	967
planned-blink	8	d0db2026	planned-blink-w8-before_wal_append-d0db2026	prefix-076	976
planned-blink	8	d0db2026	planned-blink-w8-before_wal_append-d0db2026	prefix-077	985
planned-blink	8	d0db2026	planned-blink-w8-before_wal_append-d0db2026	prefix-078	994
planned-blink	8	d0db2026	planned-blink-w8-before_wal_append-d0db2026	prefix-079	1003
planned-blink	8	d0db2026	planned-blink-w8-before_wal_append-d0db2026	prefix-080	1012
planned-blink	8	d0db2026	planned-blink-w8-before_wal_append-d0db2026	prefix-081	1021
planned-blink	8	d0db2026	planned-blink-w8-before_wal_append-d0db2026	prefix-082	1030
planned-blink	8	d0db2026	planned-blink-w8-before_wal_append-d0db2026	prefix-083	1039
planned-blink	8	d0db2026	planned-blink-w8-before_wal_append-d0db2026	prefix-084	1048
planned-blink	8	d0db2026	planned-blink-w8-before_wal_append-d0db2026	prefix-085	1057
planned-blink	8	d0db2026	planned-blink-w8-before_wal_append-d0db2026	prefix-086	1066
planned-blink	8	d0db2026	planned-blink-w8-before_wal_append-d0db2026	prefix-087	1075
planned-blink	8	d0db2026	planned-blink-w8-before_wal_append-d0db2026	prefix-088	1084
planned-blink	8	d0db2026	planned-blink-w8-before_wal_append-d0db2026	prefix-089	1093
planned-blink	8	d0db2026	planned-blink-w8-before_wal_append-d0db2026	prefix-090	1102
planned-blink	8	d0db2026	planned-blink-w8-before_wal_append-d0db2026	prefix-091	1111
planned-blink	8	d0db2026	planned-blink-w8-before_wal_append-d0db2026	prefix-092	1120
planned-blink	8	d0db2026	planned-blink-w8-before_wal_append-d0db2026	prefix-093	1129
planned-blink	8	d0db2026	planned-blink-w8-before_wal_append-d0db2026	prefix-094	1138
planned-blink	8	d0db2026	planned-blink-w8-before_wal_append-d0db2026	prefix-095	1147
planned-blink	8	d0db2026	planned-blink-w8-before_wal_append-d0db2026	prefix-096	1156
planned-blink	8	d0db2026	planned-blink-w8-before_wal_append-d0db2026	prefix-097	1165
planned-blink	8	d0db2026	planned-blink-w8-before_wal_append-d0db2026	prefix-098	1174
planned-blink	8	d0db2026	planned-blink-w8-before_wal_append-d0db2026	prefix-099	1183
planned-blink	8	d0db2026	planned-blink-w8-before_wal_append-d0db2026	prefix-100	1192
planned-blink	8	d0db2026	planned-blink-w8-before_wal_append-d0db2026	prefix-101	1201
planned-blink	8	d0db2026	planned-blink-w8-before_wal_append-d0db2026	prefix-102	1210
planned-blink	8	d0db2026	planned-blink-w8-before_wal_append-d0db2026	prefix-103	1219
planned-blink	8	d0db2026	planned-blink-w8-before_wal_append-d0db2026	prefix-104	1228
planned-blink	8	d0db2026	planned-blink-w8-before_wal_append-d0db2026	prefix-105	1237
planned-blink	8	d0db2026	planned-blink-w8-before_wal_append-d0db2026	prefix-106	1246
planned-blink	8	d0db2026	planned-blink-w8-before_wal_append-d0db2026	prefix-107	1255
planned-blink	8	d0db2026	planned-blink-w8-before_wal_append-d0db2026	prefix-108	1264
planned-blink	8	d0db2026	planned-blink-w8-before_wal_append-d0db2026	prefix-109	1273
planned-blink	8	d0db2026	planned-blink-w8-before_wal_append-d0db2026	prefix-110	1282
planned-blink	8	d0db2026	planned-blink-w8-before_wal_append-d0db2026	prefix-111	1291
planned-blink	8	d0db2026	planned-blink-w8-before_wal_append-d0db2026	prefix-112	1300
planned-blink	8	d0db2026	planned-blink-w8-before_wal_append-d0db2026	prefix-113	1309
planned-blink	8	d0db2026	planned-blink-w8-before_wal_append-d0db2026	prefix-114	1318
planned-blink	8	d0db2026	planned-blink-w8-before_wal_append-d0db2026	prefix-115	1327
planned-blink	8	d0db2026	planned-blink-w8-before_wal_append-d0db2026	prefix-116	1336
planned-blink	8	d0db2026	planned-blink-w8-before_wal_append-d0db2026	prefix-117	1345
planned-blink	8	d0db2026	planned-blink-w8-before_wal_append-d0db2026	prefix-118	1354
planned-blink	8	d0db2026	planned-blink-w8-before_wal_append-d0db2026	prefix-119	1363
planned-blink	8	d0db2026	planned-blink-w8-before_wal_append-d0db2026	prefix-120	1372
planned-blink	8	d0db2026	planned-blink-w8-before_wal_append-d0db2026	prefix-121	1381
planned-blink	8	d0db2026	planned-blink-w8-before_wal_append-d0db2026	prefix-122	1390
planned-blink	8	d0db2026	planned-blink-w8-before_wal_append-d0db2026	prefix-123	1399
planned-blink	8	d0db2026	planned-blink-w8-before_wal_append-d0db2026	prefix-124	1408
planned-blink	8	d0db2026	planned-blink-w8-before_wal_append-d0db2026	prefix-125	1417
planned-blink	8	d0db2026	planned-blink-w8-before_wal_append-d0db2026	prefix-126	1426
planned-blink	8	d0db2026	planned-blink-w8-before_wal_append-d0db2026	prefix-127	1435
planned-blink	8	d0db2026	planned-blink-w8-before_wal_append-d0db2026	post-recovery	1437
planned-blink	8	d0db2027	planned-blink-w8-before_wal_append-d0db2027	seed	283
planned-blink	8	d0db2027	planned-blink-w8-before_wal_append-d0db2027	prefix-000	292
planned-blink	8	d0db2027	planned-blink-w8-before_wal_append-d0db2027	prefix-001	301
planned-blink	8	d0db2027	planned-blink-w8-before_wal_append-d0db2027	prefix-002	310
planned-blink	8	d0db2027	planned-blink-w8-before_wal_append-d0db2027	prefix-003	319
planned-blink	8	d0db2027	planned-blink-w8-before_wal_append-d0db2027	prefix-004	328
planned-blink	8	d0db2027	planned-blink-w8-before_wal_append-d0db2027	prefix-005	337
planned-blink	8	d0db2027	planned-blink-w8-before_wal_append-d0db2027	prefix-006	346
planned-blink	8	d0db2027	planned-blink-w8-before_wal_append-d0db2027	prefix-007	355
planned-blink	8	d0db2027	planned-blink-w8-before_wal_append-d0db2027	prefix-008	364
planned-blink	8	d0db2027	planned-blink-w8-before_wal_append-d0db2027	prefix-009	373
planned-blink	8	d0db2027	planned-blink-w8-before_wal_append-d0db2027	prefix-010	382
planned-blink	8	d0db2027	planned-blink-w8-before_wal_append-d0db2027	prefix-011	391
planned-blink	8	d0db2027	planned-blink-w8-before_wal_append-d0db2027	prefix-012	400
planned-blink	8	d0db2027	planned-blink-w8-before_wal_append-d0db2027	prefix-013	409
planned-blink	8	d0db2027	planned-blink-w8-before_wal_append-d0db2027	prefix-014	418
planned-blink	8	d0db2027	planned-blink-w8-before_wal_append-d0db2027	prefix-015	427
planned-blink	8	d0db2027	planned-blink-w8-before_wal_append-d0db2027	prefix-016	436
planned-blink	8	d0db2027	planned-blink-w8-before_wal_append-d0db2027	prefix-017	445
planned-blink	8	d0db2027	planned-blink-w8-before_wal_append-d0db2027	prefix-018	454
planned-blink	8	d0db2027	planned-blink-w8-before_wal_append-d0db2027	prefix-019	463
planned-blink	8	d0db2027	planned-blink-w8-before_wal_append-d0db2027	prefix-020	472
planned-blink	8	d0db2027	planned-blink-w8-before_wal_append-d0db2027	prefix-021	481
planned-blink	8	d0db2027	planned-blink-w8-before_wal_append-d0db2027	prefix-022	490
planned-blink	8	d0db2027	planned-blink-w8-before_wal_append-d0db2027	prefix-023	499
planned-blink	8	d0db2027	planned-blink-w8-before_wal_append-d0db2027	prefix-024	508
planned-blink	8	d0db2027	planned-blink-w8-before_wal_append-d0db2027	prefix-025	517
planned-blink	8	d0db2027	planned-blink-w8-before_wal_append-d0db2027	prefix-026	526
planned-blink	8	d0db2027	planned-blink-w8-before_wal_append-d0db2027	prefix-027	535
planned-blink	8	d0db2027	planned-blink-w8-before_wal_append-d0db2027	prefix-028	544
planned-blink	8	d0db2027	planned-blink-w8-before_wal_append-d0db2027	prefix-029	553
planned-blink	8	d0db2027	planned-blink-w8-before_wal_append-d0db2027	prefix-030	562
planned-blink	8	d0db2027	planned-blink-w8-before_wal_append-d0db2027	prefix-031	571
planned-blink	8	d0db2027	planned-blink-w8-before_wal_append-d0db2027	prefix-032	580
planned-blink	8	d0db2027	planned-blink-w8-before_wal_append-d0db2027	prefix-033	589
planned-blink	8	d0db2027	planned-blink-w8-before_wal_append-d0db2027	prefix-034	598
planned-blink	8	d0db2027	planned-blink-w8-before_wal_append-d0db2027	prefix-035	607
planned-blink	8	d0db2027	planned-blink-w8-before_wal_append-d0db2027	prefix-036	616
planned-blink	8	d0db2027	planned-blink-w8-before_wal_append-d0db2027	prefix-037	625
planned-blink	8	d0db2027	planned-blink-w8-before_wal_append-d0db2027	prefix-038	634
planned-blink	8	d0db2027	planned-blink-w8-before_wal_append-d0db2027	prefix-039	643
planned-blink	8	d0db2027	planned-blink-w8-before_wal_append-d0db2027	prefix-040	652
planned-blink	8	d0db2027	planned-blink-w8-before_wal_append-d0db2027	prefix-041	661
planned-blink	8	d0db2027	planned-blink-w8-before_wal_append-d0db2027	prefix-042	670
planned-blink	8	d0db2027	planned-blink-w8-before_wal_append-d0db2027	prefix-043	679
planned-blink	8	d0db2027	planned-blink-w8-before_wal_append-d0db2027	prefix-044	688
planned-blink	8	d0db2027	planned-blink-w8-before_wal_append-d0db2027	prefix-045	697
planned-blink	8	d0db2027	planned-blink-w8-before_wal_append-d0db2027	prefix-046	706
planned-blink	8	d0db2027	planned-blink-w8-before_wal_append-d0db2027	prefix-047	715
planned-blink	8	d0db2027	planned-blink-w8-before_wal_append-d0db2027	prefix-048	724
planned-blink	8	d0db2027	planned-blink-w8-before_wal_append-d0db2027	prefix-049	733
planned-blink	8	d0db2027	planned-blink-w8-before_wal_append-d0db2027	prefix-050	742
planned-blink	8	d0db2027	planned-blink-w8-before_wal_append-d0db2027	prefix-051	751
planned-blink	8	d0db2027	planned-blink-w8-before_wal_append-d0db2027	prefix-052	760
planned-blink	8	d0db2027	planned-blink-w8-before_wal_append-d0db2027	prefix-053	769
planned-blink	8	d0db2027	planned-blink-w8-before_wal_append-d0db2027	prefix-054	778
planned-blink	8	d0db2027	planned-blink-w8-before_wal_append-d0db2027	prefix-055	787
planned-blink	8	d0db2027	planned-blink-w8-before_wal_append-d0db2027	prefix-056	796
planned-blink	8	d0db2027	planned-blink-w8-before_wal_append-d0db2027	prefix-057	805
planned-blink	8	d0db2027	planned-blink-w8-before_wal_append-d0db2027	prefix-058	814
planned-blink	8	d0db2027	planned-blink-w8-before_wal_append-d0db2027	prefix-059	823
planned-blink	8	d0db2027	planned-blink-w8-before_wal_append-d0db2027	prefix-060	832
planned-blink	8	d0db2027	planned-blink-w8-before_wal_append-d0db2027	prefix-061	841
planned-blink	8	d0db2027	planned-blink-w8-before_wal_append-d0db2027	prefix-062	850
planned-blink	8	d0db2027	planned-blink-w8-before_wal_append-d0db2027	prefix-063	859
planned-blink	8	d0db2027	planned-blink-w8-before_wal_append-d0db2027	prefix-064	868
planned-blink	8	d0db2027	planned-blink-w8-before_wal_append-d0db2027	prefix-065	877
planned-blink	8	d0db2027	planned-blink-w8-before_wal_append-d0db2027	prefix-066	886
planned-blink	8	d0db2027	planned-blink-w8-before_wal_append-d0db2027	prefix-067	895
planned-blink	8	d0db2027	planned-blink-w8-before_wal_append-d0db2027	prefix-068	904
planned-blink	8	d0db2027	planned-blink-w8-before_wal_append-d0db2027	prefix-069	913
planned-blink	8	d0db2027	planned-blink-w8-before_wal_append-d0db2027	prefix-070	922
planned-blink	8	d0db2027	planned-blink-w8-before_wal_append-d0db2027	prefix-071	931
planned-blink	8	d0db2027	planned-blink-w8-before_wal_append-d0db2027	prefix-072	940
planned-blink	8	d0db2027	planned-blink-w8-before_wal_append-d0db2027	prefix-073	949
planned-blink	8	d0db2027	planned-blink-w8-before_wal_append-d0db2027	prefix-074	958
planned-blink	8	d0db2027	planned-blink-w8-before_wal_append-d0db2027	prefix-075	967
planned-blink	8	d0db2027	planned-blink-w8-before_wal_append-d0db2027	prefix-076	976
planned-blink	8	d0db2027	planned-blink-w8-before_wal_append-d0db2027	prefix-077	985
planned-blink	8	d0db2027	planned-blink-w8-before_wal_append-d0db2027	prefix-078	994
planned-blink	8	d0db2027	planned-blink-w8-before_wal_append-d0db2027	prefix-079	1003
planned-blink	8	d0db2027	planned-blink-w8-before_wal_append-d0db2027	prefix-080	1012
planned-blink	8	d0db2027	planned-blink-w8-before_wal_append-d0db2027	prefix-081	1021
planned-blink	8	d0db2027	planned-blink-w8-before_wal_append-d0db2027	prefix-082	1030
planned-blink	8	d0db2027	planned-blink-w8-before_wal_append-d0db2027	prefix-083	1039
planned-blink	8	d0db2027	planned-blink-w8-before_wal_append-d0db2027	prefix-084	1048
planned-blink	8	d0db2027	planned-blink-w8-before_wal_append-d0db2027	prefix-085	1057
planned-blink	8	d0db2027	planned-blink-w8-before_wal_append-d0db2027	prefix-086	1066
planned-blink	8	d0db2027	planned-blink-w8-before_wal_append-d0db2027	prefix-087	1075
planned-blink	8	d0db2027	planned-blink-w8-before_wal_append-d0db2027	prefix-088	1084
planned-blink	8	d0db2027	planned-blink-w8-before_wal_append-d0db2027	prefix-089	1093
planned-blink	8	d0db2027	planned-blink-w8-before_wal_append-d0db2027	prefix-090	1102
planned-blink	8	d0db2027	planned-blink-w8-before_wal_append-d0db2027	prefix-091	1111
planned-blink	8	d0db2027	planned-blink-w8-before_wal_append-d0db2027	prefix-092	1120
planned-blink	8	d0db2027	planned-blink-w8-before_wal_append-d0db2027	prefix-093	1129
planned-blink	8	d0db2027	planned-blink-w8-before_wal_append-d0db2027	prefix-094	1138
planned-blink	8	d0db2027	planned-blink-w8-before_wal_append-d0db2027	prefix-095	1147
planned-blink	8	d0db2027	planned-blink-w8-before_wal_append-d0db2027	prefix-096	1156
planned-blink	8	d0db2027	planned-blink-w8-before_wal_append-d0db2027	prefix-097	1165
planned-blink	8	d0db2027	planned-blink-w8-before_wal_append-d0db2027	prefix-098	1174
planned-blink	8	d0db2027	planned-blink-w8-before_wal_append-d0db2027	prefix-099	1183
planned-blink	8	d0db2027	planned-blink-w8-before_wal_append-d0db2027	prefix-100	1192
planned-blink	8	d0db2027	planned-blink-w8-before_wal_append-d0db2027	prefix-101	1201
planned-blink	8	d0db2027	planned-blink-w8-before_wal_append-d0db2027	prefix-102	1210
planned-blink	8	d0db2027	planned-blink-w8-before_wal_append-d0db2027	prefix-103	1219
planned-blink	8	d0db2027	planned-blink-w8-before_wal_append-d0db2027	prefix-104	1228
planned-blink	8	d0db2027	planned-blink-w8-before_wal_append-d0db2027	prefix-105	1237
planned-blink	8	d0db2027	planned-blink-w8-before_wal_append-d0db2027	prefix-106	1246
planned-blink	8	d0db2027	planned-blink-w8-before_wal_append-d0db2027	prefix-107	1255
planned-blink	8	d0db2027	planned-blink-w8-before_wal_append-d0db2027	prefix-108	1264
planned-blink	8	d0db2027	planned-blink-w8-before_wal_append-d0db2027	prefix-109	1273
planned-blink	8	d0db2027	planned-blink-w8-before_wal_append-d0db2027	prefix-110	1282
planned-blink	8	d0db2027	planned-blink-w8-before_wal_append-d0db2027	prefix-111	1291
planned-blink	8	d0db2027	planned-blink-w8-before_wal_append-d0db2027	prefix-112	1300
planned-blink	8	d0db2027	planned-blink-w8-before_wal_append-d0db2027	prefix-113	1309
planned-blink	8	d0db2027	planned-blink-w8-before_wal_append-d0db2027	prefix-114	1318
planned-blink	8	d0db2027	planned-blink-w8-before_wal_append-d0db2027	prefix-115	1327
planned-blink	8	d0db2027	planned-blink-w8-before_wal_append-d0db2027	prefix-116	1336
planned-blink	8	d0db2027	planned-blink-w8-before_wal_append-d0db2027	prefix-117	1345
planned-blink	8	d0db2027	planned-blink-w8-before_wal_append-d0db2027	prefix-118	1354
planned-blink	8	d0db2027	planned-blink-w8-before_wal_append-d0db2027	prefix-119	1363
planned-blink	8	d0db2027	planned-blink-w8-before_wal_append-d0db2027	prefix-120	1372
planned-blink	8	d0db2027	planned-blink-w8-before_wal_append-d0db2027	prefix-121	1381
planned-blink	8	d0db2027	planned-blink-w8-before_wal_append-d0db2027	prefix-122	1390
planned-blink	8	d0db2027	planned-blink-w8-before_wal_append-d0db2027	prefix-123	1399
planned-blink	8	d0db2027	planned-blink-w8-before_wal_append-d0db2027	prefix-124	1408
planned-blink	8	d0db2027	planned-blink-w8-before_wal_append-d0db2027	prefix-125	1417
planned-blink	8	d0db2027	planned-blink-w8-before_wal_append-d0db2027	prefix-126	1426
planned-blink	8	d0db2027	planned-blink-w8-before_wal_append-d0db2027	prefix-127	1435
planned-blink	8	d0db2027	planned-blink-w8-before_wal_append-d0db2027	post-recovery	1437
planned-blink	8	d0db2028	planned-blink-w8-before_wal_append-d0db2028	seed	283
planned-blink	8	d0db2028	planned-blink-w8-before_wal_append-d0db2028	prefix-000	292
planned-blink	8	d0db2028	planned-blink-w8-before_wal_append-d0db2028	prefix-001	301
planned-blink	8	d0db2028	planned-blink-w8-before_wal_append-d0db2028	prefix-002	310
planned-blink	8	d0db2028	planned-blink-w8-before_wal_append-d0db2028	prefix-003	319
planned-blink	8	d0db2028	planned-blink-w8-before_wal_append-d0db2028	prefix-004	328
planned-blink	8	d0db2028	planned-blink-w8-before_wal_append-d0db2028	prefix-005	337
planned-blink	8	d0db2028	planned-blink-w8-before_wal_append-d0db2028	prefix-006	346
planned-blink	8	d0db2028	planned-blink-w8-before_wal_append-d0db2028	prefix-007	355
planned-blink	8	d0db2028	planned-blink-w8-before_wal_append-d0db2028	prefix-008	364
planned-blink	8	d0db2028	planned-blink-w8-before_wal_append-d0db2028	prefix-009	373
planned-blink	8	d0db2028	planned-blink-w8-before_wal_append-d0db2028	prefix-010	382
planned-blink	8	d0db2028	planned-blink-w8-before_wal_append-d0db2028	prefix-011	391
planned-blink	8	d0db2028	planned-blink-w8-before_wal_append-d0db2028	prefix-012	400
planned-blink	8	d0db2028	planned-blink-w8-before_wal_append-d0db2028	prefix-013	409
planned-blink	8	d0db2028	planned-blink-w8-before_wal_append-d0db2028	prefix-014	418
planned-blink	8	d0db2028	planned-blink-w8-before_wal_append-d0db2028	prefix-015	427
planned-blink	8	d0db2028	planned-blink-w8-before_wal_append-d0db2028	prefix-016	436
planned-blink	8	d0db2028	planned-blink-w8-before_wal_append-d0db2028	prefix-017	445
planned-blink	8	d0db2028	planned-blink-w8-before_wal_append-d0db2028	prefix-018	454
planned-blink	8	d0db2028	planned-blink-w8-before_wal_append-d0db2028	prefix-019	463
planned-blink	8	d0db2028	planned-blink-w8-before_wal_append-d0db2028	prefix-020	472
planned-blink	8	d0db2028	planned-blink-w8-before_wal_append-d0db2028	prefix-021	481
planned-blink	8	d0db2028	planned-blink-w8-before_wal_append-d0db2028	prefix-022	490
planned-blink	8	d0db2028	planned-blink-w8-before_wal_append-d0db2028	prefix-023	499
planned-blink	8	d0db2028	planned-blink-w8-before_wal_append-d0db2028	prefix-024	508
planned-blink	8	d0db2028	planned-blink-w8-before_wal_append-d0db2028	prefix-025	517
planned-blink	8	d0db2028	planned-blink-w8-before_wal_append-d0db2028	prefix-026	526
planned-blink	8	d0db2028	planned-blink-w8-before_wal_append-d0db2028	prefix-027	535
planned-blink	8	d0db2028	planned-blink-w8-before_wal_append-d0db2028	prefix-028	544
planned-blink	8	d0db2028	planned-blink-w8-before_wal_append-d0db2028	prefix-029	553
planned-blink	8	d0db2028	planned-blink-w8-before_wal_append-d0db2028	prefix-030	562
planned-blink	8	d0db2028	planned-blink-w8-before_wal_append-d0db2028	prefix-031	571
planned-blink	8	d0db2028	planned-blink-w8-before_wal_append-d0db2028	prefix-032	580
planned-blink	8	d0db2028	planned-blink-w8-before_wal_append-d0db2028	prefix-033	589
planned-blink	8	d0db2028	planned-blink-w8-before_wal_append-d0db2028	prefix-034	598
planned-blink	8	d0db2028	planned-blink-w8-before_wal_append-d0db2028	prefix-035	607
planned-blink	8	d0db2028	planned-blink-w8-before_wal_append-d0db2028	prefix-036	616
planned-blink	8	d0db2028	planned-blink-w8-before_wal_append-d0db2028	prefix-037	625
planned-blink	8	d0db2028	planned-blink-w8-before_wal_append-d0db2028	prefix-038	634
planned-blink	8	d0db2028	planned-blink-w8-before_wal_append-d0db2028	prefix-039	643
planned-blink	8	d0db2028	planned-blink-w8-before_wal_append-d0db2028	prefix-040	652
planned-blink	8	d0db2028	planned-blink-w8-before_wal_append-d0db2028	prefix-041	661
planned-blink	8	d0db2028	planned-blink-w8-before_wal_append-d0db2028	prefix-042	670
planned-blink	8	d0db2028	planned-blink-w8-before_wal_append-d0db2028	prefix-043	679
planned-blink	8	d0db2028	planned-blink-w8-before_wal_append-d0db2028	prefix-044	688
planned-blink	8	d0db2028	planned-blink-w8-before_wal_append-d0db2028	prefix-045	697
planned-blink	8	d0db2028	planned-blink-w8-before_wal_append-d0db2028	prefix-046	706
planned-blink	8	d0db2028	planned-blink-w8-before_wal_append-d0db2028	prefix-047	715
planned-blink	8	d0db2028	planned-blink-w8-before_wal_append-d0db2028	prefix-048	724
planned-blink	8	d0db2028	planned-blink-w8-before_wal_append-d0db2028	prefix-049	733
planned-blink	8	d0db2028	planned-blink-w8-before_wal_append-d0db2028	prefix-050	742
planned-blink	8	d0db2028	planned-blink-w8-before_wal_append-d0db2028	prefix-051	751
planned-blink	8	d0db2028	planned-blink-w8-before_wal_append-d0db2028	prefix-052	760
planned-blink	8	d0db2028	planned-blink-w8-before_wal_append-d0db2028	prefix-053	769
planned-blink	8	d0db2028	planned-blink-w8-before_wal_append-d0db2028	prefix-054	778
planned-blink	8	d0db2028	planned-blink-w8-before_wal_append-d0db2028	prefix-055	787
planned-blink	8	d0db2028	planned-blink-w8-before_wal_append-d0db2028	prefix-056	796
planned-blink	8	d0db2028	planned-blink-w8-before_wal_append-d0db2028	prefix-057	805
planned-blink	8	d0db2028	planned-blink-w8-before_wal_append-d0db2028	prefix-058	814
planned-blink	8	d0db2028	planned-blink-w8-before_wal_append-d0db2028	prefix-059	823
planned-blink	8	d0db2028	planned-blink-w8-before_wal_append-d0db2028	prefix-060	832
planned-blink	8	d0db2028	planned-blink-w8-before_wal_append-d0db2028	prefix-061	841
planned-blink	8	d0db2028	planned-blink-w8-before_wal_append-d0db2028	prefix-062	850
planned-blink	8	d0db2028	planned-blink-w8-before_wal_append-d0db2028	prefix-063	859
planned-blink	8	d0db2028	planned-blink-w8-before_wal_append-d0db2028	prefix-064	868
planned-blink	8	d0db2028	planned-blink-w8-before_wal_append-d0db2028	prefix-065	877
planned-blink	8	d0db2028	planned-blink-w8-before_wal_append-d0db2028	prefix-066	886
planned-blink	8	d0db2028	planned-blink-w8-before_wal_append-d0db2028	prefix-067	895
planned-blink	8	d0db2028	planned-blink-w8-before_wal_append-d0db2028	prefix-068	904
planned-blink	8	d0db2028	planned-blink-w8-before_wal_append-d0db2028	prefix-069	913
planned-blink	8	d0db2028	planned-blink-w8-before_wal_append-d0db2028	prefix-070	922
planned-blink	8	d0db2028	planned-blink-w8-before_wal_append-d0db2028	prefix-071	931
planned-blink	8	d0db2028	planned-blink-w8-before_wal_append-d0db2028	prefix-072	940
planned-blink	8	d0db2028	planned-blink-w8-before_wal_append-d0db2028	prefix-073	949
planned-blink	8	d0db2028	planned-blink-w8-before_wal_append-d0db2028	prefix-074	958
planned-blink	8	d0db2028	planned-blink-w8-before_wal_append-d0db2028	prefix-075	967
planned-blink	8	d0db2028	planned-blink-w8-before_wal_append-d0db2028	prefix-076	976
planned-blink	8	d0db2028	planned-blink-w8-before_wal_append-d0db2028	prefix-077	985
planned-blink	8	d0db2028	planned-blink-w8-before_wal_append-d0db2028	prefix-078	994
planned-blink	8	d0db2028	planned-blink-w8-before_wal_append-d0db2028	prefix-079	1003
planned-blink	8	d0db2028	planned-blink-w8-before_wal_append-d0db2028	prefix-080	1012
planned-blink	8	d0db2028	planned-blink-w8-before_wal_append-d0db2028	prefix-081	1021
planned-blink	8	d0db2028	planned-blink-w8-before_wal_append-d0db2028	prefix-082	1030
planned-blink	8	d0db2028	planned-blink-w8-before_wal_append-d0db2028	prefix-083	1039
planned-blink	8	d0db2028	planned-blink-w8-before_wal_append-d0db2028	prefix-084	1048
planned-blink	8	d0db2028	planned-blink-w8-before_wal_append-d0db2028	prefix-085	1057
planned-blink	8	d0db2028	planned-blink-w8-before_wal_append-d0db2028	prefix-086	1066
planned-blink	8	d0db2028	planned-blink-w8-before_wal_append-d0db2028	prefix-087	1075
planned-blink	8	d0db2028	planned-blink-w8-before_wal_append-d0db2028	prefix-088	1084
planned-blink	8	d0db2028	planned-blink-w8-before_wal_append-d0db2028	prefix-089	1093
planned-blink	8	d0db2028	planned-blink-w8-before_wal_append-d0db2028	prefix-090	1102
planned-blink	8	d0db2028	planned-blink-w8-before_wal_append-d0db2028	prefix-091	1111
planned-blink	8	d0db2028	planned-blink-w8-before_wal_append-d0db2028	prefix-092	1120
planned-blink	8	d0db2028	planned-blink-w8-before_wal_append-d0db2028	prefix-093	1129
planned-blink	8	d0db2028	planned-blink-w8-before_wal_append-d0db2028	prefix-094	1138
planned-blink	8	d0db2028	planned-blink-w8-before_wal_append-d0db2028	prefix-095	1147
planned-blink	8	d0db2028	planned-blink-w8-before_wal_append-d0db2028	prefix-096	1156
planned-blink	8	d0db2028	planned-blink-w8-before_wal_append-d0db2028	prefix-097	1165
planned-blink	8	d0db2028	planned-blink-w8-before_wal_append-d0db2028	prefix-098	1174
planned-blink	8	d0db2028	planned-blink-w8-before_wal_append-d0db2028	prefix-099	1183
planned-blink	8	d0db2028	planned-blink-w8-before_wal_append-d0db2028	prefix-100	1192
planned-blink	8	d0db2028	planned-blink-w8-before_wal_append-d0db2028	prefix-101	1201
planned-blink	8	d0db2028	planned-blink-w8-before_wal_append-d0db2028	prefix-102	1210
planned-blink	8	d0db2028	planned-blink-w8-before_wal_append-d0db2028	prefix-103	1219
planned-blink	8	d0db2028	planned-blink-w8-before_wal_append-d0db2028	prefix-104	1228
planned-blink	8	d0db2028	planned-blink-w8-before_wal_append-d0db2028	prefix-105	1237
planned-blink	8	d0db2028	planned-blink-w8-before_wal_append-d0db2028	prefix-106	1246
planned-blink	8	d0db2028	planned-blink-w8-before_wal_append-d0db2028	prefix-107	1255
planned-blink	8	d0db2028	planned-blink-w8-before_wal_append-d0db2028	prefix-108	1264
planned-blink	8	d0db2028	planned-blink-w8-before_wal_append-d0db2028	prefix-109	1273
planned-blink	8	d0db2028	planned-blink-w8-before_wal_append-d0db2028	prefix-110	1282
planned-blink	8	d0db2028	planned-blink-w8-before_wal_append-d0db2028	prefix-111	1291
planned-blink	8	d0db2028	planned-blink-w8-before_wal_append-d0db2028	prefix-112	1300
planned-blink	8	d0db2028	planned-blink-w8-before_wal_append-d0db2028	prefix-113	1309
planned-blink	8	d0db2028	planned-blink-w8-before_wal_append-d0db2028	prefix-114	1318
planned-blink	8	d0db2028	planned-blink-w8-before_wal_append-d0db2028	prefix-115	1327
planned-blink	8	d0db2028	planned-blink-w8-before_wal_append-d0db2028	prefix-116	1336
planned-blink	8	d0db2028	planned-blink-w8-before_wal_append-d0db2028	prefix-117	1345
planned-blink	8	d0db2028	planned-blink-w8-before_wal_append-d0db2028	prefix-118	1354
planned-blink	8	d0db2028	planned-blink-w8-before_wal_append-d0db2028	prefix-119	1363
planned-blink	8	d0db2028	planned-blink-w8-before_wal_append-d0db2028	prefix-120	1372
planned-blink	8	d0db2028	planned-blink-w8-before_wal_append-d0db2028	prefix-121	1381
planned-blink	8	d0db2028	planned-blink-w8-before_wal_append-d0db2028	prefix-122	1390
planned-blink	8	d0db2028	planned-blink-w8-before_wal_append-d0db2028	prefix-123	1399
planned-blink	8	d0db2028	planned-blink-w8-before_wal_append-d0db2028	prefix-124	1408
planned-blink	8	d0db2028	planned-blink-w8-before_wal_append-d0db2028	prefix-125	1417
planned-blink	8	d0db2028	planned-blink-w8-before_wal_append-d0db2028	prefix-126	1426
planned-blink	8	d0db2028	planned-blink-w8-before_wal_append-d0db2028	prefix-127	1435
planned-blink	8	d0db2028	planned-blink-w8-before_wal_append-d0db2028	post-recovery	1437
planned-blink	8	d0db2026	planned-blink-w8-before_wal_sync-d0db2026	seed	283
planned-blink	8	d0db2026	planned-blink-w8-before_wal_sync-d0db2026	prefix-000	292
planned-blink	8	d0db2026	planned-blink-w8-before_wal_sync-d0db2026	prefix-001	301
planned-blink	8	d0db2026	planned-blink-w8-before_wal_sync-d0db2026	prefix-002	310
planned-blink	8	d0db2026	planned-blink-w8-before_wal_sync-d0db2026	prefix-003	319
planned-blink	8	d0db2026	planned-blink-w8-before_wal_sync-d0db2026	prefix-004	328
planned-blink	8	d0db2026	planned-blink-w8-before_wal_sync-d0db2026	prefix-005	337
planned-blink	8	d0db2026	planned-blink-w8-before_wal_sync-d0db2026	prefix-006	346
planned-blink	8	d0db2026	planned-blink-w8-before_wal_sync-d0db2026	prefix-007	355
planned-blink	8	d0db2026	planned-blink-w8-before_wal_sync-d0db2026	prefix-008	364
planned-blink	8	d0db2026	planned-blink-w8-before_wal_sync-d0db2026	prefix-009	373
planned-blink	8	d0db2026	planned-blink-w8-before_wal_sync-d0db2026	prefix-010	382
planned-blink	8	d0db2026	planned-blink-w8-before_wal_sync-d0db2026	prefix-011	391
planned-blink	8	d0db2026	planned-blink-w8-before_wal_sync-d0db2026	prefix-012	400
planned-blink	8	d0db2026	planned-blink-w8-before_wal_sync-d0db2026	prefix-013	409
planned-blink	8	d0db2026	planned-blink-w8-before_wal_sync-d0db2026	prefix-014	418
planned-blink	8	d0db2026	planned-blink-w8-before_wal_sync-d0db2026	prefix-015	427
planned-blink	8	d0db2026	planned-blink-w8-before_wal_sync-d0db2026	prefix-016	436
planned-blink	8	d0db2026	planned-blink-w8-before_wal_sync-d0db2026	prefix-017	445
planned-blink	8	d0db2026	planned-blink-w8-before_wal_sync-d0db2026	prefix-018	454
planned-blink	8	d0db2026	planned-blink-w8-before_wal_sync-d0db2026	prefix-019	463
planned-blink	8	d0db2026	planned-blink-w8-before_wal_sync-d0db2026	prefix-020	472
planned-blink	8	d0db2026	planned-blink-w8-before_wal_sync-d0db2026	prefix-021	481
planned-blink	8	d0db2026	planned-blink-w8-before_wal_sync-d0db2026	prefix-022	490
planned-blink	8	d0db2026	planned-blink-w8-before_wal_sync-d0db2026	prefix-023	499
planned-blink	8	d0db2026	planned-blink-w8-before_wal_sync-d0db2026	prefix-024	508
planned-blink	8	d0db2026	planned-blink-w8-before_wal_sync-d0db2026	prefix-025	517
planned-blink	8	d0db2026	planned-blink-w8-before_wal_sync-d0db2026	prefix-026	526
planned-blink	8	d0db2026	planned-blink-w8-before_wal_sync-d0db2026	prefix-027	535
planned-blink	8	d0db2026	planned-blink-w8-before_wal_sync-d0db2026	prefix-028	544
planned-blink	8	d0db2026	planned-blink-w8-before_wal_sync-d0db2026	prefix-029	553
planned-blink	8	d0db2026	planned-blink-w8-before_wal_sync-d0db2026	prefix-030	562
planned-blink	8	d0db2026	planned-blink-w8-before_wal_sync-d0db2026	prefix-031	571
planned-blink	8	d0db2026	planned-blink-w8-before_wal_sync-d0db2026	prefix-032	580
planned-blink	8	d0db2026	planned-blink-w8-before_wal_sync-d0db2026	prefix-033	589
planned-blink	8	d0db2026	planned-blink-w8-before_wal_sync-d0db2026	prefix-034	598
planned-blink	8	d0db2026	planned-blink-w8-before_wal_sync-d0db2026	prefix-035	607
planned-blink	8	d0db2026	planned-blink-w8-before_wal_sync-d0db2026	prefix-036	616
planned-blink	8	d0db2026	planned-blink-w8-before_wal_sync-d0db2026	prefix-037	625
planned-blink	8	d0db2026	planned-blink-w8-before_wal_sync-d0db2026	prefix-038	634
planned-blink	8	d0db2026	planned-blink-w8-before_wal_sync-d0db2026	prefix-039	643
planned-blink	8	d0db2026	planned-blink-w8-before_wal_sync-d0db2026	prefix-040	652
planned-blink	8	d0db2026	planned-blink-w8-before_wal_sync-d0db2026	prefix-041	661
planned-blink	8	d0db2026	planned-blink-w8-before_wal_sync-d0db2026	prefix-042	670
planned-blink	8	d0db2026	planned-blink-w8-before_wal_sync-d0db2026	prefix-043	679
planned-blink	8	d0db2026	planned-blink-w8-before_wal_sync-d0db2026	prefix-044	688
planned-blink	8	d0db2026	planned-blink-w8-before_wal_sync-d0db2026	prefix-045	697
planned-blink	8	d0db2026	planned-blink-w8-before_wal_sync-d0db2026	prefix-046	706
planned-blink	8	d0db2026	planned-blink-w8-before_wal_sync-d0db2026	prefix-047	715
planned-blink	8	d0db2026	planned-blink-w8-before_wal_sync-d0db2026	prefix-048	724
planned-blink	8	d0db2026	planned-blink-w8-before_wal_sync-d0db2026	prefix-049	733
planned-blink	8	d0db2026	planned-blink-w8-before_wal_sync-d0db2026	prefix-050	742
planned-blink	8	d0db2026	planned-blink-w8-before_wal_sync-d0db2026	prefix-051	751
planned-blink	8	d0db2026	planned-blink-w8-before_wal_sync-d0db2026	prefix-052	760
planned-blink	8	d0db2026	planned-blink-w8-before_wal_sync-d0db2026	prefix-053	769
planned-blink	8	d0db2026	planned-blink-w8-before_wal_sync-d0db2026	prefix-054	778
planned-blink	8	d0db2026	planned-blink-w8-before_wal_sync-d0db2026	prefix-055	787
planned-blink	8	d0db2026	planned-blink-w8-before_wal_sync-d0db2026	prefix-056	796
planned-blink	8	d0db2026	planned-blink-w8-before_wal_sync-d0db2026	prefix-057	805
planned-blink	8	d0db2026	planned-blink-w8-before_wal_sync-d0db2026	prefix-058	814
planned-blink	8	d0db2026	planned-blink-w8-before_wal_sync-d0db2026	prefix-059	823
planned-blink	8	d0db2026	planned-blink-w8-before_wal_sync-d0db2026	prefix-060	832
planned-blink	8	d0db2026	planned-blink-w8-before_wal_sync-d0db2026	prefix-061	841
planned-blink	8	d0db2026	planned-blink-w8-before_wal_sync-d0db2026	prefix-062	850
planned-blink	8	d0db2026	planned-blink-w8-before_wal_sync-d0db2026	prefix-063	859
planned-blink	8	d0db2026	planned-blink-w8-before_wal_sync-d0db2026	prefix-064	868
planned-blink	8	d0db2026	planned-blink-w8-before_wal_sync-d0db2026	prefix-065	877
planned-blink	8	d0db2026	planned-blink-w8-before_wal_sync-d0db2026	prefix-066	886
planned-blink	8	d0db2026	planned-blink-w8-before_wal_sync-d0db2026	prefix-067	895
planned-blink	8	d0db2026	planned-blink-w8-before_wal_sync-d0db2026	prefix-068	904
planned-blink	8	d0db2026	planned-blink-w8-before_wal_sync-d0db2026	prefix-069	913
planned-blink	8	d0db2026	planned-blink-w8-before_wal_sync-d0db2026	prefix-070	922
planned-blink	8	d0db2026	planned-blink-w8-before_wal_sync-d0db2026	prefix-071	931
planned-blink	8	d0db2026	planned-blink-w8-before_wal_sync-d0db2026	prefix-072	940
planned-blink	8	d0db2026	planned-blink-w8-before_wal_sync-d0db2026	prefix-073	949
planned-blink	8	d0db2026	planned-blink-w8-before_wal_sync-d0db2026	prefix-074	958
planned-blink	8	d0db2026	planned-blink-w8-before_wal_sync-d0db2026	prefix-075	967
planned-blink	8	d0db2026	planned-blink-w8-before_wal_sync-d0db2026	prefix-076	976
planned-blink	8	d0db2026	planned-blink-w8-before_wal_sync-d0db2026	prefix-077	985
planned-blink	8	d0db2026	planned-blink-w8-before_wal_sync-d0db2026	prefix-078	994
planned-blink	8	d0db2026	planned-blink-w8-before_wal_sync-d0db2026	prefix-079	1003
planned-blink	8	d0db2026	planned-blink-w8-before_wal_sync-d0db2026	prefix-080	1012
planned-blink	8	d0db2026	planned-blink-w8-before_wal_sync-d0db2026	prefix-081	1021
planned-blink	8	d0db2026	planned-blink-w8-before_wal_sync-d0db2026	prefix-082	1030
planned-blink	8	d0db2026	planned-blink-w8-before_wal_sync-d0db2026	prefix-083	1039
planned-blink	8	d0db2026	planned-blink-w8-before_wal_sync-d0db2026	prefix-084	1048
planned-blink	8	d0db2026	planned-blink-w8-before_wal_sync-d0db2026	prefix-085	1057
planned-blink	8	d0db2026	planned-blink-w8-before_wal_sync-d0db2026	prefix-086	1066
planned-blink	8	d0db2026	planned-blink-w8-before_wal_sync-d0db2026	prefix-087	1075
planned-blink	8	d0db2026	planned-blink-w8-before_wal_sync-d0db2026	prefix-088	1084
planned-blink	8	d0db2026	planned-blink-w8-before_wal_sync-d0db2026	prefix-089	1093
planned-blink	8	d0db2026	planned-blink-w8-before_wal_sync-d0db2026	prefix-090	1102
planned-blink	8	d0db2026	planned-blink-w8-before_wal_sync-d0db2026	prefix-091	1111
planned-blink	8	d0db2026	planned-blink-w8-before_wal_sync-d0db2026	prefix-092	1120
planned-blink	8	d0db2026	planned-blink-w8-before_wal_sync-d0db2026	prefix-093	1129
planned-blink	8	d0db2026	planned-blink-w8-before_wal_sync-d0db2026	prefix-094	1138
planned-blink	8	d0db2026	planned-blink-w8-before_wal_sync-d0db2026	prefix-095	1147
planned-blink	8	d0db2026	planned-blink-w8-before_wal_sync-d0db2026	prefix-096	1156
planned-blink	8	d0db2026	planned-blink-w8-before_wal_sync-d0db2026	prefix-097	1165
planned-blink	8	d0db2026	planned-blink-w8-before_wal_sync-d0db2026	prefix-098	1174
planned-blink	8	d0db2026	planned-blink-w8-before_wal_sync-d0db2026	prefix-099	1183
planned-blink	8	d0db2026	planned-blink-w8-before_wal_sync-d0db2026	prefix-100	1192
planned-blink	8	d0db2026	planned-blink-w8-before_wal_sync-d0db2026	prefix-101	1201
planned-blink	8	d0db2026	planned-blink-w8-before_wal_sync-d0db2026	prefix-102	1210
planned-blink	8	d0db2026	planned-blink-w8-before_wal_sync-d0db2026	prefix-103	1219
planned-blink	8	d0db2026	planned-blink-w8-before_wal_sync-d0db2026	prefix-104	1228
planned-blink	8	d0db2026	planned-blink-w8-before_wal_sync-d0db2026	prefix-105	1237
planned-blink	8	d0db2026	planned-blink-w8-before_wal_sync-d0db2026	prefix-106	1246
planned-blink	8	d0db2026	planned-blink-w8-before_wal_sync-d0db2026	prefix-107	1255
planned-blink	8	d0db2026	planned-blink-w8-before_wal_sync-d0db2026	prefix-108	1264
planned-blink	8	d0db2026	planned-blink-w8-before_wal_sync-d0db2026	prefix-109	1273
planned-blink	8	d0db2026	planned-blink-w8-before_wal_sync-d0db2026	prefix-110	1282
planned-blink	8	d0db2026	planned-blink-w8-before_wal_sync-d0db2026	prefix-111	1291
planned-blink	8	d0db2026	planned-blink-w8-before_wal_sync-d0db2026	prefix-112	1300
planned-blink	8	d0db2026	planned-blink-w8-before_wal_sync-d0db2026	prefix-113	1309
planned-blink	8	d0db2026	planned-blink-w8-before_wal_sync-d0db2026	prefix-114	1318
planned-blink	8	d0db2026	planned-blink-w8-before_wal_sync-d0db2026	prefix-115	1327
planned-blink	8	d0db2026	planned-blink-w8-before_wal_sync-d0db2026	prefix-116	1336
planned-blink	8	d0db2026	planned-blink-w8-before_wal_sync-d0db2026	prefix-117	1345
planned-blink	8	d0db2026	planned-blink-w8-before_wal_sync-d0db2026	prefix-118	1354
planned-blink	8	d0db2026	planned-blink-w8-before_wal_sync-d0db2026	prefix-119	1363
planned-blink	8	d0db2026	planned-blink-w8-before_wal_sync-d0db2026	prefix-120	1372
planned-blink	8	d0db2026	planned-blink-w8-before_wal_sync-d0db2026	prefix-121	1381
planned-blink	8	d0db2026	planned-blink-w8-before_wal_sync-d0db2026	prefix-122	1390
planned-blink	8	d0db2026	planned-blink-w8-before_wal_sync-d0db2026	prefix-123	1399
planned-blink	8	d0db2026	planned-blink-w8-before_wal_sync-d0db2026	prefix-124	1408
planned-blink	8	d0db2026	planned-blink-w8-before_wal_sync-d0db2026	prefix-125	1417
planned-blink	8	d0db2026	planned-blink-w8-before_wal_sync-d0db2026	prefix-126	1426
planned-blink	8	d0db2026	planned-blink-w8-before_wal_sync-d0db2026	prefix-127	1435
planned-blink	8	d0db2026	planned-blink-w8-before_wal_sync-d0db2026	post-recovery	1446
planned-blink	8	d0db2027	planned-blink-w8-before_wal_sync-d0db2027	seed	283
planned-blink	8	d0db2027	planned-blink-w8-before_wal_sync-d0db2027	prefix-000	292
planned-blink	8	d0db2027	planned-blink-w8-before_wal_sync-d0db2027	prefix-001	301
planned-blink	8	d0db2027	planned-blink-w8-before_wal_sync-d0db2027	prefix-002	310
planned-blink	8	d0db2027	planned-blink-w8-before_wal_sync-d0db2027	prefix-003	319
planned-blink	8	d0db2027	planned-blink-w8-before_wal_sync-d0db2027	prefix-004	328
planned-blink	8	d0db2027	planned-blink-w8-before_wal_sync-d0db2027	prefix-005	337
planned-blink	8	d0db2027	planned-blink-w8-before_wal_sync-d0db2027	prefix-006	346
planned-blink	8	d0db2027	planned-blink-w8-before_wal_sync-d0db2027	prefix-007	355
planned-blink	8	d0db2027	planned-blink-w8-before_wal_sync-d0db2027	prefix-008	364
planned-blink	8	d0db2027	planned-blink-w8-before_wal_sync-d0db2027	prefix-009	373
planned-blink	8	d0db2027	planned-blink-w8-before_wal_sync-d0db2027	prefix-010	382
planned-blink	8	d0db2027	planned-blink-w8-before_wal_sync-d0db2027	prefix-011	391
planned-blink	8	d0db2027	planned-blink-w8-before_wal_sync-d0db2027	prefix-012	400
planned-blink	8	d0db2027	planned-blink-w8-before_wal_sync-d0db2027	prefix-013	409
planned-blink	8	d0db2027	planned-blink-w8-before_wal_sync-d0db2027	prefix-014	418
planned-blink	8	d0db2027	planned-blink-w8-before_wal_sync-d0db2027	prefix-015	427
planned-blink	8	d0db2027	planned-blink-w8-before_wal_sync-d0db2027	prefix-016	436
planned-blink	8	d0db2027	planned-blink-w8-before_wal_sync-d0db2027	prefix-017	445
planned-blink	8	d0db2027	planned-blink-w8-before_wal_sync-d0db2027	prefix-018	454
planned-blink	8	d0db2027	planned-blink-w8-before_wal_sync-d0db2027	prefix-019	463
planned-blink	8	d0db2027	planned-blink-w8-before_wal_sync-d0db2027	prefix-020	472
planned-blink	8	d0db2027	planned-blink-w8-before_wal_sync-d0db2027	prefix-021	481
planned-blink	8	d0db2027	planned-blink-w8-before_wal_sync-d0db2027	prefix-022	490
planned-blink	8	d0db2027	planned-blink-w8-before_wal_sync-d0db2027	prefix-023	499
planned-blink	8	d0db2027	planned-blink-w8-before_wal_sync-d0db2027	prefix-024	508
planned-blink	8	d0db2027	planned-blink-w8-before_wal_sync-d0db2027	prefix-025	517
planned-blink	8	d0db2027	planned-blink-w8-before_wal_sync-d0db2027	prefix-026	526
planned-blink	8	d0db2027	planned-blink-w8-before_wal_sync-d0db2027	prefix-027	535
planned-blink	8	d0db2027	planned-blink-w8-before_wal_sync-d0db2027	prefix-028	544
planned-blink	8	d0db2027	planned-blink-w8-before_wal_sync-d0db2027	prefix-029	553
planned-blink	8	d0db2027	planned-blink-w8-before_wal_sync-d0db2027	prefix-030	562
planned-blink	8	d0db2027	planned-blink-w8-before_wal_sync-d0db2027	prefix-031	571
planned-blink	8	d0db2027	planned-blink-w8-before_wal_sync-d0db2027	prefix-032	580
planned-blink	8	d0db2027	planned-blink-w8-before_wal_sync-d0db2027	prefix-033	589
planned-blink	8	d0db2027	planned-blink-w8-before_wal_sync-d0db2027	prefix-034	598
planned-blink	8	d0db2027	planned-blink-w8-before_wal_sync-d0db2027	prefix-035	607
planned-blink	8	d0db2027	planned-blink-w8-before_wal_sync-d0db2027	prefix-036	616
planned-blink	8	d0db2027	planned-blink-w8-before_wal_sync-d0db2027	prefix-037	625
planned-blink	8	d0db2027	planned-blink-w8-before_wal_sync-d0db2027	prefix-038	634
planned-blink	8	d0db2027	planned-blink-w8-before_wal_sync-d0db2027	prefix-039	643
planned-blink	8	d0db2027	planned-blink-w8-before_wal_sync-d0db2027	prefix-040	652
planned-blink	8	d0db2027	planned-blink-w8-before_wal_sync-d0db2027	prefix-041	661
planned-blink	8	d0db2027	planned-blink-w8-before_wal_sync-d0db2027	prefix-042	670
planned-blink	8	d0db2027	planned-blink-w8-before_wal_sync-d0db2027	prefix-043	679
planned-blink	8	d0db2027	planned-blink-w8-before_wal_sync-d0db2027	prefix-044	688
planned-blink	8	d0db2027	planned-blink-w8-before_wal_sync-d0db2027	prefix-045	697
planned-blink	8	d0db2027	planned-blink-w8-before_wal_sync-d0db2027	prefix-046	706
planned-blink	8	d0db2027	planned-blink-w8-before_wal_sync-d0db2027	prefix-047	715
planned-blink	8	d0db2027	planned-blink-w8-before_wal_sync-d0db2027	prefix-048	724
planned-blink	8	d0db2027	planned-blink-w8-before_wal_sync-d0db2027	prefix-049	733
planned-blink	8	d0db2027	planned-blink-w8-before_wal_sync-d0db2027	prefix-050	742
planned-blink	8	d0db2027	planned-blink-w8-before_wal_sync-d0db2027	prefix-051	751
planned-blink	8	d0db2027	planned-blink-w8-before_wal_sync-d0db2027	prefix-052	760
planned-blink	8	d0db2027	planned-blink-w8-before_wal_sync-d0db2027	prefix-053	769
planned-blink	8	d0db2027	planned-blink-w8-before_wal_sync-d0db2027	prefix-054	778
planned-blink	8	d0db2027	planned-blink-w8-before_wal_sync-d0db2027	prefix-055	787
planned-blink	8	d0db2027	planned-blink-w8-before_wal_sync-d0db2027	prefix-056	796
planned-blink	8	d0db2027	planned-blink-w8-before_wal_sync-d0db2027	prefix-057	805
planned-blink	8	d0db2027	planned-blink-w8-before_wal_sync-d0db2027	prefix-058	814
planned-blink	8	d0db2027	planned-blink-w8-before_wal_sync-d0db2027	prefix-059	823
planned-blink	8	d0db2027	planned-blink-w8-before_wal_sync-d0db2027	prefix-060	832
planned-blink	8	d0db2027	planned-blink-w8-before_wal_sync-d0db2027	prefix-061	841
planned-blink	8	d0db2027	planned-blink-w8-before_wal_sync-d0db2027	prefix-062	850
planned-blink	8	d0db2027	planned-blink-w8-before_wal_sync-d0db2027	prefix-063	859
planned-blink	8	d0db2027	planned-blink-w8-before_wal_sync-d0db2027	prefix-064	868
planned-blink	8	d0db2027	planned-blink-w8-before_wal_sync-d0db2027	prefix-065	877
planned-blink	8	d0db2027	planned-blink-w8-before_wal_sync-d0db2027	prefix-066	886
planned-blink	8	d0db2027	planned-blink-w8-before_wal_sync-d0db2027	prefix-067	895
planned-blink	8	d0db2027	planned-blink-w8-before_wal_sync-d0db2027	prefix-068	904
planned-blink	8	d0db2027	planned-blink-w8-before_wal_sync-d0db2027	prefix-069	913
planned-blink	8	d0db2027	planned-blink-w8-before_wal_sync-d0db2027	prefix-070	922
planned-blink	8	d0db2027	planned-blink-w8-before_wal_sync-d0db2027	prefix-071	931
planned-blink	8	d0db2027	planned-blink-w8-before_wal_sync-d0db2027	prefix-072	940
planned-blink	8	d0db2027	planned-blink-w8-before_wal_sync-d0db2027	prefix-073	949
planned-blink	8	d0db2027	planned-blink-w8-before_wal_sync-d0db2027	prefix-074	958
planned-blink	8	d0db2027	planned-blink-w8-before_wal_sync-d0db2027	prefix-075	967
planned-blink	8	d0db2027	planned-blink-w8-before_wal_sync-d0db2027	prefix-076	976
planned-blink	8	d0db2027	planned-blink-w8-before_wal_sync-d0db2027	prefix-077	985
planned-blink	8	d0db2027	planned-blink-w8-before_wal_sync-d0db2027	prefix-078	994
planned-blink	8	d0db2027	planned-blink-w8-before_wal_sync-d0db2027	prefix-079	1003
planned-blink	8	d0db2027	planned-blink-w8-before_wal_sync-d0db2027	prefix-080	1012
planned-blink	8	d0db2027	planned-blink-w8-before_wal_sync-d0db2027	prefix-081	1021
planned-blink	8	d0db2027	planned-blink-w8-before_wal_sync-d0db2027	prefix-082	1030
planned-blink	8	d0db2027	planned-blink-w8-before_wal_sync-d0db2027	prefix-083	1039
planned-blink	8	d0db2027	planned-blink-w8-before_wal_sync-d0db2027	prefix-084	1048
planned-blink	8	d0db2027	planned-blink-w8-before_wal_sync-d0db2027	prefix-085	1057
planned-blink	8	d0db2027	planned-blink-w8-before_wal_sync-d0db2027	prefix-086	1066
planned-blink	8	d0db2027	planned-blink-w8-before_wal_sync-d0db2027	prefix-087	1075
planned-blink	8	d0db2027	planned-blink-w8-before_wal_sync-d0db2027	prefix-088	1084
planned-blink	8	d0db2027	planned-blink-w8-before_wal_sync-d0db2027	prefix-089	1093
planned-blink	8	d0db2027	planned-blink-w8-before_wal_sync-d0db2027	prefix-090	1102
planned-blink	8	d0db2027	planned-blink-w8-before_wal_sync-d0db2027	prefix-091	1111
planned-blink	8	d0db2027	planned-blink-w8-before_wal_sync-d0db2027	prefix-092	1120
planned-blink	8	d0db2027	planned-blink-w8-before_wal_sync-d0db2027	prefix-093	1129
planned-blink	8	d0db2027	planned-blink-w8-before_wal_sync-d0db2027	prefix-094	1138
planned-blink	8	d0db2027	planned-blink-w8-before_wal_sync-d0db2027	prefix-095	1147
planned-blink	8	d0db2027	planned-blink-w8-before_wal_sync-d0db2027	prefix-096	1156
planned-blink	8	d0db2027	planned-blink-w8-before_wal_sync-d0db2027	prefix-097	1165
planned-blink	8	d0db2027	planned-blink-w8-before_wal_sync-d0db2027	prefix-098	1174
planned-blink	8	d0db2027	planned-blink-w8-before_wal_sync-d0db2027	prefix-099	1183
planned-blink	8	d0db2027	planned-blink-w8-before_wal_sync-d0db2027	prefix-100	1192
planned-blink	8	d0db2027	planned-blink-w8-before_wal_sync-d0db2027	prefix-101	1201
planned-blink	8	d0db2027	planned-blink-w8-before_wal_sync-d0db2027	prefix-102	1210
planned-blink	8	d0db2027	planned-blink-w8-before_wal_sync-d0db2027	prefix-103	1219
planned-blink	8	d0db2027	planned-blink-w8-before_wal_sync-d0db2027	prefix-104	1228
planned-blink	8	d0db2027	planned-blink-w8-before_wal_sync-d0db2027	prefix-105	1237
planned-blink	8	d0db2027	planned-blink-w8-before_wal_sync-d0db2027	prefix-106	1246
planned-blink	8	d0db2027	planned-blink-w8-before_wal_sync-d0db2027	prefix-107	1255
planned-blink	8	d0db2027	planned-blink-w8-before_wal_sync-d0db2027	prefix-108	1264
planned-blink	8	d0db2027	planned-blink-w8-before_wal_sync-d0db2027	prefix-109	1273
planned-blink	8	d0db2027	planned-blink-w8-before_wal_sync-d0db2027	prefix-110	1282
planned-blink	8	d0db2027	planned-blink-w8-before_wal_sync-d0db2027	prefix-111	1291
planned-blink	8	d0db2027	planned-blink-w8-before_wal_sync-d0db2027	prefix-112	1300
planned-blink	8	d0db2027	planned-blink-w8-before_wal_sync-d0db2027	prefix-113	1309
planned-blink	8	d0db2027	planned-blink-w8-before_wal_sync-d0db2027	prefix-114	1318
planned-blink	8	d0db2027	planned-blink-w8-before_wal_sync-d0db2027	prefix-115	1327
planned-blink	8	d0db2027	planned-blink-w8-before_wal_sync-d0db2027	prefix-116	1336
planned-blink	8	d0db2027	planned-blink-w8-before_wal_sync-d0db2027	prefix-117	1345
planned-blink	8	d0db2027	planned-blink-w8-before_wal_sync-d0db2027	prefix-118	1354
planned-blink	8	d0db2027	planned-blink-w8-before_wal_sync-d0db2027	prefix-119	1363
planned-blink	8	d0db2027	planned-blink-w8-before_wal_sync-d0db2027	prefix-120	1372
planned-blink	8	d0db2027	planned-blink-w8-before_wal_sync-d0db2027	prefix-121	1381
planned-blink	8	d0db2027	planned-blink-w8-before_wal_sync-d0db2027	prefix-122	1390
planned-blink	8	d0db2027	planned-blink-w8-before_wal_sync-d0db2027	prefix-123	1399
planned-blink	8	d0db2027	planned-blink-w8-before_wal_sync-d0db2027	prefix-124	1408
planned-blink	8	d0db2027	planned-blink-w8-before_wal_sync-d0db2027	prefix-125	1417
planned-blink	8	d0db2027	planned-blink-w8-before_wal_sync-d0db2027	prefix-126	1426
planned-blink	8	d0db2027	planned-blink-w8-before_wal_sync-d0db2027	prefix-127	1435
planned-blink	8	d0db2027	planned-blink-w8-before_wal_sync-d0db2027	post-recovery	1446
planned-blink	8	d0db2028	planned-blink-w8-before_wal_sync-d0db2028	seed	283
planned-blink	8	d0db2028	planned-blink-w8-before_wal_sync-d0db2028	prefix-000	292
planned-blink	8	d0db2028	planned-blink-w8-before_wal_sync-d0db2028	prefix-001	301
planned-blink	8	d0db2028	planned-blink-w8-before_wal_sync-d0db2028	prefix-002	310
planned-blink	8	d0db2028	planned-blink-w8-before_wal_sync-d0db2028	prefix-003	319
planned-blink	8	d0db2028	planned-blink-w8-before_wal_sync-d0db2028	prefix-004	328
planned-blink	8	d0db2028	planned-blink-w8-before_wal_sync-d0db2028	prefix-005	337
planned-blink	8	d0db2028	planned-blink-w8-before_wal_sync-d0db2028	prefix-006	346
planned-blink	8	d0db2028	planned-blink-w8-before_wal_sync-d0db2028	prefix-007	355
planned-blink	8	d0db2028	planned-blink-w8-before_wal_sync-d0db2028	prefix-008	364
planned-blink	8	d0db2028	planned-blink-w8-before_wal_sync-d0db2028	prefix-009	373
planned-blink	8	d0db2028	planned-blink-w8-before_wal_sync-d0db2028	prefix-010	382
planned-blink	8	d0db2028	planned-blink-w8-before_wal_sync-d0db2028	prefix-011	391
planned-blink	8	d0db2028	planned-blink-w8-before_wal_sync-d0db2028	prefix-012	400
planned-blink	8	d0db2028	planned-blink-w8-before_wal_sync-d0db2028	prefix-013	409
planned-blink	8	d0db2028	planned-blink-w8-before_wal_sync-d0db2028	prefix-014	418
planned-blink	8	d0db2028	planned-blink-w8-before_wal_sync-d0db2028	prefix-015	427
planned-blink	8	d0db2028	planned-blink-w8-before_wal_sync-d0db2028	prefix-016	436
planned-blink	8	d0db2028	planned-blink-w8-before_wal_sync-d0db2028	prefix-017	445
planned-blink	8	d0db2028	planned-blink-w8-before_wal_sync-d0db2028	prefix-018	454
planned-blink	8	d0db2028	planned-blink-w8-before_wal_sync-d0db2028	prefix-019	463
planned-blink	8	d0db2028	planned-blink-w8-before_wal_sync-d0db2028	prefix-020	472
planned-blink	8	d0db2028	planned-blink-w8-before_wal_sync-d0db2028	prefix-021	481
planned-blink	8	d0db2028	planned-blink-w8-before_wal_sync-d0db2028	prefix-022	490
planned-blink	8	d0db2028	planned-blink-w8-before_wal_sync-d0db2028	prefix-023	499
planned-blink	8	d0db2028	planned-blink-w8-before_wal_sync-d0db2028	prefix-024	508
planned-blink	8	d0db2028	planned-blink-w8-before_wal_sync-d0db2028	prefix-025	517
planned-blink	8	d0db2028	planned-blink-w8-before_wal_sync-d0db2028	prefix-026	526
planned-blink	8	d0db2028	planned-blink-w8-before_wal_sync-d0db2028	prefix-027	535
planned-blink	8	d0db2028	planned-blink-w8-before_wal_sync-d0db2028	prefix-028	544
planned-blink	8	d0db2028	planned-blink-w8-before_wal_sync-d0db2028	prefix-029	553
planned-blink	8	d0db2028	planned-blink-w8-before_wal_sync-d0db2028	prefix-030	562
planned-blink	8	d0db2028	planned-blink-w8-before_wal_sync-d0db2028	prefix-031	571
planned-blink	8	d0db2028	planned-blink-w8-before_wal_sync-d0db2028	prefix-032	580
planned-blink	8	d0db2028	planned-blink-w8-before_wal_sync-d0db2028	prefix-033	589
planned-blink	8	d0db2028	planned-blink-w8-before_wal_sync-d0db2028	prefix-034	598
planned-blink	8	d0db2028	planned-blink-w8-before_wal_sync-d0db2028	prefix-035	607
planned-blink	8	d0db2028	planned-blink-w8-before_wal_sync-d0db2028	prefix-036	616
planned-blink	8	d0db2028	planned-blink-w8-before_wal_sync-d0db2028	prefix-037	625
planned-blink	8	d0db2028	planned-blink-w8-before_wal_sync-d0db2028	prefix-038	634
planned-blink	8	d0db2028	planned-blink-w8-before_wal_sync-d0db2028	prefix-039	643
planned-blink	8	d0db2028	planned-blink-w8-before_wal_sync-d0db2028	prefix-040	652
planned-blink	8	d0db2028	planned-blink-w8-before_wal_sync-d0db2028	prefix-041	661
planned-blink	8	d0db2028	planned-blink-w8-before_wal_sync-d0db2028	prefix-042	670
planned-blink	8	d0db2028	planned-blink-w8-before_wal_sync-d0db2028	prefix-043	679
planned-blink	8	d0db2028	planned-blink-w8-before_wal_sync-d0db2028	prefix-044	688
planned-blink	8	d0db2028	planned-blink-w8-before_wal_sync-d0db2028	prefix-045	697
planned-blink	8	d0db2028	planned-blink-w8-before_wal_sync-d0db2028	prefix-046	706
planned-blink	8	d0db2028	planned-blink-w8-before_wal_sync-d0db2028	prefix-047	715
planned-blink	8	d0db2028	planned-blink-w8-before_wal_sync-d0db2028	prefix-048	724
planned-blink	8	d0db2028	planned-blink-w8-before_wal_sync-d0db2028	prefix-049	733
planned-blink	8	d0db2028	planned-blink-w8-before_wal_sync-d0db2028	prefix-050	742
planned-blink	8	d0db2028	planned-blink-w8-before_wal_sync-d0db2028	prefix-051	751
planned-blink	8	d0db2028	planned-blink-w8-before_wal_sync-d0db2028	prefix-052	760
planned-blink	8	d0db2028	planned-blink-w8-before_wal_sync-d0db2028	prefix-053	769
planned-blink	8	d0db2028	planned-blink-w8-before_wal_sync-d0db2028	prefix-054	778
planned-blink	8	d0db2028	planned-blink-w8-before_wal_sync-d0db2028	prefix-055	787
planned-blink	8	d0db2028	planned-blink-w8-before_wal_sync-d0db2028	prefix-056	796
planned-blink	8	d0db2028	planned-blink-w8-before_wal_sync-d0db2028	prefix-057	805
planned-blink	8	d0db2028	planned-blink-w8-before_wal_sync-d0db2028	prefix-058	814
planned-blink	8	d0db2028	planned-blink-w8-before_wal_sync-d0db2028	prefix-059	823
planned-blink	8	d0db2028	planned-blink-w8-before_wal_sync-d0db2028	prefix-060	832
planned-blink	8	d0db2028	planned-blink-w8-before_wal_sync-d0db2028	prefix-061	841
planned-blink	8	d0db2028	planned-blink-w8-before_wal_sync-d0db2028	prefix-062	850
planned-blink	8	d0db2028	planned-blink-w8-before_wal_sync-d0db2028	prefix-063	859
planned-blink	8	d0db2028	planned-blink-w8-before_wal_sync-d0db2028	prefix-064	868
planned-blink	8	d0db2028	planned-blink-w8-before_wal_sync-d0db2028	prefix-065	877
planned-blink	8	d0db2028	planned-blink-w8-before_wal_sync-d0db2028	prefix-066	886
planned-blink	8	d0db2028	planned-blink-w8-before_wal_sync-d0db2028	prefix-067	895
planned-blink	8	d0db2028	planned-blink-w8-before_wal_sync-d0db2028	prefix-068	904
planned-blink	8	d0db2028	planned-blink-w8-before_wal_sync-d0db2028	prefix-069	913
planned-blink	8	d0db2028	planned-blink-w8-before_wal_sync-d0db2028	prefix-070	922
planned-blink	8	d0db2028	planned-blink-w8-before_wal_sync-d0db2028	prefix-071	931
planned-blink	8	d0db2028	planned-blink-w8-before_wal_sync-d0db2028	prefix-072	940
planned-blink	8	d0db2028	planned-blink-w8-before_wal_sync-d0db2028	prefix-073	949
planned-blink	8	d0db2028	planned-blink-w8-before_wal_sync-d0db2028	prefix-074	958
planned-blink	8	d0db2028	planned-blink-w8-before_wal_sync-d0db2028	prefix-075	967
planned-blink	8	d0db2028	planned-blink-w8-before_wal_sync-d0db2028	prefix-076	976
planned-blink	8	d0db2028	planned-blink-w8-before_wal_sync-d0db2028	prefix-077	985
planned-blink	8	d0db2028	planned-blink-w8-before_wal_sync-d0db2028	prefix-078	994
planned-blink	8	d0db2028	planned-blink-w8-before_wal_sync-d0db2028	prefix-079	1003
planned-blink	8	d0db2028	planned-blink-w8-before_wal_sync-d0db2028	prefix-080	1012
planned-blink	8	d0db2028	planned-blink-w8-before_wal_sync-d0db2028	prefix-081	1021
planned-blink	8	d0db2028	planned-blink-w8-before_wal_sync-d0db2028	prefix-082	1030
planned-blink	8	d0db2028	planned-blink-w8-before_wal_sync-d0db2028	prefix-083	1039
planned-blink	8	d0db2028	planned-blink-w8-before_wal_sync-d0db2028	prefix-084	1048
planned-blink	8	d0db2028	planned-blink-w8-before_wal_sync-d0db2028	prefix-085	1057
planned-blink	8	d0db2028	planned-blink-w8-before_wal_sync-d0db2028	prefix-086	1066
planned-blink	8	d0db2028	planned-blink-w8-before_wal_sync-d0db2028	prefix-087	1075
planned-blink	8	d0db2028	planned-blink-w8-before_wal_sync-d0db2028	prefix-088	1084
planned-blink	8	d0db2028	planned-blink-w8-before_wal_sync-d0db2028	prefix-089	1093
planned-blink	8	d0db2028	planned-blink-w8-before_wal_sync-d0db2028	prefix-090	1102
planned-blink	8	d0db2028	planned-blink-w8-before_wal_sync-d0db2028	prefix-091	1111
planned-blink	8	d0db2028	planned-blink-w8-before_wal_sync-d0db2028	prefix-092	1120
planned-blink	8	d0db2028	planned-blink-w8-before_wal_sync-d0db2028	prefix-093	1129
planned-blink	8	d0db2028	planned-blink-w8-before_wal_sync-d0db2028	prefix-094	1138
planned-blink	8	d0db2028	planned-blink-w8-before_wal_sync-d0db2028	prefix-095	1147
planned-blink	8	d0db2028	planned-blink-w8-before_wal_sync-d0db2028	prefix-096	1156
planned-blink	8	d0db2028	planned-blink-w8-before_wal_sync-d0db2028	prefix-097	1165
planned-blink	8	d0db2028	planned-blink-w8-before_wal_sync-d0db2028	prefix-098	1174
planned-blink	8	d0db2028	planned-blink-w8-before_wal_sync-d0db2028	prefix-099	1183
planned-blink	8	d0db2028	planned-blink-w8-before_wal_sync-d0db2028	prefix-100	1192
planned-blink	8	d0db2028	planned-blink-w8-before_wal_sync-d0db2028	prefix-101	1201
planned-blink	8	d0db2028	planned-blink-w8-before_wal_sync-d0db2028	prefix-102	1210
planned-blink	8	d0db2028	planned-blink-w8-before_wal_sync-d0db2028	prefix-103	1219
planned-blink	8	d0db2028	planned-blink-w8-before_wal_sync-d0db2028	prefix-104	1228
planned-blink	8	d0db2028	planned-blink-w8-before_wal_sync-d0db2028	prefix-105	1237
planned-blink	8	d0db2028	planned-blink-w8-before_wal_sync-d0db2028	prefix-106	1246
planned-blink	8	d0db2028	planned-blink-w8-before_wal_sync-d0db2028	prefix-107	1255
planned-blink	8	d0db2028	planned-blink-w8-before_wal_sync-d0db2028	prefix-108	1264
planned-blink	8	d0db2028	planned-blink-w8-before_wal_sync-d0db2028	prefix-109	1273
planned-blink	8	d0db2028	planned-blink-w8-before_wal_sync-d0db2028	prefix-110	1282
planned-blink	8	d0db2028	planned-blink-w8-before_wal_sync-d0db2028	prefix-111	1291
planned-blink	8	d0db2028	planned-blink-w8-before_wal_sync-d0db2028	prefix-112	1300
planned-blink	8	d0db2028	planned-blink-w8-before_wal_sync-d0db2028	prefix-113	1309
planned-blink	8	d0db2028	planned-blink-w8-before_wal_sync-d0db2028	prefix-114	1318
planned-blink	8	d0db2028	planned-blink-w8-before_wal_sync-d0db2028	prefix-115	1327
planned-blink	8	d0db2028	planned-blink-w8-before_wal_sync-d0db2028	prefix-116	1336
planned-blink	8	d0db2028	planned-blink-w8-before_wal_sync-d0db2028	prefix-117	1345
planned-blink	8	d0db2028	planned-blink-w8-before_wal_sync-d0db2028	prefix-118	1354
planned-blink	8	d0db2028	planned-blink-w8-before_wal_sync-d0db2028	prefix-119	1363
planned-blink	8	d0db2028	planned-blink-w8-before_wal_sync-d0db2028	prefix-120	1372
planned-blink	8	d0db2028	planned-blink-w8-before_wal_sync-d0db2028	prefix-121	1381
planned-blink	8	d0db2028	planned-blink-w8-before_wal_sync-d0db2028	prefix-122	1390
planned-blink	8	d0db2028	planned-blink-w8-before_wal_sync-d0db2028	prefix-123	1399
planned-blink	8	d0db2028	planned-blink-w8-before_wal_sync-d0db2028	prefix-124	1408
planned-blink	8	d0db2028	planned-blink-w8-before_wal_sync-d0db2028	prefix-125	1417
planned-blink	8	d0db2028	planned-blink-w8-before_wal_sync-d0db2028	prefix-126	1426
planned-blink	8	d0db2028	planned-blink-w8-before_wal_sync-d0db2028	prefix-127	1435
planned-blink	8	d0db2028	planned-blink-w8-before_wal_sync-d0db2028	post-recovery	1446
planned-blink	8	d0db2026	planned-blink-w8-after_wal_sync-d0db2026	seed	283
planned-blink	8	d0db2026	planned-blink-w8-after_wal_sync-d0db2026	prefix-000	292
planned-blink	8	d0db2026	planned-blink-w8-after_wal_sync-d0db2026	prefix-001	301
planned-blink	8	d0db2026	planned-blink-w8-after_wal_sync-d0db2026	prefix-002	310
planned-blink	8	d0db2026	planned-blink-w8-after_wal_sync-d0db2026	prefix-003	319
planned-blink	8	d0db2026	planned-blink-w8-after_wal_sync-d0db2026	prefix-004	328
planned-blink	8	d0db2026	planned-blink-w8-after_wal_sync-d0db2026	prefix-005	337
planned-blink	8	d0db2026	planned-blink-w8-after_wal_sync-d0db2026	prefix-006	346
planned-blink	8	d0db2026	planned-blink-w8-after_wal_sync-d0db2026	prefix-007	355
planned-blink	8	d0db2026	planned-blink-w8-after_wal_sync-d0db2026	prefix-008	364
planned-blink	8	d0db2026	planned-blink-w8-after_wal_sync-d0db2026	prefix-009	373
planned-blink	8	d0db2026	planned-blink-w8-after_wal_sync-d0db2026	prefix-010	382
planned-blink	8	d0db2026	planned-blink-w8-after_wal_sync-d0db2026	prefix-011	391
planned-blink	8	d0db2026	planned-blink-w8-after_wal_sync-d0db2026	prefix-012	400
planned-blink	8	d0db2026	planned-blink-w8-after_wal_sync-d0db2026	prefix-013	409
planned-blink	8	d0db2026	planned-blink-w8-after_wal_sync-d0db2026	prefix-014	418
planned-blink	8	d0db2026	planned-blink-w8-after_wal_sync-d0db2026	prefix-015	427
planned-blink	8	d0db2026	planned-blink-w8-after_wal_sync-d0db2026	prefix-016	436
planned-blink	8	d0db2026	planned-blink-w8-after_wal_sync-d0db2026	prefix-017	445
planned-blink	8	d0db2026	planned-blink-w8-after_wal_sync-d0db2026	prefix-018	454
planned-blink	8	d0db2026	planned-blink-w8-after_wal_sync-d0db2026	prefix-019	463
planned-blink	8	d0db2026	planned-blink-w8-after_wal_sync-d0db2026	prefix-020	472
planned-blink	8	d0db2026	planned-blink-w8-after_wal_sync-d0db2026	prefix-021	481
planned-blink	8	d0db2026	planned-blink-w8-after_wal_sync-d0db2026	prefix-022	490
planned-blink	8	d0db2026	planned-blink-w8-after_wal_sync-d0db2026	prefix-023	499
planned-blink	8	d0db2026	planned-blink-w8-after_wal_sync-d0db2026	prefix-024	508
planned-blink	8	d0db2026	planned-blink-w8-after_wal_sync-d0db2026	prefix-025	517
planned-blink	8	d0db2026	planned-blink-w8-after_wal_sync-d0db2026	prefix-026	526
planned-blink	8	d0db2026	planned-blink-w8-after_wal_sync-d0db2026	prefix-027	535
planned-blink	8	d0db2026	planned-blink-w8-after_wal_sync-d0db2026	prefix-028	544
planned-blink	8	d0db2026	planned-blink-w8-after_wal_sync-d0db2026	prefix-029	553
planned-blink	8	d0db2026	planned-blink-w8-after_wal_sync-d0db2026	prefix-030	562
planned-blink	8	d0db2026	planned-blink-w8-after_wal_sync-d0db2026	prefix-031	571
planned-blink	8	d0db2026	planned-blink-w8-after_wal_sync-d0db2026	prefix-032	580
planned-blink	8	d0db2026	planned-blink-w8-after_wal_sync-d0db2026	prefix-033	589
planned-blink	8	d0db2026	planned-blink-w8-after_wal_sync-d0db2026	prefix-034	598
planned-blink	8	d0db2026	planned-blink-w8-after_wal_sync-d0db2026	prefix-035	607
planned-blink	8	d0db2026	planned-blink-w8-after_wal_sync-d0db2026	prefix-036	616
planned-blink	8	d0db2026	planned-blink-w8-after_wal_sync-d0db2026	prefix-037	625
planned-blink	8	d0db2026	planned-blink-w8-after_wal_sync-d0db2026	prefix-038	634
planned-blink	8	d0db2026	planned-blink-w8-after_wal_sync-d0db2026	prefix-039	643
planned-blink	8	d0db2026	planned-blink-w8-after_wal_sync-d0db2026	prefix-040	652
planned-blink	8	d0db2026	planned-blink-w8-after_wal_sync-d0db2026	prefix-041	661
planned-blink	8	d0db2026	planned-blink-w8-after_wal_sync-d0db2026	prefix-042	670
planned-blink	8	d0db2026	planned-blink-w8-after_wal_sync-d0db2026	prefix-043	679
planned-blink	8	d0db2026	planned-blink-w8-after_wal_sync-d0db2026	prefix-044	688
planned-blink	8	d0db2026	planned-blink-w8-after_wal_sync-d0db2026	prefix-045	697
planned-blink	8	d0db2026	planned-blink-w8-after_wal_sync-d0db2026	prefix-046	706
planned-blink	8	d0db2026	planned-blink-w8-after_wal_sync-d0db2026	prefix-047	715
planned-blink	8	d0db2026	planned-blink-w8-after_wal_sync-d0db2026	prefix-048	724
planned-blink	8	d0db2026	planned-blink-w8-after_wal_sync-d0db2026	prefix-049	733
planned-blink	8	d0db2026	planned-blink-w8-after_wal_sync-d0db2026	prefix-050	742
planned-blink	8	d0db2026	planned-blink-w8-after_wal_sync-d0db2026	prefix-051	751
planned-blink	8	d0db2026	planned-blink-w8-after_wal_sync-d0db2026	prefix-052	760
planned-blink	8	d0db2026	planned-blink-w8-after_wal_sync-d0db2026	prefix-053	769
planned-blink	8	d0db2026	planned-blink-w8-after_wal_sync-d0db2026	prefix-054	778
planned-blink	8	d0db2026	planned-blink-w8-after_wal_sync-d0db2026	prefix-055	787
planned-blink	8	d0db2026	planned-blink-w8-after_wal_sync-d0db2026	prefix-056	796
planned-blink	8	d0db2026	planned-blink-w8-after_wal_sync-d0db2026	prefix-057	805
planned-blink	8	d0db2026	planned-blink-w8-after_wal_sync-d0db2026	prefix-058	814
planned-blink	8	d0db2026	planned-blink-w8-after_wal_sync-d0db2026	prefix-059	823
planned-blink	8	d0db2026	planned-blink-w8-after_wal_sync-d0db2026	prefix-060	832
planned-blink	8	d0db2026	planned-blink-w8-after_wal_sync-d0db2026	prefix-061	841
planned-blink	8	d0db2026	planned-blink-w8-after_wal_sync-d0db2026	prefix-062	850
planned-blink	8	d0db2026	planned-blink-w8-after_wal_sync-d0db2026	prefix-063	859
planned-blink	8	d0db2026	planned-blink-w8-after_wal_sync-d0db2026	prefix-064	868
planned-blink	8	d0db2026	planned-blink-w8-after_wal_sync-d0db2026	prefix-065	877
planned-blink	8	d0db2026	planned-blink-w8-after_wal_sync-d0db2026	prefix-066	886
planned-blink	8	d0db2026	planned-blink-w8-after_wal_sync-d0db2026	prefix-067	895
planned-blink	8	d0db2026	planned-blink-w8-after_wal_sync-d0db2026	prefix-068	904
planned-blink	8	d0db2026	planned-blink-w8-after_wal_sync-d0db2026	prefix-069	913
planned-blink	8	d0db2026	planned-blink-w8-after_wal_sync-d0db2026	prefix-070	922
planned-blink	8	d0db2026	planned-blink-w8-after_wal_sync-d0db2026	prefix-071	931
planned-blink	8	d0db2026	planned-blink-w8-after_wal_sync-d0db2026	prefix-072	940
planned-blink	8	d0db2026	planned-blink-w8-after_wal_sync-d0db2026	prefix-073	949
planned-blink	8	d0db2026	planned-blink-w8-after_wal_sync-d0db2026	prefix-074	958
planned-blink	8	d0db2026	planned-blink-w8-after_wal_sync-d0db2026	prefix-075	967
planned-blink	8	d0db2026	planned-blink-w8-after_wal_sync-d0db2026	prefix-076	976
planned-blink	8	d0db2026	planned-blink-w8-after_wal_sync-d0db2026	prefix-077	985
planned-blink	8	d0db2026	planned-blink-w8-after_wal_sync-d0db2026	prefix-078	994
planned-blink	8	d0db2026	planned-blink-w8-after_wal_sync-d0db2026	prefix-079	1003
planned-blink	8	d0db2026	planned-blink-w8-after_wal_sync-d0db2026	prefix-080	1012
planned-blink	8	d0db2026	planned-blink-w8-after_wal_sync-d0db2026	prefix-081	1021
planned-blink	8	d0db2026	planned-blink-w8-after_wal_sync-d0db2026	prefix-082	1030
planned-blink	8	d0db2026	planned-blink-w8-after_wal_sync-d0db2026	prefix-083	1039
planned-blink	8	d0db2026	planned-blink-w8-after_wal_sync-d0db2026	prefix-084	1048
planned-blink	8	d0db2026	planned-blink-w8-after_wal_sync-d0db2026	prefix-085	1057
planned-blink	8	d0db2026	planned-blink-w8-after_wal_sync-d0db2026	prefix-086	1066
planned-blink	8	d0db2026	planned-blink-w8-after_wal_sync-d0db2026	prefix-087	1075
planned-blink	8	d0db2026	planned-blink-w8-after_wal_sync-d0db2026	prefix-088	1084
planned-blink	8	d0db2026	planned-blink-w8-after_wal_sync-d0db2026	prefix-089	1093
planned-blink	8	d0db2026	planned-blink-w8-after_wal_sync-d0db2026	prefix-090	1102
planned-blink	8	d0db2026	planned-blink-w8-after_wal_sync-d0db2026	prefix-091	1111
planned-blink	8	d0db2026	planned-blink-w8-after_wal_sync-d0db2026	prefix-092	1120
planned-blink	8	d0db2026	planned-blink-w8-after_wal_sync-d0db2026	prefix-093	1129
planned-blink	8	d0db2026	planned-blink-w8-after_wal_sync-d0db2026	prefix-094	1138
planned-blink	8	d0db2026	planned-blink-w8-after_wal_sync-d0db2026	prefix-095	1147
planned-blink	8	d0db2026	planned-blink-w8-after_wal_sync-d0db2026	prefix-096	1156
planned-blink	8	d0db2026	planned-blink-w8-after_wal_sync-d0db2026	prefix-097	1165
planned-blink	8	d0db2026	planned-blink-w8-after_wal_sync-d0db2026	prefix-098	1174
planned-blink	8	d0db2026	planned-blink-w8-after_wal_sync-d0db2026	prefix-099	1183
planned-blink	8	d0db2026	planned-blink-w8-after_wal_sync-d0db2026	prefix-100	1192
planned-blink	8	d0db2026	planned-blink-w8-after_wal_sync-d0db2026	prefix-101	1201
planned-blink	8	d0db2026	planned-blink-w8-after_wal_sync-d0db2026	prefix-102	1210
planned-blink	8	d0db2026	planned-blink-w8-after_wal_sync-d0db2026	prefix-103	1219
planned-blink	8	d0db2026	planned-blink-w8-after_wal_sync-d0db2026	prefix-104	1228
planned-blink	8	d0db2026	planned-blink-w8-after_wal_sync-d0db2026	prefix-105	1237
planned-blink	8	d0db2026	planned-blink-w8-after_wal_sync-d0db2026	prefix-106	1246
planned-blink	8	d0db2026	planned-blink-w8-after_wal_sync-d0db2026	prefix-107	1255
planned-blink	8	d0db2026	planned-blink-w8-after_wal_sync-d0db2026	prefix-108	1264
planned-blink	8	d0db2026	planned-blink-w8-after_wal_sync-d0db2026	prefix-109	1273
planned-blink	8	d0db2026	planned-blink-w8-after_wal_sync-d0db2026	prefix-110	1282
planned-blink	8	d0db2026	planned-blink-w8-after_wal_sync-d0db2026	prefix-111	1291
planned-blink	8	d0db2026	planned-blink-w8-after_wal_sync-d0db2026	prefix-112	1300
planned-blink	8	d0db2026	planned-blink-w8-after_wal_sync-d0db2026	prefix-113	1309
planned-blink	8	d0db2026	planned-blink-w8-after_wal_sync-d0db2026	prefix-114	1318
planned-blink	8	d0db2026	planned-blink-w8-after_wal_sync-d0db2026	prefix-115	1327
planned-blink	8	d0db2026	planned-blink-w8-after_wal_sync-d0db2026	prefix-116	1336
planned-blink	8	d0db2026	planned-blink-w8-after_wal_sync-d0db2026	prefix-117	1345
planned-blink	8	d0db2026	planned-blink-w8-after_wal_sync-d0db2026	prefix-118	1354
planned-blink	8	d0db2026	planned-blink-w8-after_wal_sync-d0db2026	prefix-119	1363
planned-blink	8	d0db2026	planned-blink-w8-after_wal_sync-d0db2026	prefix-120	1372
planned-blink	8	d0db2026	planned-blink-w8-after_wal_sync-d0db2026	prefix-121	1381
planned-blink	8	d0db2026	planned-blink-w8-after_wal_sync-d0db2026	prefix-122	1390
planned-blink	8	d0db2026	planned-blink-w8-after_wal_sync-d0db2026	prefix-123	1399
planned-blink	8	d0db2026	planned-blink-w8-after_wal_sync-d0db2026	prefix-124	1408
planned-blink	8	d0db2026	planned-blink-w8-after_wal_sync-d0db2026	prefix-125	1417
planned-blink	8	d0db2026	planned-blink-w8-after_wal_sync-d0db2026	prefix-126	1426
planned-blink	8	d0db2026	planned-blink-w8-after_wal_sync-d0db2026	prefix-127	1435
planned-blink	8	d0db2026	planned-blink-w8-after_wal_sync-d0db2026	post-recovery	1446
planned-blink	8	d0db2027	planned-blink-w8-after_wal_sync-d0db2027	seed	283
planned-blink	8	d0db2027	planned-blink-w8-after_wal_sync-d0db2027	prefix-000	292
planned-blink	8	d0db2027	planned-blink-w8-after_wal_sync-d0db2027	prefix-001	301
planned-blink	8	d0db2027	planned-blink-w8-after_wal_sync-d0db2027	prefix-002	310
planned-blink	8	d0db2027	planned-blink-w8-after_wal_sync-d0db2027	prefix-003	319
planned-blink	8	d0db2027	planned-blink-w8-after_wal_sync-d0db2027	prefix-004	328
planned-blink	8	d0db2027	planned-blink-w8-after_wal_sync-d0db2027	prefix-005	337
planned-blink	8	d0db2027	planned-blink-w8-after_wal_sync-d0db2027	prefix-006	346
planned-blink	8	d0db2027	planned-blink-w8-after_wal_sync-d0db2027	prefix-007	355
planned-blink	8	d0db2027	planned-blink-w8-after_wal_sync-d0db2027	prefix-008	364
planned-blink	8	d0db2027	planned-blink-w8-after_wal_sync-d0db2027	prefix-009	373
planned-blink	8	d0db2027	planned-blink-w8-after_wal_sync-d0db2027	prefix-010	382
planned-blink	8	d0db2027	planned-blink-w8-after_wal_sync-d0db2027	prefix-011	391
planned-blink	8	d0db2027	planned-blink-w8-after_wal_sync-d0db2027	prefix-012	400
planned-blink	8	d0db2027	planned-blink-w8-after_wal_sync-d0db2027	prefix-013	409
planned-blink	8	d0db2027	planned-blink-w8-after_wal_sync-d0db2027	prefix-014	418
planned-blink	8	d0db2027	planned-blink-w8-after_wal_sync-d0db2027	prefix-015	427
planned-blink	8	d0db2027	planned-blink-w8-after_wal_sync-d0db2027	prefix-016	436
planned-blink	8	d0db2027	planned-blink-w8-after_wal_sync-d0db2027	prefix-017	445
planned-blink	8	d0db2027	planned-blink-w8-after_wal_sync-d0db2027	prefix-018	454
planned-blink	8	d0db2027	planned-blink-w8-after_wal_sync-d0db2027	prefix-019	463
planned-blink	8	d0db2027	planned-blink-w8-after_wal_sync-d0db2027	prefix-020	472
planned-blink	8	d0db2027	planned-blink-w8-after_wal_sync-d0db2027	prefix-021	481
planned-blink	8	d0db2027	planned-blink-w8-after_wal_sync-d0db2027	prefix-022	490
planned-blink	8	d0db2027	planned-blink-w8-after_wal_sync-d0db2027	prefix-023	499
planned-blink	8	d0db2027	planned-blink-w8-after_wal_sync-d0db2027	prefix-024	508
planned-blink	8	d0db2027	planned-blink-w8-after_wal_sync-d0db2027	prefix-025	517
planned-blink	8	d0db2027	planned-blink-w8-after_wal_sync-d0db2027	prefix-026	526
planned-blink	8	d0db2027	planned-blink-w8-after_wal_sync-d0db2027	prefix-027	535
planned-blink	8	d0db2027	planned-blink-w8-after_wal_sync-d0db2027	prefix-028	544
planned-blink	8	d0db2027	planned-blink-w8-after_wal_sync-d0db2027	prefix-029	553
planned-blink	8	d0db2027	planned-blink-w8-after_wal_sync-d0db2027	prefix-030	562
planned-blink	8	d0db2027	planned-blink-w8-after_wal_sync-d0db2027	prefix-031	571
planned-blink	8	d0db2027	planned-blink-w8-after_wal_sync-d0db2027	prefix-032	580
planned-blink	8	d0db2027	planned-blink-w8-after_wal_sync-d0db2027	prefix-033	589
planned-blink	8	d0db2027	planned-blink-w8-after_wal_sync-d0db2027	prefix-034	598
planned-blink	8	d0db2027	planned-blink-w8-after_wal_sync-d0db2027	prefix-035	607
planned-blink	8	d0db2027	planned-blink-w8-after_wal_sync-d0db2027	prefix-036	616
planned-blink	8	d0db2027	planned-blink-w8-after_wal_sync-d0db2027	prefix-037	625
planned-blink	8	d0db2027	planned-blink-w8-after_wal_sync-d0db2027	prefix-038	634
planned-blink	8	d0db2027	planned-blink-w8-after_wal_sync-d0db2027	prefix-039	643
planned-blink	8	d0db2027	planned-blink-w8-after_wal_sync-d0db2027	prefix-040	652
planned-blink	8	d0db2027	planned-blink-w8-after_wal_sync-d0db2027	prefix-041	661
planned-blink	8	d0db2027	planned-blink-w8-after_wal_sync-d0db2027	prefix-042	670
planned-blink	8	d0db2027	planned-blink-w8-after_wal_sync-d0db2027	prefix-043	679
planned-blink	8	d0db2027	planned-blink-w8-after_wal_sync-d0db2027	prefix-044	688
planned-blink	8	d0db2027	planned-blink-w8-after_wal_sync-d0db2027	prefix-045	697
planned-blink	8	d0db2027	planned-blink-w8-after_wal_sync-d0db2027	prefix-046	706
planned-blink	8	d0db2027	planned-blink-w8-after_wal_sync-d0db2027	prefix-047	715
planned-blink	8	d0db2027	planned-blink-w8-after_wal_sync-d0db2027	prefix-048	724
planned-blink	8	d0db2027	planned-blink-w8-after_wal_sync-d0db2027	prefix-049	733
planned-blink	8	d0db2027	planned-blink-w8-after_wal_sync-d0db2027	prefix-050	742
planned-blink	8	d0db2027	planned-blink-w8-after_wal_sync-d0db2027	prefix-051	751
planned-blink	8	d0db2027	planned-blink-w8-after_wal_sync-d0db2027	prefix-052	760
planned-blink	8	d0db2027	planned-blink-w8-after_wal_sync-d0db2027	prefix-053	769
planned-blink	8	d0db2027	planned-blink-w8-after_wal_sync-d0db2027	prefix-054	778
planned-blink	8	d0db2027	planned-blink-w8-after_wal_sync-d0db2027	prefix-055	787
planned-blink	8	d0db2027	planned-blink-w8-after_wal_sync-d0db2027	prefix-056	796
planned-blink	8	d0db2027	planned-blink-w8-after_wal_sync-d0db2027	prefix-057	805
planned-blink	8	d0db2027	planned-blink-w8-after_wal_sync-d0db2027	prefix-058	814
planned-blink	8	d0db2027	planned-blink-w8-after_wal_sync-d0db2027	prefix-059	823
planned-blink	8	d0db2027	planned-blink-w8-after_wal_sync-d0db2027	prefix-060	832
planned-blink	8	d0db2027	planned-blink-w8-after_wal_sync-d0db2027	prefix-061	841
planned-blink	8	d0db2027	planned-blink-w8-after_wal_sync-d0db2027	prefix-062	850
planned-blink	8	d0db2027	planned-blink-w8-after_wal_sync-d0db2027	prefix-063	859
planned-blink	8	d0db2027	planned-blink-w8-after_wal_sync-d0db2027	prefix-064	868
planned-blink	8	d0db2027	planned-blink-w8-after_wal_sync-d0db2027	prefix-065	877
planned-blink	8	d0db2027	planned-blink-w8-after_wal_sync-d0db2027	prefix-066	886
planned-blink	8	d0db2027	planned-blink-w8-after_wal_sync-d0db2027	prefix-067	895
planned-blink	8	d0db2027	planned-blink-w8-after_wal_sync-d0db2027	prefix-068	904
planned-blink	8	d0db2027	planned-blink-w8-after_wal_sync-d0db2027	prefix-069	913
planned-blink	8	d0db2027	planned-blink-w8-after_wal_sync-d0db2027	prefix-070	922
planned-blink	8	d0db2027	planned-blink-w8-after_wal_sync-d0db2027	prefix-071	931
planned-blink	8	d0db2027	planned-blink-w8-after_wal_sync-d0db2027	prefix-072	940
planned-blink	8	d0db2027	planned-blink-w8-after_wal_sync-d0db2027	prefix-073	949
planned-blink	8	d0db2027	planned-blink-w8-after_wal_sync-d0db2027	prefix-074	958
planned-blink	8	d0db2027	planned-blink-w8-after_wal_sync-d0db2027	prefix-075	967
planned-blink	8	d0db2027	planned-blink-w8-after_wal_sync-d0db2027	prefix-076	976
planned-blink	8	d0db2027	planned-blink-w8-after_wal_sync-d0db2027	prefix-077	985
planned-blink	8	d0db2027	planned-blink-w8-after_wal_sync-d0db2027	prefix-078	994
planned-blink	8	d0db2027	planned-blink-w8-after_wal_sync-d0db2027	prefix-079	1003
planned-blink	8	d0db2027	planned-blink-w8-after_wal_sync-d0db2027	prefix-080	1012
planned-blink	8	d0db2027	planned-blink-w8-after_wal_sync-d0db2027	prefix-081	1021
planned-blink	8	d0db2027	planned-blink-w8-after_wal_sync-d0db2027	prefix-082	1030
planned-blink	8	d0db2027	planned-blink-w8-after_wal_sync-d0db2027	prefix-083	1039
planned-blink	8	d0db2027	planned-blink-w8-after_wal_sync-d0db2027	prefix-084	1048
planned-blink	8	d0db2027	planned-blink-w8-after_wal_sync-d0db2027	prefix-085	1057
planned-blink	8	d0db2027	planned-blink-w8-after_wal_sync-d0db2027	prefix-086	1066
planned-blink	8	d0db2027	planned-blink-w8-after_wal_sync-d0db2027	prefix-087	1075
planned-blink	8	d0db2027	planned-blink-w8-after_wal_sync-d0db2027	prefix-088	1084
planned-blink	8	d0db2027	planned-blink-w8-after_wal_sync-d0db2027	prefix-089	1093
planned-blink	8	d0db2027	planned-blink-w8-after_wal_sync-d0db2027	prefix-090	1102
planned-blink	8	d0db2027	planned-blink-w8-after_wal_sync-d0db2027	prefix-091	1111
planned-blink	8	d0db2027	planned-blink-w8-after_wal_sync-d0db2027	prefix-092	1120
planned-blink	8	d0db2027	planned-blink-w8-after_wal_sync-d0db2027	prefix-093	1129
planned-blink	8	d0db2027	planned-blink-w8-after_wal_sync-d0db2027	prefix-094	1138
planned-blink	8	d0db2027	planned-blink-w8-after_wal_sync-d0db2027	prefix-095	1147
planned-blink	8	d0db2027	planned-blink-w8-after_wal_sync-d0db2027	prefix-096	1156
planned-blink	8	d0db2027	planned-blink-w8-after_wal_sync-d0db2027	prefix-097	1165
planned-blink	8	d0db2027	planned-blink-w8-after_wal_sync-d0db2027	prefix-098	1174
planned-blink	8	d0db2027	planned-blink-w8-after_wal_sync-d0db2027	prefix-099	1183
planned-blink	8	d0db2027	planned-blink-w8-after_wal_sync-d0db2027	prefix-100	1192
planned-blink	8	d0db2027	planned-blink-w8-after_wal_sync-d0db2027	prefix-101	1201
planned-blink	8	d0db2027	planned-blink-w8-after_wal_sync-d0db2027	prefix-102	1210
planned-blink	8	d0db2027	planned-blink-w8-after_wal_sync-d0db2027	prefix-103	1219
planned-blink	8	d0db2027	planned-blink-w8-after_wal_sync-d0db2027	prefix-104	1228
planned-blink	8	d0db2027	planned-blink-w8-after_wal_sync-d0db2027	prefix-105	1237
planned-blink	8	d0db2027	planned-blink-w8-after_wal_sync-d0db2027	prefix-106	1246
planned-blink	8	d0db2027	planned-blink-w8-after_wal_sync-d0db2027	prefix-107	1255
planned-blink	8	d0db2027	planned-blink-w8-after_wal_sync-d0db2027	prefix-108	1264
planned-blink	8	d0db2027	planned-blink-w8-after_wal_sync-d0db2027	prefix-109	1273
planned-blink	8	d0db2027	planned-blink-w8-after_wal_sync-d0db2027	prefix-110	1282
planned-blink	8	d0db2027	planned-blink-w8-after_wal_sync-d0db2027	prefix-111	1291
planned-blink	8	d0db2027	planned-blink-w8-after_wal_sync-d0db2027	prefix-112	1300
planned-blink	8	d0db2027	planned-blink-w8-after_wal_sync-d0db2027	prefix-113	1309
planned-blink	8	d0db2027	planned-blink-w8-after_wal_sync-d0db2027	prefix-114	1318
planned-blink	8	d0db2027	planned-blink-w8-after_wal_sync-d0db2027	prefix-115	1327
planned-blink	8	d0db2027	planned-blink-w8-after_wal_sync-d0db2027	prefix-116	1336
planned-blink	8	d0db2027	planned-blink-w8-after_wal_sync-d0db2027	prefix-117	1345
planned-blink	8	d0db2027	planned-blink-w8-after_wal_sync-d0db2027	prefix-118	1354
planned-blink	8	d0db2027	planned-blink-w8-after_wal_sync-d0db2027	prefix-119	1363
planned-blink	8	d0db2027	planned-blink-w8-after_wal_sync-d0db2027	prefix-120	1372
planned-blink	8	d0db2027	planned-blink-w8-after_wal_sync-d0db2027	prefix-121	1381
planned-blink	8	d0db2027	planned-blink-w8-after_wal_sync-d0db2027	prefix-122	1390
planned-blink	8	d0db2027	planned-blink-w8-after_wal_sync-d0db2027	prefix-123	1399
planned-blink	8	d0db2027	planned-blink-w8-after_wal_sync-d0db2027	prefix-124	1408
planned-blink	8	d0db2027	planned-blink-w8-after_wal_sync-d0db2027	prefix-125	1417
planned-blink	8	d0db2027	planned-blink-w8-after_wal_sync-d0db2027	prefix-126	1426
planned-blink	8	d0db2027	planned-blink-w8-after_wal_sync-d0db2027	prefix-127	1435
planned-blink	8	d0db2027	planned-blink-w8-after_wal_sync-d0db2027	post-recovery	1446
planned-blink	8	d0db2028	planned-blink-w8-after_wal_sync-d0db2028	seed	283
planned-blink	8	d0db2028	planned-blink-w8-after_wal_sync-d0db2028	prefix-000	292
planned-blink	8	d0db2028	planned-blink-w8-after_wal_sync-d0db2028	prefix-001	301
planned-blink	8	d0db2028	planned-blink-w8-after_wal_sync-d0db2028	prefix-002	310
planned-blink	8	d0db2028	planned-blink-w8-after_wal_sync-d0db2028	prefix-003	319
planned-blink	8	d0db2028	planned-blink-w8-after_wal_sync-d0db2028	prefix-004	328
planned-blink	8	d0db2028	planned-blink-w8-after_wal_sync-d0db2028	prefix-005	337
planned-blink	8	d0db2028	planned-blink-w8-after_wal_sync-d0db2028	prefix-006	346
planned-blink	8	d0db2028	planned-blink-w8-after_wal_sync-d0db2028	prefix-007	355
planned-blink	8	d0db2028	planned-blink-w8-after_wal_sync-d0db2028	prefix-008	364
planned-blink	8	d0db2028	planned-blink-w8-after_wal_sync-d0db2028	prefix-009	373
planned-blink	8	d0db2028	planned-blink-w8-after_wal_sync-d0db2028	prefix-010	382
planned-blink	8	d0db2028	planned-blink-w8-after_wal_sync-d0db2028	prefix-011	391
planned-blink	8	d0db2028	planned-blink-w8-after_wal_sync-d0db2028	prefix-012	400
planned-blink	8	d0db2028	planned-blink-w8-after_wal_sync-d0db2028	prefix-013	409
planned-blink	8	d0db2028	planned-blink-w8-after_wal_sync-d0db2028	prefix-014	418
planned-blink	8	d0db2028	planned-blink-w8-after_wal_sync-d0db2028	prefix-015	427
planned-blink	8	d0db2028	planned-blink-w8-after_wal_sync-d0db2028	prefix-016	436
planned-blink	8	d0db2028	planned-blink-w8-after_wal_sync-d0db2028	prefix-017	445
planned-blink	8	d0db2028	planned-blink-w8-after_wal_sync-d0db2028	prefix-018	454
planned-blink	8	d0db2028	planned-blink-w8-after_wal_sync-d0db2028	prefix-019	463
planned-blink	8	d0db2028	planned-blink-w8-after_wal_sync-d0db2028	prefix-020	472
planned-blink	8	d0db2028	planned-blink-w8-after_wal_sync-d0db2028	prefix-021	481
planned-blink	8	d0db2028	planned-blink-w8-after_wal_sync-d0db2028	prefix-022	490
planned-blink	8	d0db2028	planned-blink-w8-after_wal_sync-d0db2028	prefix-023	499
planned-blink	8	d0db2028	planned-blink-w8-after_wal_sync-d0db2028	prefix-024	508
planned-blink	8	d0db2028	planned-blink-w8-after_wal_sync-d0db2028	prefix-025	517
planned-blink	8	d0db2028	planned-blink-w8-after_wal_sync-d0db2028	prefix-026	526
planned-blink	8	d0db2028	planned-blink-w8-after_wal_sync-d0db2028	prefix-027	535
planned-blink	8	d0db2028	planned-blink-w8-after_wal_sync-d0db2028	prefix-028	544
planned-blink	8	d0db2028	planned-blink-w8-after_wal_sync-d0db2028	prefix-029	553
planned-blink	8	d0db2028	planned-blink-w8-after_wal_sync-d0db2028	prefix-030	562
planned-blink	8	d0db2028	planned-blink-w8-after_wal_sync-d0db2028	prefix-031	571
planned-blink	8	d0db2028	planned-blink-w8-after_wal_sync-d0db2028	prefix-032	580
planned-blink	8	d0db2028	planned-blink-w8-after_wal_sync-d0db2028	prefix-033	589
planned-blink	8	d0db2028	planned-blink-w8-after_wal_sync-d0db2028	prefix-034	598
planned-blink	8	d0db2028	planned-blink-w8-after_wal_sync-d0db2028	prefix-035	607
planned-blink	8	d0db2028	planned-blink-w8-after_wal_sync-d0db2028	prefix-036	616
planned-blink	8	d0db2028	planned-blink-w8-after_wal_sync-d0db2028	prefix-037	625
planned-blink	8	d0db2028	planned-blink-w8-after_wal_sync-d0db2028	prefix-038	634
planned-blink	8	d0db2028	planned-blink-w8-after_wal_sync-d0db2028	prefix-039	643
planned-blink	8	d0db2028	planned-blink-w8-after_wal_sync-d0db2028	prefix-040	652
planned-blink	8	d0db2028	planned-blink-w8-after_wal_sync-d0db2028	prefix-041	661
planned-blink	8	d0db2028	planned-blink-w8-after_wal_sync-d0db2028	prefix-042	670
planned-blink	8	d0db2028	planned-blink-w8-after_wal_sync-d0db2028	prefix-043	679
planned-blink	8	d0db2028	planned-blink-w8-after_wal_sync-d0db2028	prefix-044	688
planned-blink	8	d0db2028	planned-blink-w8-after_wal_sync-d0db2028	prefix-045	697
planned-blink	8	d0db2028	planned-blink-w8-after_wal_sync-d0db2028	prefix-046	706
planned-blink	8	d0db2028	planned-blink-w8-after_wal_sync-d0db2028	prefix-047	715
planned-blink	8	d0db2028	planned-blink-w8-after_wal_sync-d0db2028	prefix-048	724
planned-blink	8	d0db2028	planned-blink-w8-after_wal_sync-d0db2028	prefix-049	733
planned-blink	8	d0db2028	planned-blink-w8-after_wal_sync-d0db2028	prefix-050	742
planned-blink	8	d0db2028	planned-blink-w8-after_wal_sync-d0db2028	prefix-051	751
planned-blink	8	d0db2028	planned-blink-w8-after_wal_sync-d0db2028	prefix-052	760
planned-blink	8	d0db2028	planned-blink-w8-after_wal_sync-d0db2028	prefix-053	769
planned-blink	8	d0db2028	planned-blink-w8-after_wal_sync-d0db2028	prefix-054	778
planned-blink	8	d0db2028	planned-blink-w8-after_wal_sync-d0db2028	prefix-055	787
planned-blink	8	d0db2028	planned-blink-w8-after_wal_sync-d0db2028	prefix-056	796
planned-blink	8	d0db2028	planned-blink-w8-after_wal_sync-d0db2028	prefix-057	805
planned-blink	8	d0db2028	planned-blink-w8-after_wal_sync-d0db2028	prefix-058	814
planned-blink	8	d0db2028	planned-blink-w8-after_wal_sync-d0db2028	prefix-059	823
planned-blink	8	d0db2028	planned-blink-w8-after_wal_sync-d0db2028	prefix-060	832
planned-blink	8	d0db2028	planned-blink-w8-after_wal_sync-d0db2028	prefix-061	841
planned-blink	8	d0db2028	planned-blink-w8-after_wal_sync-d0db2028	prefix-062	850
planned-blink	8	d0db2028	planned-blink-w8-after_wal_sync-d0db2028	prefix-063	859
planned-blink	8	d0db2028	planned-blink-w8-after_wal_sync-d0db2028	prefix-064	868
planned-blink	8	d0db2028	planned-blink-w8-after_wal_sync-d0db2028	prefix-065	877
planned-blink	8	d0db2028	planned-blink-w8-after_wal_sync-d0db2028	prefix-066	886
planned-blink	8	d0db2028	planned-blink-w8-after_wal_sync-d0db2028	prefix-067	895
planned-blink	8	d0db2028	planned-blink-w8-after_wal_sync-d0db2028	prefix-068	904
planned-blink	8	d0db2028	planned-blink-w8-after_wal_sync-d0db2028	prefix-069	913
planned-blink	8	d0db2028	planned-blink-w8-after_wal_sync-d0db2028	prefix-070	922
planned-blink	8	d0db2028	planned-blink-w8-after_wal_sync-d0db2028	prefix-071	931
planned-blink	8	d0db2028	planned-blink-w8-after_wal_sync-d0db2028	prefix-072	940
planned-blink	8	d0db2028	planned-blink-w8-after_wal_sync-d0db2028	prefix-073	949
planned-blink	8	d0db2028	planned-blink-w8-after_wal_sync-d0db2028	prefix-074	958
planned-blink	8	d0db2028	planned-blink-w8-after_wal_sync-d0db2028	prefix-075	967
planned-blink	8	d0db2028	planned-blink-w8-after_wal_sync-d0db2028	prefix-076	976
planned-blink	8	d0db2028	planned-blink-w8-after_wal_sync-d0db2028	prefix-077	985
planned-blink	8	d0db2028	planned-blink-w8-after_wal_sync-d0db2028	prefix-078	994
planned-blink	8	d0db2028	planned-blink-w8-after_wal_sync-d0db2028	prefix-079	1003
planned-blink	8	d0db2028	planned-blink-w8-after_wal_sync-d0db2028	prefix-080	1012
planned-blink	8	d0db2028	planned-blink-w8-after_wal_sync-d0db2028	prefix-081	1021
planned-blink	8	d0db2028	planned-blink-w8-after_wal_sync-d0db2028	prefix-082	1030
planned-blink	8	d0db2028	planned-blink-w8-after_wal_sync-d0db2028	prefix-083	1039
planned-blink	8	d0db2028	planned-blink-w8-after_wal_sync-d0db2028	prefix-084	1048
planned-blink	8	d0db2028	planned-blink-w8-after_wal_sync-d0db2028	prefix-085	1057
planned-blink	8	d0db2028	planned-blink-w8-after_wal_sync-d0db2028	prefix-086	1066
planned-blink	8	d0db2028	planned-blink-w8-after_wal_sync-d0db2028	prefix-087	1075
planned-blink	8	d0db2028	planned-blink-w8-after_wal_sync-d0db2028	prefix-088	1084
planned-blink	8	d0db2028	planned-blink-w8-after_wal_sync-d0db2028	prefix-089	1093
planned-blink	8	d0db2028	planned-blink-w8-after_wal_sync-d0db2028	prefix-090	1102
planned-blink	8	d0db2028	planned-blink-w8-after_wal_sync-d0db2028	prefix-091	1111
planned-blink	8	d0db2028	planned-blink-w8-after_wal_sync-d0db2028	prefix-092	1120
planned-blink	8	d0db2028	planned-blink-w8-after_wal_sync-d0db2028	prefix-093	1129
planned-blink	8	d0db2028	planned-blink-w8-after_wal_sync-d0db2028	prefix-094	1138
planned-blink	8	d0db2028	planned-blink-w8-after_wal_sync-d0db2028	prefix-095	1147
planned-blink	8	d0db2028	planned-blink-w8-after_wal_sync-d0db2028	prefix-096	1156
planned-blink	8	d0db2028	planned-blink-w8-after_wal_sync-d0db2028	prefix-097	1165
planned-blink	8	d0db2028	planned-blink-w8-after_wal_sync-d0db2028	prefix-098	1174
planned-blink	8	d0db2028	planned-blink-w8-after_wal_sync-d0db2028	prefix-099	1183
planned-blink	8	d0db2028	planned-blink-w8-after_wal_sync-d0db2028	prefix-100	1192
planned-blink	8	d0db2028	planned-blink-w8-after_wal_sync-d0db2028	prefix-101	1201
planned-blink	8	d0db2028	planned-blink-w8-after_wal_sync-d0db2028	prefix-102	1210
planned-blink	8	d0db2028	planned-blink-w8-after_wal_sync-d0db2028	prefix-103	1219
planned-blink	8	d0db2028	planned-blink-w8-after_wal_sync-d0db2028	prefix-104	1228
planned-blink	8	d0db2028	planned-blink-w8-after_wal_sync-d0db2028	prefix-105	1237
planned-blink	8	d0db2028	planned-blink-w8-after_wal_sync-d0db2028	prefix-106	1246
planned-blink	8	d0db2028	planned-blink-w8-after_wal_sync-d0db2028	prefix-107	1255
planned-blink	8	d0db2028	planned-blink-w8-after_wal_sync-d0db2028	prefix-108	1264
planned-blink	8	d0db2028	planned-blink-w8-after_wal_sync-d0db2028	prefix-109	1273
planned-blink	8	d0db2028	planned-blink-w8-after_wal_sync-d0db2028	prefix-110	1282
planned-blink	8	d0db2028	planned-blink-w8-after_wal_sync-d0db2028	prefix-111	1291
planned-blink	8	d0db2028	planned-blink-w8-after_wal_sync-d0db2028	prefix-112	1300
planned-blink	8	d0db2028	planned-blink-w8-after_wal_sync-d0db2028	prefix-113	1309
planned-blink	8	d0db2028	planned-blink-w8-after_wal_sync-d0db2028	prefix-114	1318
planned-blink	8	d0db2028	planned-blink-w8-after_wal_sync-d0db2028	prefix-115	1327
planned-blink	8	d0db2028	planned-blink-w8-after_wal_sync-d0db2028	prefix-116	1336
planned-blink	8	d0db2028	planned-blink-w8-after_wal_sync-d0db2028	prefix-117	1345
planned-blink	8	d0db2028	planned-blink-w8-after_wal_sync-d0db2028	prefix-118	1354
planned-blink	8	d0db2028	planned-blink-w8-after_wal_sync-d0db2028	prefix-119	1363
planned-blink	8	d0db2028	planned-blink-w8-after_wal_sync-d0db2028	prefix-120	1372
planned-blink	8	d0db2028	planned-blink-w8-after_wal_sync-d0db2028	prefix-121	1381
planned-blink	8	d0db2028	planned-blink-w8-after_wal_sync-d0db2028	prefix-122	1390
planned-blink	8	d0db2028	planned-blink-w8-after_wal_sync-d0db2028	prefix-123	1399
planned-blink	8	d0db2028	planned-blink-w8-after_wal_sync-d0db2028	prefix-124	1408
planned-blink	8	d0db2028	planned-blink-w8-after_wal_sync-d0db2028	prefix-125	1417
planned-blink	8	d0db2028	planned-blink-w8-after_wal_sync-d0db2028	prefix-126	1426
planned-blink	8	d0db2028	planned-blink-w8-after_wal_sync-d0db2028	prefix-127	1435
planned-blink	8	d0db2028	planned-blink-w8-after_wal_sync-d0db2028	post-recovery	1446
planned-blink	8	d0db2026	planned-blink-w8-normal-d0db2026	seed	283
planned-blink	8	d0db2026	planned-blink-w8-normal-d0db2026	prefix-000	292
planned-blink	8	d0db2026	planned-blink-w8-normal-d0db2026	prefix-001	301
planned-blink	8	d0db2026	planned-blink-w8-normal-d0db2026	prefix-002	310
planned-blink	8	d0db2026	planned-blink-w8-normal-d0db2026	prefix-003	319
planned-blink	8	d0db2026	planned-blink-w8-normal-d0db2026	prefix-004	328
planned-blink	8	d0db2026	planned-blink-w8-normal-d0db2026	prefix-005	337
planned-blink	8	d0db2026	planned-blink-w8-normal-d0db2026	prefix-006	346
planned-blink	8	d0db2026	planned-blink-w8-normal-d0db2026	prefix-007	355
planned-blink	8	d0db2026	planned-blink-w8-normal-d0db2026	prefix-008	364
planned-blink	8	d0db2026	planned-blink-w8-normal-d0db2026	prefix-009	373
planned-blink	8	d0db2026	planned-blink-w8-normal-d0db2026	prefix-010	382
planned-blink	8	d0db2026	planned-blink-w8-normal-d0db2026	prefix-011	391
planned-blink	8	d0db2026	planned-blink-w8-normal-d0db2026	prefix-012	400
planned-blink	8	d0db2026	planned-blink-w8-normal-d0db2026	prefix-013	409
planned-blink	8	d0db2026	planned-blink-w8-normal-d0db2026	prefix-014	418
planned-blink	8	d0db2026	planned-blink-w8-normal-d0db2026	prefix-015	427
planned-blink	8	d0db2026	planned-blink-w8-normal-d0db2026	prefix-016	436
planned-blink	8	d0db2026	planned-blink-w8-normal-d0db2026	prefix-017	445
planned-blink	8	d0db2026	planned-blink-w8-normal-d0db2026	prefix-018	454
planned-blink	8	d0db2026	planned-blink-w8-normal-d0db2026	prefix-019	463
planned-blink	8	d0db2026	planned-blink-w8-normal-d0db2026	prefix-020	472
planned-blink	8	d0db2026	planned-blink-w8-normal-d0db2026	prefix-021	481
planned-blink	8	d0db2026	planned-blink-w8-normal-d0db2026	prefix-022	490
planned-blink	8	d0db2026	planned-blink-w8-normal-d0db2026	prefix-023	499
planned-blink	8	d0db2026	planned-blink-w8-normal-d0db2026	prefix-024	508
planned-blink	8	d0db2026	planned-blink-w8-normal-d0db2026	prefix-025	517
planned-blink	8	d0db2026	planned-blink-w8-normal-d0db2026	prefix-026	526
planned-blink	8	d0db2026	planned-blink-w8-normal-d0db2026	prefix-027	535
planned-blink	8	d0db2026	planned-blink-w8-normal-d0db2026	prefix-028	544
planned-blink	8	d0db2026	planned-blink-w8-normal-d0db2026	prefix-029	553
planned-blink	8	d0db2026	planned-blink-w8-normal-d0db2026	prefix-030	562
planned-blink	8	d0db2026	planned-blink-w8-normal-d0db2026	prefix-031	571
planned-blink	8	d0db2026	planned-blink-w8-normal-d0db2026	prefix-032	580
planned-blink	8	d0db2026	planned-blink-w8-normal-d0db2026	prefix-033	589
planned-blink	8	d0db2026	planned-blink-w8-normal-d0db2026	prefix-034	598
planned-blink	8	d0db2026	planned-blink-w8-normal-d0db2026	prefix-035	607
planned-blink	8	d0db2026	planned-blink-w8-normal-d0db2026	prefix-036	616
planned-blink	8	d0db2026	planned-blink-w8-normal-d0db2026	prefix-037	625
planned-blink	8	d0db2026	planned-blink-w8-normal-d0db2026	prefix-038	634
planned-blink	8	d0db2026	planned-blink-w8-normal-d0db2026	prefix-039	643
planned-blink	8	d0db2026	planned-blink-w8-normal-d0db2026	prefix-040	652
planned-blink	8	d0db2026	planned-blink-w8-normal-d0db2026	prefix-041	661
planned-blink	8	d0db2026	planned-blink-w8-normal-d0db2026	prefix-042	670
planned-blink	8	d0db2026	planned-blink-w8-normal-d0db2026	prefix-043	679
planned-blink	8	d0db2026	planned-blink-w8-normal-d0db2026	prefix-044	688
planned-blink	8	d0db2026	planned-blink-w8-normal-d0db2026	prefix-045	697
planned-blink	8	d0db2026	planned-blink-w8-normal-d0db2026	prefix-046	706
planned-blink	8	d0db2026	planned-blink-w8-normal-d0db2026	prefix-047	715
planned-blink	8	d0db2026	planned-blink-w8-normal-d0db2026	prefix-048	724
planned-blink	8	d0db2026	planned-blink-w8-normal-d0db2026	prefix-049	733
planned-blink	8	d0db2026	planned-blink-w8-normal-d0db2026	prefix-050	742
planned-blink	8	d0db2026	planned-blink-w8-normal-d0db2026	prefix-051	751
planned-blink	8	d0db2026	planned-blink-w8-normal-d0db2026	prefix-052	760
planned-blink	8	d0db2026	planned-blink-w8-normal-d0db2026	prefix-053	769
planned-blink	8	d0db2026	planned-blink-w8-normal-d0db2026	prefix-054	778
planned-blink	8	d0db2026	planned-blink-w8-normal-d0db2026	prefix-055	787
planned-blink	8	d0db2026	planned-blink-w8-normal-d0db2026	prefix-056	796
planned-blink	8	d0db2026	planned-blink-w8-normal-d0db2026	prefix-057	805
planned-blink	8	d0db2026	planned-blink-w8-normal-d0db2026	prefix-058	814
planned-blink	8	d0db2026	planned-blink-w8-normal-d0db2026	prefix-059	823
planned-blink	8	d0db2026	planned-blink-w8-normal-d0db2026	prefix-060	832
planned-blink	8	d0db2026	planned-blink-w8-normal-d0db2026	prefix-061	841
planned-blink	8	d0db2026	planned-blink-w8-normal-d0db2026	prefix-062	850
planned-blink	8	d0db2026	planned-blink-w8-normal-d0db2026	prefix-063	859
planned-blink	8	d0db2026	planned-blink-w8-normal-d0db2026	prefix-064	868
planned-blink	8	d0db2026	planned-blink-w8-normal-d0db2026	prefix-065	877
planned-blink	8	d0db2026	planned-blink-w8-normal-d0db2026	prefix-066	886
planned-blink	8	d0db2026	planned-blink-w8-normal-d0db2026	prefix-067	895
planned-blink	8	d0db2026	planned-blink-w8-normal-d0db2026	prefix-068	904
planned-blink	8	d0db2026	planned-blink-w8-normal-d0db2026	prefix-069	913
planned-blink	8	d0db2026	planned-blink-w8-normal-d0db2026	prefix-070	922
planned-blink	8	d0db2026	planned-blink-w8-normal-d0db2026	prefix-071	931
planned-blink	8	d0db2026	planned-blink-w8-normal-d0db2026	prefix-072	940
planned-blink	8	d0db2026	planned-blink-w8-normal-d0db2026	prefix-073	949
planned-blink	8	d0db2026	planned-blink-w8-normal-d0db2026	prefix-074	958
planned-blink	8	d0db2026	planned-blink-w8-normal-d0db2026	prefix-075	967
planned-blink	8	d0db2026	planned-blink-w8-normal-d0db2026	prefix-076	976
planned-blink	8	d0db2026	planned-blink-w8-normal-d0db2026	prefix-077	985
planned-blink	8	d0db2026	planned-blink-w8-normal-d0db2026	prefix-078	994
planned-blink	8	d0db2026	planned-blink-w8-normal-d0db2026	prefix-079	1003
planned-blink	8	d0db2026	planned-blink-w8-normal-d0db2026	prefix-080	1012
planned-blink	8	d0db2026	planned-blink-w8-normal-d0db2026	prefix-081	1021
planned-blink	8	d0db2026	planned-blink-w8-normal-d0db2026	prefix-082	1030
planned-blink	8	d0db2026	planned-blink-w8-normal-d0db2026	prefix-083	1039
planned-blink	8	d0db2026	planned-blink-w8-normal-d0db2026	prefix-084	1048
planned-blink	8	d0db2026	planned-blink-w8-normal-d0db2026	prefix-085	1057
planned-blink	8	d0db2026	planned-blink-w8-normal-d0db2026	prefix-086	1066
planned-blink	8	d0db2026	planned-blink-w8-normal-d0db2026	prefix-087	1075
planned-blink	8	d0db2026	planned-blink-w8-normal-d0db2026	prefix-088	1084
planned-blink	8	d0db2026	planned-blink-w8-normal-d0db2026	prefix-089	1093
planned-blink	8	d0db2026	planned-blink-w8-normal-d0db2026	prefix-090	1102
planned-blink	8	d0db2026	planned-blink-w8-normal-d0db2026	prefix-091	1111
planned-blink	8	d0db2026	planned-blink-w8-normal-d0db2026	prefix-092	1120
planned-blink	8	d0db2026	planned-blink-w8-normal-d0db2026	prefix-093	1129
planned-blink	8	d0db2026	planned-blink-w8-normal-d0db2026	prefix-094	1138
planned-blink	8	d0db2026	planned-blink-w8-normal-d0db2026	prefix-095	1147
planned-blink	8	d0db2026	planned-blink-w8-normal-d0db2026	prefix-096	1156
planned-blink	8	d0db2026	planned-blink-w8-normal-d0db2026	prefix-097	1165
planned-blink	8	d0db2026	planned-blink-w8-normal-d0db2026	prefix-098	1174
planned-blink	8	d0db2026	planned-blink-w8-normal-d0db2026	prefix-099	1183
planned-blink	8	d0db2026	planned-blink-w8-normal-d0db2026	prefix-100	1192
planned-blink	8	d0db2026	planned-blink-w8-normal-d0db2026	prefix-101	1201
planned-blink	8	d0db2026	planned-blink-w8-normal-d0db2026	prefix-102	1210
planned-blink	8	d0db2026	planned-blink-w8-normal-d0db2026	prefix-103	1219
planned-blink	8	d0db2026	planned-blink-w8-normal-d0db2026	prefix-104	1228
planned-blink	8	d0db2026	planned-blink-w8-normal-d0db2026	prefix-105	1237
planned-blink	8	d0db2026	planned-blink-w8-normal-d0db2026	prefix-106	1246
planned-blink	8	d0db2026	planned-blink-w8-normal-d0db2026	prefix-107	1255
planned-blink	8	d0db2026	planned-blink-w8-normal-d0db2026	prefix-108	1264
planned-blink	8	d0db2026	planned-blink-w8-normal-d0db2026	prefix-109	1273
planned-blink	8	d0db2026	planned-blink-w8-normal-d0db2026	prefix-110	1282
planned-blink	8	d0db2026	planned-blink-w8-normal-d0db2026	prefix-111	1291
planned-blink	8	d0db2026	planned-blink-w8-normal-d0db2026	prefix-112	1300
planned-blink	8	d0db2026	planned-blink-w8-normal-d0db2026	prefix-113	1309
planned-blink	8	d0db2026	planned-blink-w8-normal-d0db2026	prefix-114	1318
planned-blink	8	d0db2026	planned-blink-w8-normal-d0db2026	prefix-115	1327
planned-blink	8	d0db2026	planned-blink-w8-normal-d0db2026	prefix-116	1336
planned-blink	8	d0db2026	planned-blink-w8-normal-d0db2026	prefix-117	1345
planned-blink	8	d0db2026	planned-blink-w8-normal-d0db2026	prefix-118	1354
planned-blink	8	d0db2026	planned-blink-w8-normal-d0db2026	prefix-119	1363
planned-blink	8	d0db2026	planned-blink-w8-normal-d0db2026	prefix-120	1372
planned-blink	8	d0db2026	planned-blink-w8-normal-d0db2026	prefix-121	1381
planned-blink	8	d0db2026	planned-blink-w8-normal-d0db2026	prefix-122	1390
planned-blink	8	d0db2026	planned-blink-w8-normal-d0db2026	prefix-123	1399
planned-blink	8	d0db2026	planned-blink-w8-normal-d0db2026	prefix-124	1408
planned-blink	8	d0db2026	planned-blink-w8-normal-d0db2026	prefix-125	1417
planned-blink	8	d0db2026	planned-blink-w8-normal-d0db2026	prefix-126	1426
planned-blink	8	d0db2026	planned-blink-w8-normal-d0db2026	prefix-127	1435
planned-blink	8	d0db2026	planned-blink-w8-normal-d0db2026	target	1444
planned-blink	8	d0db2026	planned-blink-w8-normal-d0db2026	post-recovery	1446
